sku_id,operator,category,price,unit_cost,initial_stock,reorder_point,purchase_lead_time_days,sold_units,gross_sales,discount_amount,net_sales,cogs,return_units,refund_amount,average_inventory,ending_inventory,inbound_units,stockout_units,net_sales_after_refund,gross_profit,gross_margin_rate,return_rate,sell_through_rate,inventory_turnover,days_of_inventory,stockout_rate,inventory_status,recommended_action,is_simulated,simulation_seed,weekly_demand_mean,weekly_demand_std,demand_cv,xyz_class,line_count,order_count,cancelled_line_count,sold_quantity_requested,average_discount_rate,cancelled_line_rate,after_sales_case_count,resolution_days_mean,sales_share,cumulative_sales_share,abc_class,abc_xyz_class,average_inventory_value,gmroi,lost_sales_value_proxy,net_revenue_per_sold_unit,operating_action
归溟幽灵鲨-手办模玩,归溟幽灵鲨,手办模玩,699.0,433.38,64,54,90,62,43338.0,1712.55,41625.45,26869.56,3.0,2097.0,35.13333333333333,3,0,0,39528.45,12658.889999999996,0.3202475685234305,0.0483870967741935,0.96875,1.7647058823529411,4.354838709677419,0.0,replenish_now,立即补货,True,20260903,4.769230769230769,2.1273554065179203,0.4460583916892414,X,48,48,2,64,0.0375,0.041666666666666664,3.0,4.333333333333333,0.03312896439054018,0.03312896439054018,A,AX,15226.083999999999,0.8313949929607637,0.0,637.5556451612903,核心稳定SKU：滚动补货
新约能天使-手办模玩,新约能天使,手办模玩,699.0,433.38,72,61,90,55,38445.0,1363.0500000000002,37081.95,23835.9,4.0,2097.0,44.15555555555556,20,0,0,34984.95,11149.049999999996,0.3186813186813186,0.0727272727272727,0.7638888888888888,1.245596376446905,32.72727272727273,0.0,replenish_now,立即补货,True,20260903,4.230769230769231,2.24179415327122,0.5298786180459246,Y,50,50,0,55,0.037000000000000005,0.0,4.0,3.25,0.029321037449098784,0.06245000183963896,A,AY,19136.13466666667,0.5826176599509714,0.0,636.0899999999999,常规监控
凯尔希·思衡托-手办模玩,凯尔希·思衡托,手办模玩,699.0,433.38,71,60,90,48,33552.0,873.7500000000001,32678.25,20802.24,0.0,0.0,48.06666666666667,24,0,0,32678.25,11876.009999999998,0.363422459893048,0.0,0.676056338028169,0.9986130374479888,45.0,0.0,replenish_now,立即补货,True,20260903,3.6153846153846154,1.757766648262388,0.48619077505129876,X,43,43,3,52,0.025581395348837212,0.06976744186046512,,,0.027387782232674688,0.08983778407231365,A,AX,20831.132,0.5701087199677866,0.0,680.796875,核心稳定SKU：滚动补货
纯烬艾雅法拉-手办模玩,纯烬艾雅法拉,手办模玩,699.0,433.38,65,55,90,46,32154.0,1293.15,30860.85,19935.48,4.0,2796.0,41.75555555555555,24,0,0,28064.85,8129.369999999999,0.2896637608966376,0.0869565217391304,0.7076923076923077,1.101649813730708,46.95652173913044,0.0,high_return,暂停扩量并复盘质量与详情页,True,20260903,3.3076923076923075,2.42846369077981,0.7341866972125007,Y,39,39,0,46,0.03717948717948718,0.0,4.0,3.75,0.023521271799826497,0.11335905587214014,A,AY,18096.022666666664,0.4492351800030902,0.0,610.1054347826087,售后风险：复核质量、包装与详情页承诺
缪尔赛思-手办模玩,缪尔赛思,手办模玩,699.0,433.38,62,52,90,41,28659.0,908.7,27750.3,17768.579999999998,2.0,0.0,40.44444444444444,23,0,0,27750.3,9981.72,0.3596977329974811,0.048780487804878,0.6612903225806451,1.0137362637362637,50.487804878048784,0.0,replenish_now,立即补货,True,20260903,3.1538461538461537,2.3038429433649132,0.7304867869205822,Y,38,38,0,41,0.034210526315789476,0.0,2.0,4.5,0.02325764608849594,0.13661670196063608,A,AY,17527.81333333333,0.5694789081885856,0.0,676.8365853658537,常规监控
赤刃明霄陈-手办模玩,赤刃明霄陈,手办模玩,699.0,433.38,65,55,90,44,30756.0,1258.2,29497.8,19068.72,3.0,2097.0,41.15555555555556,21,0,0,27400.8,8332.079999999998,0.3040816326530611,0.0681818181818181,0.676923076923077,1.0691144708423326,42.95454545454545,0.0,replenish_now,立即补货,True,20260903,3.3846153846153846,2.1809195896250406,0.6443626060255802,Y,40,40,0,44,0.04125,0.0,3.0,5.666666666666667,0.022964728631461984,0.15958143059209806,A,AY,17835.99466666667,0.4671497247962097,0.0,622.7454545454545,常规监控
佩佩-手办模玩,佩佩,手办模玩,699.0,433.38,52,44,90,45,31455.0,1363.0500000000002,30091.95,19502.1,5.0,2796.0,31.366666666666667,11,0,0,27295.95,7793.850000000002,0.2855313700384124,0.1111111111111111,0.8653846153846154,1.434643995749203,22.0,0.0,high_return,暂停扩量并复盘质量与详情页,True,20260903,3.4615384615384617,1.5063966175050876,0.43518124505702527,X,40,40,0,45,0.04,0.0,5.0,3.2,0.0228768533943518,0.18245828398644987,A,AX,13593.686,0.5733433889822085,0.0,606.5766666666667,售后风险：复核质量、包装与详情页承诺
荒芜拉普兰德-手办模玩,荒芜拉普兰德,手办模玩,699.0,433.38,62,52,90,44,30756.0,803.85,29952.15,19068.72,5.0,2796.0,42.91111111111111,22,0,0,27156.15,8087.429999999997,0.2978120978120977,0.1136363636363636,0.7096774193548387,1.025375453133092,45.0,0.0,high_return,暂停扩量并复盘质量与详情页,True,20260903,3.3076923076923075,2.323238235187235,0.7023743501728851,Y,37,37,0,44,0.02972972972972973,0.0,5.0,3.6,0.022759686411538218,0.2052179703979881,A,AY,18596.817333333332,0.43488247774009775,0.0,617.1852272727273,售后风险：复核质量、包装与详情页承诺
予愿安洁莉娜-手办模玩,予愿安洁莉娜,手办模玩,699.0,433.38,65,55,90,43,30057.0,1223.25,28833.75,18635.34,4.0,2796.0,48.6,24,0,0,26037.75,7402.41,0.2842953020134228,0.0930232558139534,0.6615384615384615,0.8847736625514403,50.23255813953488,0.0,high_return,暂停扩量并复盘质量与详情页,True,20260903,3.3076923076923075,2.0970064133034736,0.6339786830917479,Y,42,42,3,46,0.04523809523809524,0.07142857142857142,4.0,3.75,0.021822350549029566,0.22704032094701765,A,AY,21062.268,0.3514536041417762,0.0,605.5290697674419,售后风险：复核质量、包装与详情页承诺
真言-手办模玩,真言,手办模玩,699.0,433.38,58,49,90,40,27960.0,1328.1,26631.9,17335.2,1.0,699.0,38.66666666666666,19,0,0,25932.9,8597.699999999997,0.3315363881401616,0.025,0.6896551724137931,1.0344827586206895,42.75,0.0,replenish_now,立即补货,True,20260903,3.0,1.5275252316519468,0.5091750772173156,Y,36,36,1,41,0.04861111111111111,0.027777777777777776,1.0,2.0,0.02173447531191938,0.24877479625893703,A,AY,16757.359999999997,0.5130700778642936,0.0,648.3225,常规监控
维娜·维多利亚-手办模玩,维娜·维多利亚,手办模玩,699.0,433.38,65,55,90,41,28659.0,1328.1,27330.9,17768.579999999998,3.0,2097.0,47.53333333333333,27,0,0,25233.9,7465.320000000003,0.2958448753462605,0.073170731707317,0.6307692307692307,0.8625525946704067,59.26829268292683,0.0,replenish_now,立即补货,True,20260903,3.1538461538461537,1.7722938923964167,0.5619468439305711,Y,38,38,1,43,0.048684210526315795,0.02631578947368421,3.0,4.333333333333333,0.021148640397851474,0.26992343665678853,A,AY,20599.996,0.3623942451250963,0.0,615.4609756097561,常规监控
贝洛内-手办模玩,贝洛内,手办模玩,699.0,433.38,57,48,90,41,28659.0,1188.3,27470.7,17768.579999999998,6.0,2796.0,36.8,20,0,0,24674.7,6906.120000000003,0.279886685552408,0.1463414634146341,0.7192982456140351,1.1141304347826086,43.90243902439025,0.0,high_return,暂停扩量并复盘质量与详情页,True,20260903,3.1538461538461537,1.5730095277394143,0.4987591185515216,X,42,42,3,44,0.04047619047619048,0.07142857142857142,6.0,4.333333333333333,0.020679972466597144,0.29060340912338567,A,AX,15948.383999999998,0.433029453015428,0.0,601.8219512195122,售后风险：复核质量、包装与详情页承诺
死芒-手办模玩,死芒,手办模玩,699.0,433.38,58,49,90,38,26562.0,1258.2,25303.8,16468.44,2.0,699.0,36.51111111111111,21,0,0,24604.8,8136.360000000001,0.3306818181818182,0.0526315789473684,0.6551724137931034,1.0407790626902007,49.73684210526316,0.0,replenish_now,立即补货,True,20260903,2.923076923076923,2.0191391920625676,0.6907581446529837,Y,37,37,3,41,0.041891891891891894,0.08108108108108109,2.0,6.0,0.020621388975190353,0.311224798098576,A,AY,15823.185333333335,0.5142049358961773,0.0,647.4947368421052,常规监控
Mon3tr-手办模玩,Mon3tr,手办模玩,699.0,433.38,63,53,90,39,27261.0,978.6,26282.4,16901.82,3.0,2097.0,41.31111111111111,26,0,0,24185.4,7283.580000000002,0.3011560693641619,0.0769230769230769,0.6190476190476191,0.944055944055944,60.0,0.0,replenish_now,立即补货,True,20260903,3.0,1.8257418583505538,0.6085806194501846,Y,32,32,0,39,0.0375,0.0,2.0,4.0,0.02026988802674961,0.3314946861253256,A,AY,17903.409333333333,0.40682642419615134,0.0,620.1384615384616,常规监控
娜斯提-手办模玩,娜斯提,手办模玩,699.0,433.38,52,44,90,38,26562.0,1153.35,25408.65,16468.44,2.0,1398.0,31.11111111111111,16,0,0,24010.65,7542.210000000003,0.3141193595342068,0.0526315789473684,0.7307692307692307,1.2214285714285713,37.89473684210526,0.0,replenish_now,立即补货,True,20260903,2.769230769230769,2.27866357593825,0.8228507357554792,Y,36,36,2,41,0.043055555555555555,0.05555555555555555,2.0,3.0,0.020123429298232635,0.35161811542355825,A,AY,13482.933333333332,0.5593894009216592,0.0,631.8592105263158,常规监控
斩业星熊-手办模玩,斩业星熊,手办模玩,699.0,433.38,56,47,90,40,27960.0,1293.15,26666.85,17335.2,4.0,2796.0,38.58888888888889,20,0,0,23870.85,6535.649999999998,0.2737920937042459,0.1,0.7142857142857143,1.0365678088108266,45.0,0.0,high_return,暂停扩量并复盘质量与详情页,True,20260903,3.0,1.957890020745122,0.6526300069150407,Y,37,37,1,41,0.0445945945945946,0.02702702702702703,4.0,3.5,0.02000626231541905,0.3716243777389773,A,AY,16723.652666666665,0.39080278275730745,0.0,596.77125,售后风险：复核质量、包装与详情页承诺
怒潮凛冬-手办模玩,怒潮凛冬,手办模玩,699.0,433.38,52,44,90,36,25164.0,768.9000000000001,24395.1,15601.68,2.0,699.0,33.87777777777778,18,0,0,23696.1,8094.419999999998,0.3415929203539822,0.0555555555555555,0.6923076923076923,1.0626434896687438,45.0,0.0,replenish_now,立即补货,True,20260903,2.769230769230769,1.7867030229749128,0.6451983138520518,Y,31,31,1,37,0.030645161290322583,0.03225806451612903,2.0,3.0,0.019859803586902074,0.39148418132587937,A,AY,14681.951333333334,0.5513177244786761,0.0,658.2249999999999,常规监控
重岳-手办模玩,重岳,手办模玩,699.0,433.38,62,52,90,36,25164.0,1258.2,23905.8,15601.68,1.0,699.0,42.4,26,0,0,23206.8,7605.119999999999,0.3277108433734939,0.0277777777777777,0.5806451612903226,0.849056603773585,65.0,0.0,replenish_now,立即补货,True,20260903,2.769230769230769,1.7394369852458083,0.6281300224498753,Y,35,35,0,36,0.05142857142857143,0.0,1.0,4.0,0.01944971914705454,0.4109339004729339,A,AY,18375.311999999998,0.4138770541692027,0.0,644.6333333333333,常规监控
司霆惊蛰-手办模玩,司霆惊蛰,手办模玩,699.0,433.38,57,48,90,39,27261.0,1083.45,26177.55,16901.82,5.0,3495.0,39.11111111111112,22,0,0,22682.55,5780.73,0.2548536209553159,0.1282051282051282,0.6842105263157895,0.9971590909090908,50.76923076923077,0.0,high_return,暂停扩量并复盘质量与详情页,True,20260903,2.8461538461538463,2.6409011670940994,0.9278841938438728,Y,39,39,2,41,0.03974358974358975,0.05128205128205128,5.0,2.6,0.019010342961503605,0.4299442434344375,A,AY,16949.97333333334,0.34104655425219926,0.0,581.6038461538461,售后风险：复核质量、包装与详情页承诺
凛御银灰-手办模玩,凛御银灰,手办模玩,699.0,433.38,64,54,90,35,24465.0,1118.4,23346.6,15168.3,1.0,699.0,48.25555555555555,31,0,0,22647.6,7479.299999999999,0.3302469135802469,0.0285714285714285,0.546875,0.7253050886483997,79.71428571428571,0.0,replenish_now,立即补货,True,20260903,2.5384615384615383,1.7614096918559585,0.693888666488711,Y,36,36,3,39,0.04861111111111111,0.08333333333333333,1.0,3.0,0.01898105121580021,0.44892529465023767,A,AY,20912.992666666665,0.3576389146791648,0.0,647.0742857142857,常规监控
酒神-手办模玩,酒神,手办模玩,699.0,433.38,56,47,90,35,24465.0,908.7,23556.3,15168.3,3.0,2097.0,36.04444444444445,23,0,0,21459.3,6291.0,0.2931596091205212,0.0857142857142857,0.625,0.971023427866831,59.14285714285714,0.0,high_return,暂停扩量并复盘质量与详情页,True,20260903,2.6923076923076925,2.0568833780186058,0.7639852546926249,Y,32,32,1,37,0.037500000000000006,0.03125,3.0,3.3333333333333335,0.01798513186188477,0.46691042651212245,A,AY,15620.941333333336,0.40272861063601284,0.0,613.1228571428571,售后风险：复核质量、包装与详情页承诺
缇缇-手办模玩,缇缇,手办模玩,699.0,433.38,49,41,90,34,23766.0,1013.55,22752.45,14734.92,2.0,1398.0,33.144444444444446,15,0,0,21354.45,6619.530000000001,0.3099836333878887,0.0588235294117647,0.6938775510204082,1.0258129399932954,39.70588235294117,0.0,replenish_now,立即补货,True,20260903,2.6153846153846154,1.6092680291808414,0.615308364098557,Y,29,29,1,35,0.048275862068965524,0.034482758620689655,2.0,1.5,0.017897256624774583,0.48480768313689704,A,AY,14364.139333333334,0.46083721734992916,0.0,628.0720588235295,常规监控
谬因-手办模玩,谬因,手办模玩,699.0,433.38,51,43,90,32,22368.0,1013.55,21354.45,13868.16,2.0,1398.0,32.766666666666666,22,0,0,19956.45,6088.290000000001,0.3050788091068301,0.0625,0.6274509803921569,0.9766022380467956,61.875,0.0,replenish_now,立即补货,True,20260903,2.3076923076923075,2.8978329657583606,1.2557276184952897,Z,31,31,1,33,0.041935483870967745,0.03225806451612903,2.0,4.0,0.01672558679663877,0.5015332699335358,A,AZ,14200.418,0.4287401962392939,0.0,623.6390625,核心波动SKU：小批量高频补货
黍-手办模玩,黍,手办模玩,699.0,433.38,65,55,90,35,24465.0,1258.2,23206.8,15168.3,5.0,3495.0,49.02222222222223,32,0,0,19711.8,4543.5,0.2304964539007092,0.1428571428571428,0.5384615384615384,0.713961922030825,82.28571428571428,0.0,high_return,暂停扩量并复盘质量与详情页,True,20260903,2.6153846153846154,1.8045526471705549,0.6899760121534474,Y,35,35,3,38,0.047142857142857146,0.08571428571428572,5.0,4.6,0.016520544576715,0.5180538145102508,A,AY,21245.25066666667,0.2138595618986342,0.0,563.1942857142857,售后风险：复核质量、包装与详情页承诺
缄默德克萨斯-手办模玩,缄默德克萨斯,手办模玩,699.0,433.38,59,50,90,32,22368.0,594.1500000000001,21773.85,13868.16,3.0,2097.0,46.12222222222222,30,0,0,19676.85,5808.689999999999,0.2952042628774422,0.09375,0.5423728813559322,0.693808720790171,84.375,0.0,high_return,暂停扩量并复盘质量与详情页,True,20260903,2.3076923076923075,1.7504578155735613,0.7585317200818766,Y,31,31,3,36,0.02741935483870968,0.0967741935483871,3.0,4.0,0.0164912528310116,0.5345450673412624,A,AY,19988.448666666667,0.290602342226125,0.0,614.9015625,售后风险：复核质量、包装与详情页承诺
塑心-手办模玩,塑心,手办模玩,699.0,433.38,52,44,90,29,20271.0,699.0,19572.0,12568.02,2.0,699.0,37.08888888888889,24,0,0,18873.0,6304.98,0.334074074074074,0.0689655172413793,0.5576923076923077,0.7819053325344518,74.48275862068965,0.0,replenish_now,立即补货,True,20260903,2.230769230769231,1.1657505560686465,0.5225778354790485,Y,29,29,3,32,0.03620689655172414,0.10344827586206896,2.0,4.0,0.01581754267983351,0.5503626100210959,A,AY,16073.582666666667,0.39225729140493626,0.0,650.7931034482758,常规监控
焰狐龙梓兰-手办模玩,焰狐龙梓兰,手办模玩,699.0,433.38,65,55,90,34,23766.0,838.8000000000001,22927.2,14734.92,8.0,4194.0,51.54444444444445,36,0,0,18733.2,3998.2800000000007,0.2134328358208955,0.2352941176470588,0.5230769230769231,0.6596249191636129,95.29411764705884,0.0,high_return,暂停扩量并复盘质量与详情页,True,20260903,2.6153846153846154,1.7097008285302209,0.6537091403203785,Y,34,34,3,37,0.03529411764705883,0.08823529411764706,8.0,4.0,0.01570037569701993,0.5660629857181159,A,AY,22338.331333333335,0.1789874069077735,0.0,550.9764705882353,售后风险：复核质量、包装与详情页承诺
余-手办模玩,余,手办模玩,699.0,433.38,57,48,90,31,21669.0,873.75,20795.25,13434.78,9.0,3495.0,42.78888888888889,32,0,0,17300.25,3865.4699999999993,0.2234343434343434,0.2903225806451613,0.543859649122807,0.7244871461957932,92.90322580645162,0.0,high_return,暂停扩量并复盘质量与详情页,True,20260903,2.3846153846153846,1.5566235649883124,0.6527776240273568,Y,29,29,2,33,0.041379310344827586,0.06896551724137931,9.0,4.444444444444445,0.014499414123180718,0.5805623998412965,A,AY,18543.84866666667,0.20845025590336816,0.0,558.0725806451613,售后风险：复核质量、包装与详情页承诺
结城理-手办模玩,结城理,手办模玩,699.0,433.38,59,50,90,25,17475.0,454.35,17020.65,10834.5,3.0,2097.0,48.7,36,0,0,14923.65,4089.1500000000015,0.2740046838407495,0.12,0.423728813559322,0.513347022587269,129.6,0.0,high_return,暂停扩量并复盘质量与详情页,True,20260903,1.9230769230769231,1.3204505835470495,0.6866343034444657,Y,27,27,2,28,0.024074074074074074,0.07407407407407407,3.0,4.0,0.01250757541534983,0.5930699752566464,A,AY,21105.606,0.19374710207325965,0.0,596.946,售后风险：复核质量、包装与详情页承诺
望-手办模玩,望,手办模玩,699.0,433.38,59,50,90,20,13980.0,349.5,13630.5,8667.6,0.0,0.0,46.46666666666667,39,0,0,13630.5,4962.9,0.3641025641025641,0.0,0.3389830508474576,0.430416068866571,175.5,0.0,healthy,维持现有补货节奏,True,20260903,1.5384615384615385,1.0500305245868342,0.6825198409814422,Y,22,22,2,22,0.029545454545454545,0.09090909090909091,,,0.011423780824324202,0.6044937560809706,A,AY,20137.724000000002,0.24644791039940755,0.0,681.525,常规监控
凯尔希·思衡托-毛绒玩偶,凯尔希·思衡托,毛绒玩偶,128.0,61.44,38,30,40,58,7424.0,262.40000000000003,7161.6,3563.52,1.0,128.0,21.977777777777774,11,30,0,7033.6,3470.0800000000004,0.4933575978161966,0.0172413793103448,0.8529411764705882,2.639029322548028,17.068965517241377,0.0,replenish_now,立即补货,True,20260903,4.461538461538462,2.0662116951635836,0.463116414433217,X,55,55,1,59,0.034545454545454546,0.01818181818181818,1.0,5.0,0.005894890488681025,0.6103886465696515,A,AX,1350.3146666666664,2.5698306370070787,0.0,121.26896551724138,核心稳定SKU：滚动补货
死芒-毛绒玩偶,死芒,毛绒玩偶,128.0,61.44,34,26,40,53,6784.0,204.8,6579.2,3256.32,5.0,512.0,20.53333333333333,11,26,0,6067.2,2810.88,0.4632911392405063,0.0943396226415094,0.8833333333333333,2.581168831168831,18.67924528301887,0.0,high_return,暂停扩量并复盘质量与详情页,True,20260903,4.076923076923077,2.6913917855989946,0.6601527021280553,Y,47,47,0,53,0.031914893617021274,0.0,5.0,5.6,0.005084946481592003,0.6154735930512435,A,AY,1261.5679999999998,2.228084415584416,0.0,114.47547169811321,售后风险：复核质量、包装与详情页承诺
黍-毛绒玩偶,黍,毛绒玩偶,128.0,61.44,36,28,40,49,6272.0,211.2,6060.8,3010.56,1.0,128.0,24.7,19,27,0,5932.8,2922.24,0.4925566343042071,0.0204081632653061,0.7777777777777778,1.9838056680161944,34.89795918367347,0.0,replenish_now,立即补货,True,20260903,3.4615384615384617,2.1453587351685734,0.6197703012709211,Y,48,48,2,52,0.03333333333333333,0.041666666666666664,1.0,5.0,0.004972305262063066,0.6204458983133065,A,AY,1517.568,1.9256072874493926,0.0,121.07755102040817,常规监控
荒芜拉普兰德-毛绒玩偶,荒芜拉普兰德,毛绒玩偶,128.0,61.44,34,26,40,50,6400.0,224.0,6176.0,3072.0,2.0,256.0,20.544444444444444,11,26,0,5920.0,2848.0,0.4810810810810811,0.04,0.8333333333333334,2.43374797187669,19.8,0.0,replenish_now,立即补货,True,20260903,3.8461538461538463,1.7722938923964167,0.4607964120230683,X,48,48,2,52,0.0375,0.041666666666666664,2.0,5.0,0.004961577526869834,0.6254074758401764,A,AX,1262.2506666666666,2.2562871822606816,0.0,118.4,核心稳定SKU：滚动补货
凛御银灰-日用生活,凛御银灰,日用生活,99.0,45.54,31,23,30,60,5940.0,153.45,5786.55,2732.4,3.0,297.0,14.855555555555556,22,48,1,5489.55,2757.15,0.5022542831379622,0.05,0.759493670886076,4.038893044128646,33.0,0.0163934426229508,replenish_now,立即补货,True,20260903,4.615384615384615,2.5670495884855025,0.5561940775051922,Y,51,51,0,60,0.027450980392156866,0.0,3.0,5.333333333333333,0.004600815525781807,0.6300082913659583,A,AY,676.522,4.075477220253,99.0,91.4925,常规监控
新约能天使-日用生活,新约能天使,日用生活,99.0,45.54,33,25,30,60,5940.0,272.25,5667.75,2732.4,4.0,297.0,17.522222222222222,26,51,0,5370.75,2638.35,0.4912442396313364,0.0666666666666666,0.7142857142857143,3.4242232086239697,39.0,0.0,healthy,维持现有补货节奏,True,20260903,4.615384615384615,2.6626572422569885,0.5769090691556809,Y,54,54,3,63,0.04722222222222223,0.05555555555555555,3.0,1.6666666666666667,0.004501248733519622,0.6345095400994779,A,AY,797.962,3.306360453254666,0.0,89.5125,常规监控
予愿安洁莉娜-毛绒玩偶,予愿安洁莉娜,毛绒玩偶,128.0,61.44,36,28,40,47,6016.0,358.40000000000003,5657.6,2887.68,3.0,384.0,21.266666666666666,20,29,0,5273.6,2385.9200000000005,0.4524271844660195,0.0638297872340425,0.7230769230769231,2.2100313479623828,38.29787234042553,0.0,replenish_now,立即补货,True,20260903,3.6153846153846154,2.0223114472661203,0.5593627407331823,Y,40,40,2,50,0.057499999999999996,0.05,3.0,3.0,0.004419826899611614,0.6389293669990895,A,AY,1306.6239999999998,1.82601880877743,0.0,112.20425531914894,常规监控
凛御银灰-毛绒玩偶,凛御银灰,毛绒玩偶,128.0,61.44,35,27,40,47,6016.0,198.4,5817.6,2887.68,6.0,640.0,21.122222222222224,19,28,0,5177.6,2289.9200000000005,0.442274412855377,0.1276595744680851,0.746031746031746,2.225144660704892,36.38297872340425,0.0,high_return,暂停扩量并复盘质量与详情页,True,20260903,3.6153846153846154,2.4337372337779035,0.6731613625343137,Y,44,44,1,48,0.030681818181818185,0.022727272727272728,5.0,5.0,0.004339368885662374,0.6432687358847519,A,AY,1297.7493333333334,1.7645318253550766,0.0,110.16170212765958,售后风险：复核质量、包装与详情页承诺
缇缇-毛绒玩偶,缇缇,毛绒玩偶,128.0,61.44,30,22,40,45,5760.0,236.8,5523.2,2764.8,4.0,384.0,18.0,13,24,2,5139.2,2374.4,0.4620174346201743,0.0888888888888888,0.8333333333333334,2.5,26.0,0.0425531914893617,stockout_risk,提高安全库存并缩短补货周期,True,20260903,3.4615384615384617,2.9612887007569473,0.8554834024408958,Y,38,38,0,45,0.042105263157894736,0.0,4.0,4.25,0.0043071856800826775,0.6475759215648346,A,AY,1105.92,2.1469907407407405,256.0,114.20444444444443,缺货风险：提高安全库存并复核交期
Mon3tr-毛绒玩偶,Mon3tr,毛绒玩偶,128.0,61.44,34,26,40,43,5504.0,115.2,5388.8,2641.92,2.0,256.0,24.38888888888889,19,26,0,5132.8,2490.88,0.485286783042394,0.0465116279069767,0.7166666666666667,1.7630979498861048,39.76744186046511,0.0,replenish_now,立即补货,True,20260903,3.230769230769231,1.8776690404970269,0.581183274439556,Y,37,37,0,43,0.024324324324324326,0.0,2.0,4.0,0.004301821812486062,0.6518777433773206,A,AY,1498.4533333333334,1.6623006833712983,0.0,119.36744186046512,常规监控
余-毛绒玩偶,余,毛绒玩偶,128.0,61.44,33,25,40,41,5248.0,243.2,5004.8,2519.04,0.0,0.0,20.9,18,25,0,5004.8,2485.76,0.4966751918158568,0.0,0.7068965517241379,1.9617224880382775,39.51219512195122,0.0,replenish_now,立即补货,True,20260903,3.076923076923077,1.8009968749527976,0.5853239843596592,Y,39,39,2,43,0.04487179487179487,0.05128205128205128,,,0.004194544460553741,0.6560722878378744,A,AY,1284.0959999999998,1.9358054226475285,0.0,122.06829268292684,常规监控
谬因-毛绒玩偶,谬因,毛绒玩偶,128.0,61.44,31,23,40,42,5376.0,211.2,5164.8,2580.48,2.0,256.0,20.377777777777776,19,27,0,4908.8,2328.32,0.4743155149934811,0.0476190476190476,0.7241379310344828,2.0610687022900764,40.71428571428572,0.0,replenish_now,立即补货,True,20260903,3.1538461538461537,2.9957234475763905,0.9498635321583677,Y,37,37,0,42,0.03918918918918919,0.0,2.0,2.5,0.0041140864466045,0.6601863742844789,A,AY,1252.0106666666666,1.8596646673936752,0.0,116.87619047619049,常规监控
贝洛内-毛绒玩偶,贝洛内,毛绒玩偶,128.0,61.44,33,25,40,40,5120.0,140.8,4979.2,2457.6,2.0,128.0,22.64444444444445,20,25,0,4851.2,2393.6,0.4934036939313984,0.05,0.6896551724137931,1.766437684003925,45.0,0.0,replenish_now,立即补货,True,20260903,3.076923076923077,1.7541160386140584,0.5700877125495689,Y,37,37,0,40,0.02972972972972973,0.0,2.0,3.0,0.004065811638234956,0.6642521859227138,A,AY,1391.274666666667,1.720436702649656,0.0,121.28,常规监控
纯烬艾雅法拉-日用生活,纯烬艾雅法拉,日用生活,99.0,45.54,31,23,30,54,5346.0,242.55,5103.45,2459.16,4.0,297.0,18.655555555555555,5,24,0,4806.45,2347.29,0.4883625128733265,0.074074074074074,0.9818181818181818,2.8945801072066706,8.333333333333334,0.0,replenish_now,立即补货,True,20260903,4.076923076923077,2.660248687044705,0.6525138288977579,Y,48,48,1,55,0.040625,0.020833333333333332,4.0,4.0,0.004028306470274242,0.668280492392988,A,AY,849.574,2.7629023487065285,0.0,89.00833333333333,常规监控
结城理-毛绒玩偶,结城理,毛绒玩偶,128.0,61.44,34,26,40,39,4992.0,185.6,4806.4,2396.16,0.0,0.0,22.477777777777774,22,26,0,4806.4,2410.24,0.5014647137150466,0.0,0.65,1.7350469599604543,50.76923076923077,0.0,healthy,维持现有补货节奏,True,20260903,2.923076923076923,2.253202848596432,0.7708325534672005,Y,35,35,1,40,0.04,0.02857142857142857,,,0.004028264565058643,0.6723087569580467,A,AY,1381.0346666666665,1.745242214532872,0.0,123.24102564102563,常规监控
塑心-毛绒玩偶,塑心,毛绒玩偶,128.0,61.44,32,24,40,41,5248.0,192.0,5056.0,2519.04,2.0,256.0,20.42222222222222,18,25,0,4800.0,2280.96,0.4752,0.048780487804878,0.7192982456140351,2.007616974972797,39.51219512195122,0.0,replenish_now,立即补货,True,20260903,3.076923076923077,2.5318484177091665,0.8228507357554791,Y,34,34,0,41,0.03382352941176471,0.0,2.0,4.0,0.004022900697462028,0.6763316576555087,A,AY,1254.7413333333332,1.8178726877040263,0.0,117.07317073170732,常规监控
焰狐龙梓兰-日用生活,焰狐龙梓兰,日用生活,99.0,45.54,31,23,30,51,5049.0,153.45,4895.55,2322.54,1.0,99.0,19.244444444444444,4,24,0,4796.55,2474.01,0.5157894736842106,0.0196078431372549,0.9272727272727272,2.6501154734411085,7.0588235294117645,0.0,replenish_now,立即补货,True,20260903,3.923076923076923,2.3259957889593026,0.592900887381783,Y,46,46,1,52,0.03260869565217391,0.021739130434782608,1.0,5.0,0.004020009237585727,0.6803516668930945,A,AY,876.3919999999999,2.8229490912742246,0.0,94.05,常规监控
余-日用生活,余,日用生活,99.0,45.54,29,21,30,52,5148.0,158.4,4989.599999999999,2368.08,3.0,198.0,16.57777777777778,27,48,1,4791.599999999999,2423.5199999999995,0.5057851239669421,0.0576923076923076,0.6753246753246753,3.136729222520107,46.73076923076923,0.0188679245283018,healthy,维持现有补货节奏,True,20260903,4.0,2.380476142847616,0.595119035711904,Y,42,42,2,54,0.030952380952380953,0.047619047619047616,3.0,4.0,0.004015860621241468,0.6843675275143359,A,AY,754.952,3.2101643548199084,99.0,92.14615384615384,常规监控
维娜·维多利亚-毛绒玩偶,维娜·维多利亚,毛绒玩偶,128.0,61.44,36,28,40,41,5248.0,204.8,5043.2,2519.04,2.0,256.0,24.066666666666663,24,28,0,4787.2,2268.16,0.4737967914438502,0.048780487804878,0.640625,1.703601108033241,52.6829268292683,0.0,healthy,维持现有补货节奏,True,20260903,3.1538461538461537,2.4781092875467863,0.7857419692221518,Y,34,34,1,42,0.03970588235294118,0.029411764705882353,2.0,5.0,0.0040121729622687955,0.6883797004766047,A,AY,1478.6559999999997,1.5339335180055405,0.0,116.76097560975609,常规监控
凯尔希·思衡托-日用生活,凯尔希·思衡托,日用生活,99.0,45.54,32,24,30,52,5148.0,178.20000000000002,4969.8,2368.08,3.0,198.0,18.266666666666666,32,48,0,4771.8,2403.7200000000003,0.5037344398340249,0.0576923076923076,0.65,2.8467153284671536,55.38461538461539,0.0,healthy,维持现有补货节奏,True,20260903,3.8461538461538463,2.6722697545393204,0.6947901361802232,Y,50,50,1,53,0.033,0.02,3.0,4.333333333333333,0.003999266155864438,0.6923789666324691,A,AY,831.8639999999999,2.889558870199937,0.0,91.76538461538462,常规监控
新约能天使-毛绒玩偶,新约能天使,毛绒玩偶,128.0,61.44,38,30,40,42,5376.0,249.6,5126.4,2580.48,3.0,384.0,28.666666666666668,28,30,0,4742.4,2161.92,0.4558704453441295,0.0714285714285714,0.6176470588235294,1.4651162790697674,60.0,0.0,healthy,维持现有补货节奏,True,20260903,3.1538461538461537,0.8987170342729173,0.28495905964751034,X,41,41,1,43,0.0451219512195122,0.024390243902439025,3.0,3.6666666666666665,0.003974625889092483,0.6963535925215616,A,AX,1761.28,1.2274709302325582,0.0,112.91428571428571,核心稳定SKU：滚动补货
缄默德克萨斯-毛绒玩偶,缄默德克萨斯,毛绒玩偶,128.0,61.44,34,26,40,43,5504.0,217.6,5286.4,2641.92,5.0,640.0,21.53333333333333,24,27,0,4646.4,2004.48,0.4314049586776859,0.1162790697674418,0.7049180327868853,1.9969040247678016,50.23255813953488,0.0,high_return,暂停扩量并复盘质量与详情页,True,20260903,3.076923076923077,2.956956161932358,0.9610107526280164,Y,38,38,1,44,0.035526315789473684,0.02631578947368421,5.0,3.8,0.0038941678751432426,0.7002477603967049,A,AY,1323.0079999999998,1.5150928792569662,0.0,108.05581395348837,售后风险：复核质量、包装与详情页承诺
死芒-日用生活,死芒,日用生活,99.0,45.54,29,21,30,52,5148.0,212.85,4935.15,2368.08,4.0,297.0,17.022222222222222,28,48,0,4638.15,2270.07,0.4894343649946638,0.0769230769230769,0.6753246753246753,3.0548302872062663,48.46153846153847,0.0,healthy,维持现有补货节奏,True,20260903,3.923076923076923,2.019139192062567,0.5146825391532034,Y,44,44,1,53,0.042045454545454546,0.022727272727272728,4.0,5.0,0.0038872535145694797,0.7041350139112744,A,AY,775.192,2.928397093881258,0.0,89.1951923076923,常规监控
焰狐龙梓兰-装饰摆件,焰狐龙梓兰,装饰摆件,89.0,37.38,29,21,25,56,4984.0,222.5,4761.5,2093.28,2.0,178.0,18.211111111111112,24,48,0,4583.5,2490.22,0.5433009708737864,0.0357142857142857,0.7272727272727273,3.075045759609518,38.57142857142857,0.0,healthy,维持现有补货节奏,True,20260903,4.230769230769231,2.27866357593825,0.5385932088581318,Y,53,53,4,60,0.041509433962264156,0.07547169811320754,2.0,4.5,0.003841451113920251,0.7079764650251946,A,AY,680.7313333333334,3.658153926610302,0.0,81.84821428571429,常规监控
归溟幽灵鲨-毛绒玩偶,归溟幽灵鲨,毛绒玩偶,128.0,61.44,35,27,40,38,4864.0,153.6,4710.4,2334.72,1.0,128.0,24.022222222222226,24,27,0,4582.4,2247.68,0.4905027932960893,0.0263157894736842,0.6129032258064516,1.5818686401480109,56.8421052631579,0.0,healthy,维持现有补货节奏,True,20260903,2.923076923076923,2.6913917855989946,0.9207392950733403,Y,34,34,1,40,0.03529411764705882,0.029411764705882353,1.0,7.0,0.003840529199177082,0.7118169942243717,A,AY,1475.9253333333336,1.5228954671600365,0.0,120.58947368421052,常规监控
重岳-毛绒玩偶,重岳,毛绒玩偶,128.0,61.44,34,26,40,36,4608.0,121.6,4486.4,2211.84,1.0,0.0,21.066666666666663,26,26,0,4486.4,2274.5599999999995,0.5069900142653352,0.0277777777777777,0.6,1.7088607594936709,65.0,0.0,healthy,维持现有补货节奏,True,20260903,2.6923076923076925,2.250356097177192,0.8358465503800998,Y,34,34,2,38,0.026470588235294117,0.058823529411764705,1.0,7.0,0.0037600711852278416,0.7155770654095995,A,AY,1294.3359999999998,1.7573180379746833,0.0,124.6222222222222,常规监控
司霆惊蛰-毛绒玩偶,司霆惊蛰,毛绒玩偶,128.0,61.44,33,25,40,36,4608.0,121.6,4486.4,2211.84,1.0,0.0,23.522222222222226,26,28,0,4486.4,2274.5599999999995,0.5069900142653352,0.0277777777777777,0.5901639344262295,1.5304676428908834,65.0,0.0,healthy,维持现有补货节奏,True,20260903,2.769230769230769,2.27866357593825,0.8228507357554792,Y,32,32,2,38,0.029687500000000002,0.0625,1.0,5.0,0.0037600711852278416,0.7193371365948273,A,AY,1445.2053333333336,1.5738663202645247,0.0,124.6222222222222,常规监控
新约能天使-装饰摆件,新约能天使,装饰摆件,89.0,37.38,31,23,25,53,4717.0,178.0,4539.0,1981.14,2.0,89.0,19.377777777777776,24,46,0,4450.0,2468.86,0.5548,0.0377358490566037,0.6883116883116883,2.7350917431192663,40.75471698113208,0.0,healthy,维持现有补货节奏,True,20260903,4.076923076923077,2.5318484177091665,0.6210194232116824,Y,49,49,0,53,0.03877551020408163,0.0,2.0,2.0,0.0037295641882720883,0.7230667007830994,A,AY,724.3413333333333,3.4084207077326347,0.0,83.9622641509434,常规监控
凯尔希·思衡托-装饰摆件,凯尔希·思衡托,装饰摆件,89.0,37.38,30,22,25,54,4806.0,195.8,4610.2,2018.52,3.0,178.0,21.766666666666666,25,46,0,4432.2,2413.6799999999994,0.544578313253012,0.0555555555555555,0.7105263157894737,2.4808575803981623,41.66666666666667,0.0,healthy,维持现有补货节奏,True,20260903,4.076923076923077,2.5645512427953308,0.6290408708743265,Y,54,54,5,59,0.04259259259259259,0.09259259259259259,3.0,4.333333333333333,0.003714645931519,0.7267813467146185,A,AY,813.638,2.9665281120105003,0.0,82.07777777777777,常规监控
凛御银灰-装饰摆件,凛御银灰,装饰摆件,89.0,37.38,29,21,25,52,4628.0,169.1,4458.9,1943.76,1.0,89.0,17.31111111111111,28,48,0,4369.9,2426.1399999999994,0.555193482688391,0.0192307692307692,0.6753246753246753,3.0038510911424905,48.46153846153847,0.0,healthy,维持现有补货节奏,True,20260903,3.8461538461538463,2.8238907511373332,0.7342115952957067,Y,46,46,2,54,0.0391304347826087,0.043478260869565216,1.0,7.0,0.0036624320328831903,0.7304437787475017,A,AY,647.0893333333333,3.7493123051531256,0.0,84.03653846153846,常规监控
荒芜拉普兰德-日用生活,荒芜拉普兰德,日用生活,99.0,45.54,30,22,30,46,4554.0,103.95,4450.05,2094.84,1.0,99.0,18.91111111111111,10,24,0,4351.05,2256.21,0.5185437997724687,0.0217391304347826,0.8518518518518519,2.4324324324324325,19.565217391304348,0.0,replenish_now,立即补货,True,20260903,3.3846153846153846,2.467740583964123,0.7291051725348545,Y,44,44,3,49,0.022727272727272728,0.06818181818181818,1.0,2.0,0.0036466337666025326,0.7340904125141042,A,AY,861.212,2.619807898635876,0.0,94.58804347826087,常规监控
望-日用生活,望,日用生活,99.0,45.54,30,22,30,46,4554.0,118.8,4435.2,2094.84,3.0,99.0,21.044444444444444,10,24,0,4336.2,2241.36,0.5168949771689497,0.0652173913043478,0.8518518518518519,2.185850052798311,19.565217391304348,0.0,replenish_now,立即补货,True,20260903,3.5384615384615383,2.1838568563966754,0.6171769376773213,Y,38,38,1,47,0.02631578947368421,0.02631578947368421,3.0,2.0,0.003634187917569759,0.737724600431674,A,AY,958.3639999999999,2.3387355952435613,0.0,94.26521739130435,常规监控
赤刃明霄陈-毛绒玩偶,赤刃明霄陈,毛绒玩偶,128.0,61.44,36,28,40,37,4736.0,211.2,4524.8,2273.28,3.0,256.0,27.68888888888889,30,29,0,4268.8,1995.5200000000004,0.4674662668665668,0.081081081081081,0.5692307692307692,1.3362760834670946,72.97297297297298,0.0,high_return,暂停扩量并复盘质量与详情页,True,20260903,2.8461538461538463,0.8987170342729172,0.3157654444742682,X,39,39,3,40,0.04743589743589744,0.07692307692307693,3.0,3.6666666666666665,0.003577699686942897,0.7413023001186169,A,AX,1701.2053333333333,1.1730036115569826,0.0,115.37297297297297,售后风险：复核质量、包装与详情页承诺
望-毛绒玩偶,望,毛绒玩偶,128.0,61.44,34,26,40,36,4608.0,217.6,4390.4,2211.84,1.0,128.0,22.866666666666667,24,26,0,4262.4,2050.5599999999995,0.481081081081081,0.0277777777777777,0.6,1.5743440233236154,60.0,0.0,healthy,维持现有补货节奏,True,20260903,2.769230769230769,2.1273554065179203,0.7682116745759157,Y,35,35,0,36,0.04714285714285714,0.0,1.0,5.0,0.0035723358193462803,0.7448746359379631,A,AY,1404.9279999999999,1.459548104956268,0.0,118.39999999999999,常规监控
缄默德克萨斯-装饰摆件,缄默德克萨斯,装饰摆件,89.0,37.38,28,20,25,50,4450.0,137.95000000000002,4312.05,1869.0,1.0,89.0,16.866666666666667,26,47,0,4223.05,2354.05,0.5574288724973656,0.02,0.6666666666666666,2.9644268774703555,46.8,0.0,healthy,维持现有补货节奏,True,20260903,3.8461538461538463,2.7942248133771033,0.7264984514780468,Y,41,41,1,51,0.032926829268292684,0.024390243902439025,1.0,3.0,0.003539356414670212,0.7484139923526333,A,AY,630.4760000000001,3.733766233766233,0.0,84.461,常规监控
斩业星熊-日用生活,斩业星熊,日用生活,99.0,45.54,29,21,30,45,4455.0,143.55,4311.45,2049.3,2.0,99.0,16.22222222222222,35,48,0,4212.45,2163.15,0.5135135135135135,0.0444444444444444,0.5844155844155844,2.7739726027397262,70.0,0.0,healthy,维持现有补货节奏,True,20260903,3.3846153846153846,2.8147960713126134,0.8316442937969085,Y,40,40,0,45,0.03625,0.0,2.0,3.0,0.003530472508963316,0.7519444648615966,A,AY,738.76,2.928082191780822,0.0,93.61,常规监控
归溟幽灵鲨-装饰摆件,归溟幽灵鲨,装饰摆件,89.0,37.38,29,21,25,49,4361.0,133.5,4227.5,1831.62,1.0,89.0,18.91111111111111,28,48,0,4138.5,2306.88,0.5574193548387097,0.0204081632653061,0.6363636363636364,2.591069330199765,51.42857142857143,0.0,healthy,维持现有补货节奏,True,20260903,3.769230769230769,3.3454906504588666,0.8875791521625565,Y,39,39,1,51,0.03205128205128205,0.02564102564102564,1.0,3.0,0.003468494695093042,0.7554129595566896,A,AY,706.8973333333334,3.2633876112136977,0.0,84.45918367346938,常规监控
维娜·维多利亚-装饰摆件,维娜·维多利亚,装饰摆件,89.0,37.38,29,21,25,49,4361.0,137.95000000000002,4223.05,1831.62,1.0,89.0,20.45555555555556,29,47,0,4134.05,2302.4300000000003,0.5569429494079656,0.0204081632653061,0.6447368421052632,2.3954372623574143,53.26530612244898,0.0,healthy,维持现有补货节奏,True,20260903,3.6153846153846154,2.662657242256988,0.7364796627519329,Y,47,47,1,50,0.031914893617021274,0.02127659574468085,1.0,5.0,0.00346476513090477,0.7588777246875944,A,AY,764.6286666666668,3.011174051369597,0.0,84.36836734693878,常规监控
缪尔赛思-日用生活,缪尔赛思,日用生活,99.0,45.54,30,22,30,47,4653.0,232.65,4420.349999999999,2140.38,4.0,297.0,19.23333333333333,34,48,0,4123.349999999999,1982.9699999999996,0.4809123649459783,0.0851063829787234,0.6025641025641025,2.4436741767764296,65.1063829787234,0.0,high_return,暂停扩量并复盘质量与详情页,True,20260903,3.6153846153846154,2.2560460078960247,0.6240127255882622,Y,45,45,1,48,0.051111111111111114,0.022222222222222223,4.0,2.25,0.003455797414766677,0.762333522102361,A,AY,875.8859999999999,2.263959008364102,0.0,87.73085106382977,售后风险：复核质量、包装与详情页承诺
缄默德克萨斯-日用生活,缄默德克萨斯,日用生活,99.0,45.54,29,21,30,46,4554.0,138.6,4415.4,2094.84,3.0,297.0,19.58888888888889,9,24,0,4118.4,2023.5599999999995,0.4913461538461537,0.0652173913043478,0.8679245283018868,2.3482699943278504,17.608695652173914,0.0,replenish_now,立即补货,True,20260903,3.4615384615384617,1.7614096918559587,0.508851688758388,Y,43,43,3,49,0.030232558139534883,0.06976744186046512,3.0,4.0,0.0034516487984224196,0.7657851709007835,A,AY,892.078,2.268366667488717,0.0,89.5304347826087,常规监控
焰狐龙梓兰-毛绒玩偶,焰狐龙梓兰,毛绒玩偶,128.0,61.44,35,27,40,36,4608.0,256.0,4352.0,2211.84,2.0,256.0,26.81111111111111,27,27,0,4096.0,1884.16,0.4599999999999999,0.0555555555555555,0.5806451612903226,1.342726895980108,67.5,0.0,healthy,维持现有补货节奏,True,20260903,2.769230769230769,2.006400016357911,0.7245333392403568,Y,35,35,4,40,0.05714285714285714,0.11428571428571428,2.0,1.5,0.0034328752618342636,0.7692180461626177,A,AY,1647.2746666666665,1.143804392871944,0.0,113.77777777777777,常规监控
赤刃明霄陈-日用生活,赤刃明霄陈,日用生活,99.0,45.54,31,23,30,45,4455.0,163.35,4291.65,2049.3,3.0,297.0,21.355555555555554,14,26,0,3994.65,1945.3499999999997,0.486988847583643,0.0666666666666666,0.7894736842105263,2.1071800208116547,28.0,0.0,replenish_now,立即补货,True,20260903,3.3846153846153846,2.5012817227194253,0.7390150544398302,Y,38,38,0,45,0.0368421052631579,0.0,3.0,4.333333333333333,0.003347933389815977,0.7725659795524337,A,AY,972.5319999999999,2.000294077727005,0.0,88.77,常规监控
怒潮凛冬-毛绒玩偶,怒潮凛冬,毛绒玩偶,128.0,61.44,32,24,40,34,4352.0,160.0,4192.0,2088.96,2.0,256.0,25.322222222222223,24,24,0,3936.0,1847.04,0.4692682926829268,0.0588235294117647,0.6071428571428571,1.3426941641070644,63.52941176470589,0.0,healthy,维持现有补货节奏,True,20260903,2.5384615384615383,1.8980421761815784,0.7477135845563794,Y,32,32,0,34,0.035937500000000004,0.0,2.0,1.5,0.0032987785719188626,0.7758647581243525,A,AY,1555.7973333333334,1.1871983326020183,0.0,115.76470588235294,常规监控
Mon3tr-日用生活,Mon3tr,日用生活,99.0,45.54,30,22,30,42,4158.0,153.45000000000002,4004.55,1912.68,1.0,99.0,20.05555555555556,37,48,0,3905.55,1992.87,0.5102661596958175,0.0238095238095238,0.5384615384615384,2.0941828254847645,79.28571428571428,0.0,healthy,维持现有补货节奏,True,20260903,3.230769230769231,2.712742958515303,0.8396585347785462,Y,41,41,0,42,0.03780487804878049,0.0,1.0,3.0,0.0032732582956193383,0.7791380164199718,A,AY,913.3300000000003,2.1819824159942183,0.0,92.98928571428571,常规监控
司霆惊蛰-日用生活,司霆惊蛰,日用生活,99.0,45.54,29,21,30,45,4455.0,153.45000000000002,4301.55,2049.3,4.0,396.0,18.22222222222222,34,48,0,3905.55,1856.25,0.4752851711026615,0.0888888888888888,0.5844155844155844,2.469512195121952,68.0,0.0,high_return,暂停扩量并复盘质量与详情页,True,20260903,3.4615384615384617,1.7614096918559587,0.508851688758388,Y,41,41,0,45,0.032926829268292684,0.0,4.0,2.75,0.0032732582956193383,0.7824112747155911,A,AY,829.8399999999999,2.236876988335101,0.0,86.79,售后风险：复核质量、包装与详情页承诺
真言-毛绒玩偶,真言,毛绒玩偶,128.0,61.44,34,26,40,35,4480.0,198.4,4281.6,2150.4,4.0,384.0,23.14444444444445,27,26,0,3897.6,1747.2000000000005,0.4482758620689655,0.1142857142857142,0.5833333333333334,1.5122419587133942,69.42857142857143,0.0,high_return,暂停扩量并复盘质量与详情页,True,20260903,2.6923076923076925,1.797434068545834,0.667618368317024,Y,31,31,1,36,0.04032258064516129,0.03225806451612903,4.0,2.25,0.003266595366339166,0.7856778700819304,A,AY,1421.994666666667,1.2286965914546328,0.0,111.36,售后风险：复核质量、包装与详情页承诺
斩业星熊-装饰摆件,斩业星熊,装饰摆件,89.0,37.38,27,19,25,48,4272.0,133.5,4138.5,1794.2400000000002,3.0,267.0,16.0,30,48,1,3871.5,2077.26,0.536551724137931,0.0625,0.64,3.0,56.25,0.0204081632653061,stockout_risk,提高安全库存并缩短补货周期,True,20260903,3.6923076923076925,2.39390251070699,0.6483485966498097,Y,45,45,0,48,0.03222222222222223,0.0,3.0,3.0,0.0032447208437967165,0.788922590925727,A,AY,598.08,3.473214285714286,89.0,80.65625,缺货风险：提高安全库存并复核交期
塑心-装饰摆件,塑心,装饰摆件,89.0,37.38,27,19,25,45,4005.0,151.3,3853.7,1682.1,0.0,0.0,18.844444444444445,7,24,0,3853.7,2171.5999999999995,0.5635103926096997,0.0,0.8823529411764706,2.3879716981132075,14.0,0.0,replenish_now,立即补货,True,20260903,3.3846153846153846,2.534379001467011,0.7487937958879805,Y,40,40,2,47,0.0325,0.05,,,0.003229802587043628,0.7921523935127707,A,AY,704.4053333333334,3.0828840970350395,0.0,85.63777777777777,常规监控
纯烬艾雅法拉-毛绒玩偶,纯烬艾雅法拉,毛绒玩偶,128.0,61.44,36,28,40,32,4096.0,134.4,3961.6,1966.08,1.0,128.0,31.544444444444444,33,28,0,3833.6,1867.52,0.4871452420701169,0.03125,0.5,1.0144417048256429,92.8125,0.0,healthy,维持现有补货节奏,True,20260903,2.4615384615384617,1.8081014266989472,0.7345412045964472,Y,30,30,1,33,0.030000000000000002,0.03333333333333333,1.0,2.0,0.003212956690373006,0.7953653502031437,A,AY,1938.0906666666665,0.9635875308207116,0.0,119.8,常规监控
缪尔赛思-毛绒玩偶,缪尔赛思,毛绒玩偶,128.0,61.44,34,26,40,32,4096.0,153.6,3942.4,1966.08,2.0,128.0,27.744444444444444,30,27,0,3814.4,1848.32,0.4845637583892618,0.0625,0.5245901639344263,1.1533840608730477,84.375,0.0,healthy,维持现有补货节奏,True,20260903,2.4615384615384617,1.5063966175050876,0.6119736258614418,Y,28,28,0,32,0.04107142857142858,0.0,2.0,3.5,0.0031968650875831583,0.7985622152907269,A,AY,1704.6186666666665,1.0843011613936724,0.0,119.2,常规监控
司霆惊蛰-装饰摆件,司霆惊蛰,装饰摆件,89.0,37.38,27,19,25,44,3916.0,133.5,3782.5,1644.72,2.0,89.0,20.244444444444444,9,24,0,3693.5,2048.78,0.5546987951807228,0.0454545454545454,0.8627450980392157,2.173435784851811,18.40909090909091,0.0,replenish_now,立即补货,True,20260903,3.230769230769231,2.3506682083273738,0.7275877787679966,Y,39,39,4,48,0.03974358974358975,0.10256410256410256,2.0,4.5,0.0030955382762658332,0.8016577535669928,B,BY,756.7373333333334,2.7073859181433275,0.0,83.94318181818181,常规监控
酒神-日用生活,酒神,日用生活,99.0,45.54,29,21,30,39,3861.0,118.8,3742.2,1776.06,2.0,99.0,17.988888888888887,17,24,0,3643.2,1867.14,0.5125,0.0512820512820512,0.7358490566037735,2.168004941321804,39.230769230769226,0.0,healthy,维持现有补货节奏,True,20260903,2.8461538461538463,2.1543039806456377,0.7569176148214403,Y,37,37,3,43,0.031081081081081086,0.08108108108108109,2.0,4.5,0.003053381629373679,0.8047111351963664,B,BY,819.2139999999999,2.279184681902409,0.0,93.41538461538461,常规监控
缇缇-日用生活,缇缇,日用生活,99.0,45.54,27,19,30,39,3861.0,143.55,3717.45,1776.06,1.0,99.0,17.92222222222222,13,24,0,3618.45,1842.39,0.5091655266757866,0.0256410256410256,0.7647058823529411,2.1760694358338504,30.0,0.0,replenish_now,立即补货,True,20260903,3.0,2.70801280154532,0.90267093384844,Y,36,36,0,39,0.036111111111111115,0.0,1.0,5.0,0.0030326385476523903,0.8077437737440187,B,BY,816.1779999999999,2.2573384727351145,0.0,92.78076923076922,常规监控
真言-装饰摆件,真言,装饰摆件,89.0,37.38,28,20,25,44,3916.0,222.5,3693.5,1644.72,2.0,89.0,20.988888888888887,34,48,0,3604.5,1959.78,0.5437037037037037,0.0454545454545454,0.5789473684210527,2.096347273689783,69.54545454545455,0.0,healthy,维持现有补货节奏,True,20260903,3.3076923076923075,1.9741924671712983,0.5968488854238809,Y,42,42,1,45,0.05714285714285714,0.023809523809523808,2.0,5.5,0.0030209469925003914,0.8107647207365192,B,BY,784.5646666666667,2.4979202904030857,0.0,81.92045454545455,常规监控
予愿安洁莉娜-装饰摆件,予愿安洁莉娜,装饰摆件,89.0,37.38,29,21,25,42,3738.0,164.65,3573.35,1569.96,1.0,0.0,19.41111111111111,34,46,0,3573.35,2003.39,0.5606475716064757,0.0238095238095238,0.56,2.163709215798512,72.85714285714286,0.0,healthy,维持现有补货节奏,True,20260903,3.230769230769231,2.681847813040049,0.8300957516552532,Y,38,38,2,44,0.039473684210526314,0.05263157894736842,1.0,5.0,0.0029948400431824866,0.8137595607797017,B,BY,725.5873333333334,2.761059775942432,0.0,85.07976190476191,常规监控
佩佩-日用生活,佩佩,日用生活,99.0,45.54,28,20,30,37,3663.0,108.9,3554.1,1684.98,0.0,0.0,20.91111111111111,15,24,0,3554.1,1869.12,0.5259052924791087,0.0,0.7115384615384616,1.769394261424017,36.48648648648649,0.0,replenish_now,立即补货,True,20260903,2.8461538461538463,1.908147174886057,0.6704300884734795,Y,33,33,1,38,0.030303030303030304,0.030303030303030304,,,0.00297870653517704,0.8167382673148788,B,BY,952.292,1.9627593217206485,0.0,96.05675675675676,常规监控
贝洛内-日用生活,贝洛内,日用生活,99.0,45.54,29,21,30,40,3960.0,207.9,3752.1,1821.6,3.0,198.0,22.022222222222226,16,24,0,3554.1,1732.5,0.4874651810584958,0.075,0.7547169811320755,1.8163471241170532,36.0,0.0,replenish_now,立即补货,True,20260903,3.076923076923077,2.4651415936864716,0.8011710179481032,Y,35,35,2,42,0.047142857142857146,0.05714285714285714,3.0,3.3333333333333335,0.00297870653517704,0.8197169738500558,B,BY,1002.8920000000002,1.7275040582635017,0.0,88.85249999999999,常规监控
结城理-装饰摆件,结城理,装饰摆件,89.0,37.38,28,20,25,42,3738.0,106.8,3631.2,1569.96,1.0,89.0,19.0,11,24,0,3542.2,1972.24,0.5567839195979899,0.0238095238095238,0.8076923076923077,2.210526315789473,23.57142857142857,0.0,replenish_now,立即补货,True,20260903,3.230769230769231,1.7867030229749128,0.5530271261589016,Y,40,40,1,43,0.028750000000000005,0.025,1.0,4.0,0.002968733093864582,0.8226857069439204,B,BY,710.22,2.7769423558897244,0.0,84.33809523809524,常规监控
怒潮凛冬-日用生活,怒潮凛冬,日用生活,99.0,45.54,28,20,30,40,3960.0,158.4,3801.6,1821.6,6.0,297.0,21.944444444444443,19,24,0,3504.6,1683.0,0.480225988700565,0.15,0.7692307692307693,1.8227848101265824,42.75,0.0,high_return,暂停扩量并复盘质量与详情页,True,20260903,2.8461538461538463,1.7246329970051526,0.6059521340828914,Y,38,38,1,42,0.03815789473684211,0.02631578947368421,6.0,4.5,0.002937220371734463,0.8256229273156549,B,BY,999.3499999999999,1.6840946615299945,0.0,87.615,售后风险：复核质量、包装与详情页承诺
Mon3tr-装饰摆件,Mon3tr,装饰摆件,89.0,37.38,28,20,25,41,3649.0,164.65,3484.35,1532.5800000000002,0.0,0.0,20.6,35,48,0,3484.35,1951.77,0.5601532567049808,0.0,0.5394736842105263,1.990291262135922,76.82926829268293,0.0,healthy,维持现有补货节奏,True,20260903,3.1538461538461537,1.863963243832607,0.5910127358493632,Y,34,34,2,43,0.0411764705882353,0.058823529411764705,,,0.002920248759417045,0.828543176075072,B,BY,770.0280000000001,2.534674063800277,0.0,84.98414634146341,常规监控
娜斯提-装饰摆件,娜斯提,装饰摆件,89.0,37.38,26,18,25,42,3738.0,84.55000000000001,3653.45,1569.96,3.0,178.0,17.644444444444446,36,48,0,3475.45,1905.49,0.5482714468629961,0.0714285714285714,0.5675675675675675,2.380352644836272,77.14285714285714,0.0,healthy,维持现有补货节奏,True,20260903,3.1538461538461537,1.6756169931378437,0.5312931929461456,Y,36,36,0,42,0.026388888888888892,0.0,3.0,5.666666666666667,0.0029127896310405005,0.8314559657061125,B,BY,659.5493333333334,2.8890788053256564,0.0,82.74880952380951,常规监控
佩佩-毛绒玩偶,佩佩,毛绒玩偶,128.0,61.44,32,24,40,28,3584.0,108.8,3475.2,1720.32,0.0,0.0,26.33333333333333,28,24,0,3475.2,1754.88,0.5049723756906077,0.0,0.5,1.0632911392405064,90.0,0.0,healthy,维持现有补货节奏,True,20260903,2.1538461538461537,1.6756169931378437,0.7779650325282846,Y,26,26,0,28,0.03076923076923077,0.0,,,0.002912580104962508,0.834368545811075,B,BY,1617.9199999999996,1.0846518987341776,0.0,124.11428571428571,常规监控
黍-日用生活,黍,日用生活,99.0,45.54,31,23,30,38,3762.0,198.0,3564.0,1730.52,2.0,198.0,22.766666666666666,18,24,0,3366.0,1635.48,0.4858823529411765,0.0526315789473684,0.6909090909090909,1.6691068814055638,42.63157894736842,0.0,healthy,维持现有补货节奏,True,20260903,2.923076923076923,2.2898885875932358,0.7833829378608439,Y,40,40,3,41,0.051250000000000004,0.075,2.0,5.5,0.002821059114095247,0.8371896049251702,B,BY,1036.7939999999999,1.5774396842574323,0.0,88.57894736842105,常规监控
赤刃明霄陈-装饰摆件,赤刃明霄陈,装饰摆件,89.0,37.38,29,21,25,39,3471.0,129.05,3341.95,1457.8200000000002,0.0,0.0,23.77777777777778,15,24,0,3341.95,1884.13,0.5637816245006657,0.0,0.7358490566037735,1.6401869158878506,34.61538461538461,0.0,healthy,维持现有补货节奏,True,20260903,2.923076923076923,1.4411533842457842,0.4930261577682946,X,36,36,0,39,0.04027777777777778,0.0,,,0.002800902705392338,0.8399905076305626,B,BX,888.8133333333334,2.119826435246996,0.0,85.69102564102563,常规监控
斩业星熊-毛绒玩偶,斩业星熊,毛绒玩偶,128.0,61.44,33,25,40,27,3456.0,115.2,3340.8,1658.88,0.0,0.0,24.75555555555556,31,25,0,3340.8,1681.9200000000003,0.5034482758620691,0.0,0.4655172413793103,1.0906642728904845,103.33333333333334,0.0,healthy,维持现有补货节奏,True,20260903,2.076923076923077,1.6563785025137656,0.7975155752844056,Y,26,26,1,28,0.038461538461538464,0.038461538461538464,,,0.0027999388854335716,0.8427904465159962,B,BY,1520.9813333333336,1.1058123877917414,0.0,123.73333333333333,常规监控
佩佩-装饰摆件,佩佩,装饰摆件,89.0,37.38,27,19,25,40,3560.0,169.1,3390.9,1495.2,3.0,178.0,20.2,15,24,0,3212.9,1717.7,0.5346260387811634,0.075,0.7843137254901961,1.98019801980198,33.75,0.0,healthy,维持现有补货节奏,True,20260903,2.923076923076923,1.4978617237881953,0.5124263791906984,Y,39,39,1,41,0.04871794871794872,0.02564102564102564,3.0,3.0,0.002692745343932448,0.8454831918599287,B,BY,755.076,2.274870344177275,0.0,80.3225,常规监控
谬因-日用生活,谬因,日用生活,99.0,45.54,28,20,30,34,3366.0,153.45,3212.55,1548.36,1.0,0.0,24.166666666666668,19,24,0,3212.55,1664.1899999999998,0.5180277349768875,0.0294117647058823,0.6538461538461539,1.406896551724138,50.294117647058826,0.0,healthy,维持现有补货节奏,True,20260903,2.6153846153846154,1.5566235649883124,0.5951795983778841,Y,27,27,0,34,0.04444444444444445,0.0,1.0,1.0,0.002692452007423258,0.848175643867352,B,BY,1100.55,1.5121439280359819,0.0,94.48676470588236,常规监控
黍-装饰摆件,黍,装饰摆件,89.0,37.38,29,21,25,41,3649.0,178.0,3471.0,1532.5800000000002,3.0,267.0,23.166666666666668,15,24,0,3204.0,1671.4199999999998,0.5216666666666666,0.073170731707317,0.7735849056603774,1.7697841726618704,32.926829268292686,0.0,healthy,维持现有补货节奏,True,20260903,3.076923076923077,1.6052797503622467,0.5217159188677302,Y,39,39,1,42,0.046153846153846156,0.02564102564102564,3.0,4.0,0.0026852862155559037,0.8508609300829079,B,BY,865.9700000000001,1.9301130524152101,0.0,78.14634146341463,常规监控
缪尔赛思-装饰摆件,缪尔赛思,装饰摆件,89.0,37.38,28,20,25,36,3204.0,80.10000000000001,3123.9,1345.68,0.0,0.0,20.57777777777778,16,24,0,3123.9,1778.22,0.5692307692307692,0.0,0.6923076923076923,1.749460043196544,40.0,0.0,healthy,维持现有补货节奏,True,20260903,2.769230769230769,1.4232501627054275,0.5139514476436267,Y,34,34,2,38,0.023529411764705882,0.058823529411764705,,,0.002618154060167006,0.8534790841430748,B,BY,769.1973333333334,2.311786485652576,0.0,86.775,常规监控
维娜·维多利亚-日用生活,维娜·维多利亚,日用生活,99.0,45.54,31,23,30,34,3366.0,148.5,3217.5,1548.36,1.0,99.0,23.211111111111112,19,22,0,3118.5,1570.14,0.5034920634920635,0.0294117647058823,0.6415094339622641,1.4648157012924845,50.294117647058826,0.0,healthy,维持现有补货节奏,True,20260903,2.6153846153846154,1.8501559185854914,0.7074125571062173,Y,32,32,1,35,0.0453125,0.03125,1.0,6.0,0.002613628296882361,0.8560927124399572,B,BY,1057.034,1.4854205257352175,0.0,91.72058823529412,常规监控
酒神-毛绒玩偶,酒神,毛绒玩偶,128.0,61.44,33,25,40,26,3328.0,121.6,3206.4,1597.44,1.0,128.0,26.966666666666665,34,26,0,3078.4,1480.96,0.481081081081081,0.0384615384615384,0.4406779661016949,0.9641532756489494,117.69230769230772,0.0,healthy,维持现有补货节奏,True,20260903,1.9230769230769231,1.4978617237881953,0.7788880963698616,Y,25,25,1,28,0.042,0.04,1.0,4.0,0.002580020313972314,0.8586727327539295,B,BY,1656.8319999999999,0.8938504326328802,0.0,118.4,常规监控
重岳-装饰摆件,重岳,装饰摆件,89.0,37.38,28,20,25,36,3204.0,106.8,3097.2,1345.68,1.0,89.0,19.75555555555556,17,24,0,3008.2,1662.5199999999998,0.5526627218934911,0.0277777777777777,0.6923076923076923,1.8222722159730032,42.5,0.0,healthy,维持现有补货节奏,True,20260903,2.769230769230769,1.6908501882113507,0.6105847901874322,Y,34,34,2,39,0.03529411764705882,0.058823529411764705,1.0,2.0,0.0025211853912719315,0.8611939181452014,B,BY,738.4626666666669,2.251325727141249,0.0,83.5611111111111,常规监控
塑心-日用生活,塑心,日用生活,99.0,45.54,28,20,30,34,3366.0,178.2,3187.8,1548.36,2.0,198.0,21.677777777777777,20,24,0,2989.8,1441.4399999999998,0.4821192052980132,0.0588235294117647,0.6538461538461539,1.568426447975397,52.94117647058824,0.0,healthy,维持现有补货节奏,True,20260903,2.6153846153846154,2.063106942552968,0.7888350074467231,Y,33,33,0,34,0.05151515151515152,0.0,2.0,3.5,0.0025057642719316605,0.863699682417133,B,BY,987.2059999999999,1.4601207853274798,0.0,87.93529411764706,常规监控
谬因-装饰摆件,谬因,装饰摆件,89.0,37.38,26,18,25,35,3115.0,129.05,2985.95,1308.3000000000002,1.0,0.0,21.044444444444444,16,24,0,2985.95,1677.6499999999996,0.5618479880774961,0.0285714285714285,0.7,1.6631467793030623,41.14285714285714,0.0,healthy,维持现有补货节奏,True,20260903,2.6923076923076925,1.1094003924504583,0.4120630029101702,X,29,29,1,36,0.03620689655172414,0.034482758620689655,1.0,3.0,0.002502537570330571,0.8662022199874636,B,BX,786.6413333333334,2.132674611555287,0.0,85.31285714285714,常规监控
予愿安洁莉娜-日用生活,予愿安洁莉娜,日用生活,99.0,45.54,31,23,30,31,3069.0,99.0,2970.0,1411.74,1.0,0.0,24.91111111111111,25,24,0,2970.0,1558.26,0.5246666666666666,0.032258064516129,0.5636363636363636,1.2444246208742196,72.58064516129032,0.0,healthy,维持现有补货节奏,True,20260903,2.3846153846153846,2.433737233777904,1.0205994851326694,Z,31,31,4,35,0.030645161290322583,0.12903225806451613,1.0,7.0,0.00248916980655463,0.8686913897940183,B,BZ,1134.452,1.3735794903618663,0.0,95.80645161290323,常规监控
真言-日用生活,真言,日用生活,99.0,45.54,29,21,30,33,3267.0,79.2,3187.8,1502.82,4.0,297.0,24.25555555555556,23,24,0,2890.8,1387.9800000000002,0.4801369863013699,0.1212121212121212,0.6226415094339622,1.3605130554283096,62.727272727272734,0.0,high_return,暂停扩量并复盘质量与详情页,True,20260903,2.5384615384615383,2.846500325410855,1.1213486130406398,Z,30,30,0,33,0.021666666666666667,0.0,4.0,5.0,0.0024227919450465064,0.8711141817390647,B,BZ,1104.5980000000002,1.2565476309028263,0.0,87.60000000000001,售后风险：复核质量、包装与详情页承诺
荒芜拉普兰德-装饰摆件,荒芜拉普兰德,装饰摆件,89.0,37.38,28,20,25,39,3471.0,142.4,3328.6,1457.8200000000002,6.0,445.0,21.288888888888888,41,48,0,2883.6,1425.7799999999995,0.4944444444444443,0.1538461538461538,0.5131578947368421,1.8319415448851772,94.6153846153846,0.0,high_return,暂停扩量并复盘质量与详情页,True,20260903,3.0,1.683250823060346,0.561083607686782,Y,37,37,2,41,0.041891891891891894,0.05405405405405406,6.0,3.0,0.002416757594000313,0.873530939333065,B,BY,795.7786666666667,1.7916790933492388,0.0,73.93846153846154,售后风险：复核质量、包装与详情页承诺
望-装饰摆件,望,装饰摆件,89.0,37.38,28,20,25,37,3293.0,151.3,3141.7,1383.0600000000002,3.0,267.0,20.55555555555556,16,24,0,2874.7,1491.6399999999996,0.5188854489164085,0.081081081081081,0.7115384615384616,1.8,38.91891891891892,0.0,high_return,暂停扩量并复盘质量与详情页,True,20260903,2.8461538461538463,2.7942248133771033,0.9817546641595227,Y,34,34,1,38,0.03970588235294118,0.029411764705882353,3.0,5.333333333333333,0.002409298465623769,0.8759402377986888,B,BY,768.3666666666669,1.9413127413127402,0.0,77.69459459459459,售后风险：复核质量、包装与详情页承诺
纯烬艾雅法拉-装饰摆件,纯烬艾雅法拉,装饰摆件,89.0,37.38,29,21,25,33,2937.0,71.2,2865.8,1233.5400000000002,1.0,0.0,26.05555555555556,21,24,0,2865.8,1632.2599999999995,0.5695652173913043,0.0303030303030303,0.6226415094339622,1.2665245202558637,57.27272727272727,0.0,healthy,维持现有补货节奏,True,20260903,2.5384615384615383,1.6132464481796023,0.6355213280707525,Y,31,31,1,34,0.025806451612903226,0.03225806451612903,1.0,3.0,0.0024018393372472247,0.878342077135936,B,BY,973.9566666666669,1.675906183368869,0.0,86.84242424242424,常规监控
酒神-装饰摆件,酒神,装饰摆件,89.0,37.38,27,19,25,35,3115.0,142.4,2972.6,1308.3000000000002,3.0,178.0,21.244444444444444,19,24,0,2794.6,1486.2999999999995,0.5318471337579617,0.0857142857142857,0.6862745098039216,1.6474895397489542,48.85714285714285,0.0,high_return,暂停扩量并复盘质量与详情页,True,20260903,2.6923076923076925,2.1750331562459526,0.807869458034211,Y,34,34,0,35,0.04264705882352942,0.0,3.0,4.666666666666667,0.0023421663102348713,0.8806842434461709,B,BY,794.1173333333334,1.8716377764494911,0.0,79.84571428571428,售后风险：复核质量、包装与详情页承诺
归溟幽灵鲨-日用生活,归溟幽灵鲨,日用生活,99.0,45.54,31,23,30,32,3168.0,94.05,3073.95,1457.28,3.0,297.0,27.08888888888889,27,24,0,2776.95,1319.6699999999998,0.475222816399287,0.09375,0.5818181818181818,1.18129614438064,75.9375,0.0,high_return,暂停扩量并复盘质量与详情页,True,20260903,2.3846153846153846,1.7577666482623882,0.7371279492713241,Y,27,27,1,33,0.037037037037037035,0.037037037037037035,3.0,5.333333333333333,0.0023273737691285787,0.8830116172152995,B,BY,1233.628,1.069747119877305,0.0,86.7796875,售后风险：复核质量、包装与详情页承诺
怒潮凛冬-装饰摆件,怒潮凛冬,装饰摆件,89.0,37.38,27,19,25,34,3026.0,164.65,2861.35,1270.92,3.0,89.0,21.655555555555555,20,24,0,2772.35,1501.4299999999998,0.5415730337078651,0.088235294117647,0.6666666666666666,1.5700359158542845,52.94117647058824,0.0,high_return,暂停扩量并复盘质量与详情页,True,20260903,2.5384615384615383,2.066211695163583,0.8139621829432298,Y,31,31,2,36,0.05322580645161291,0.06451612903225806,3.0,5.0,0.0023235184892935108,0.885335135704593,B,BY,809.4846666666667,1.8547973319651099,0.0,81.53970588235293,售后风险：复核质量、包装与详情页承诺
重岳-日用生活,重岳,日用生活,99.0,45.54,30,22,30,32,3168.0,158.4,3009.6,1457.28,3.0,297.0,23.655555555555555,25,24,0,2712.6,1255.32,0.4627737226277372,0.09375,0.5925925925925926,1.3527477689055896,70.3125,0.0,high_return,暂停扩量并复盘质量与详情页,True,20260903,2.3846153846153846,1.938146087479026,0.8127709399105593,Y,29,29,0,32,0.05172413793103448,0.0,3.0,3.6666666666666665,0.0022734417566532285,0.8876085774612462,B,BY,1077.274,1.165274572671391,0.0,84.76875,售后风险：复核质量、包装与详情页承诺
娜斯提-日用生活,娜斯提,日用生活,99.0,45.54,28,20,30,29,2871.0,118.8,2752.2,1320.66,2.0,99.0,22.23333333333333,26,24,0,2653.2,1332.5399999999995,0.5022388059701491,0.0689655172413793,0.5576923076923077,1.3043478260869563,80.6896551724138,0.0,healthy,维持现有补货节奏,True,20260903,2.1538461538461537,1.4632243987255136,0.67935418512256,Y,28,28,1,30,0.04107142857142858,0.03571428571428571,2.0,4.0,0.0022236583605221355,0.8898322358217684,B,BY,1012.5059999999999,1.3160810898898374,0.0,91.48965517241379,常规监控
归溟幽灵鲨-亚克力制品,归溟幽灵鲨,亚克力制品,48.0,16.8,25,17,18,58,2784.0,112.8,2671.2,974.4,1.0,48.0,17.488888888888887,16,48,0,2623.2,1648.7999999999995,0.6285452881976211,0.0172413793103448,0.7945205479452054,3.316391359593393,24.82758620689655,0.0,replenish_now,立即补货,True,20260903,4.384615384615385,2.3287500774185546,0.5311184387094948,Y,48,48,1,59,0.040625,0.020833333333333332,1.0,1.0,0.002198515231162998,0.8920307510529314,B,BY,293.81333333333333,5.61172626611,0.0,45.22758620689655,常规监控
予愿安洁莉娜-亚克力制品,予愿安洁莉娜,亚克力制品,48.0,16.8,26,18,18,56,2688.0,69.6,2618.4,940.8,0.0,0.0,18.27777777777778,20,48,0,2618.4,1677.6,0.6406966086159486,0.0,0.7567567567567568,3.063829787234042,32.14285714285714,0.0,healthy,维持现有补货节奏,True,20260903,4.153846153846154,2.034951016861497,0.48989561517036034,X,51,51,1,57,0.029411764705882353,0.0196078431372549,,,0.002194492330465536,0.8942252433833969,B,BX,307.0666666666667,5.4633087277464165,0.0,46.75714285714286,常规监控
望-亚克力制品,望,亚克力制品,48.0,16.8,25,17,18,56,2688.0,105.6,2582.4,940.8,0.0,0.0,16.533333333333335,18,48,0,2582.4,1641.6,0.6356877323420074,0.0,0.7671232876712328,3.387096774193548,28.928571428571427,0.0,healthy,维持现有补货节奏,True,20260903,4.230769230769231,3.0318818730794397,0.7166266245460494,Y,50,50,4,63,0.043,0.08,,,0.002164320575234571,0.8963895639586315,B,BY,277.76000000000005,5.910138248847925,0.0,46.114285714285714,常规监控
余-装饰摆件,余,装饰摆件,89.0,37.38,27,19,25,34,3026.0,93.45,2932.55,1270.92,5.0,356.0,21.07777777777778,19,24,0,2576.55,1305.63,0.5067357512953368,0.1470588235294117,0.6666666666666666,1.6130732735898785,50.294117647058826,0.0,high_return,暂停扩量并复盘质量与详情页,True,20260903,2.6153846153846154,1.5021352323976216,0.5743458241520317,Y,30,30,0,34,0.030000000000000002,0.0,5.0,3.2,0.002159417665009539,0.8985489816236409,B,BY,787.8873333333335,1.6571277957677535,0.0,75.78088235294118,售后风险：复核质量、包装与详情页承诺
新约能天使-亚克力制品,新约能天使,亚克力制品,48.0,16.8,27,19,18,56,2688.0,96.0,2592.0,940.8,1.0,48.0,18.14444444444445,19,48,0,2544.0,1603.1999999999998,0.630188679245283,0.0178571428571428,0.7466666666666667,3.086344151867728,30.535714285714285,0.0,healthy,维持现有补货节奏,True,20260903,4.3076923076923075,2.0568833780186058,0.47749078418289065,X,47,47,0,56,0.03723404255319149,0.0,1.0,1.0,0.0021321373696548745,0.9006811189932958,B,BX,304.82666666666677,5.2593823812439835,0.0,45.42857142857143,常规监控
维娜·维多利亚-亚克力制品,维娜·维多利亚,亚克力制品,48.0,16.8,26,18,18,56,2688.0,148.8,2539.2,940.8,2.0,48.0,18.788888888888888,23,48,0,2491.2,1550.3999999999996,0.6223506743737957,0.0357142857142857,0.7567567567567568,2.980484920165583,36.96428571428572,0.0,healthy,维持现有补货节奏,True,20260903,4.076923076923077,2.8711652240144145,0.7042480738148564,Y,48,48,1,57,0.05416666666666667,0.020833333333333332,2.0,5.0,0.002087885461982792,0.9027690044552786,B,BY,315.6533333333333,4.911717495987158,0.0,44.48571428571428,常规监控
缇缇-装饰摆件,缇缇,装饰摆件,89.0,37.38,26,18,25,30,2670.0,120.15,2549.85,1121.4,1.0,89.0,22.1,21,24,0,2460.85,1339.4499999999998,0.5443037974683543,0.0333333333333333,0.6,1.3574660633484164,63.0,0.0,healthy,维持现有补货节奏,True,20260903,2.3076923076923075,1.109400392450458,0.4807401700618652,X,27,27,1,33,0.03888888888888889,0.037037037037037035,1.0,6.0,0.0020624489961144645,0.9048314534513932,B,BX,826.0980000000001,1.6214177978883857,0.0,82.02833333333334,常规监控
结城理-日用生活,结城理,日用生活,99.0,45.54,30,22,30,28,2772.0,118.8,2653.2,1275.12,2.0,198.0,26.4,27,24,0,2455.2,1180.08,0.4806451612903226,0.0714285714285714,0.5185185185185185,1.0606060606060606,86.78571428571428,0.0,healthy,维持现有补货节奏,True,20260903,2.1538461538461537,1.281025230440697,0.5947617141331808,Y,30,30,4,32,0.043333333333333335,0.13333333333333333,2.0,6.0,0.002057713706751827,0.9068891671581449,B,BY,1202.2559999999999,0.9815546772068512,0.0,87.68571428571428,常规监控
贝洛内-亚克力制品,贝洛内,亚克力制品,48.0,16.8,25,17,18,55,2640.0,103.2,2536.8,924.0,2.0,96.0,18.58888888888889,17,46,0,2440.8,1516.8000000000002,0.6214355948869223,0.0363636363636363,0.7746478873239436,2.9587567244471007,27.818181818181817,0.0,healthy,维持现有补货节奏,True,20260903,4.153846153846154,1.6251232694862383,0.3912333796911314,X,48,48,0,55,0.036458333333333336,0.0,2.0,4.0,0.0020456450046594413,0.9089348121628044,B,BX,312.29333333333335,4.856972077533943,0.0,44.37818181818182,常规监控
贝洛内-装饰摆件,贝洛内,装饰摆件,89.0,37.38,27,19,25,30,2670.0,93.45,2576.55,1121.4,2.0,178.0,23.42222222222222,22,24,0,2398.55,1277.1499999999996,0.5324675324675324,0.0666666666666666,0.5882352941176471,1.2808349146110058,66.0,0.0,healthy,维持现有补货节奏,True,20260903,2.3076923076923075,1.4935759876113537,0.6472162612982533,Y,27,27,0,30,0.031481481481481485,0.0,2.0,4.0,0.0020102350974786558,0.910945047260283,B,BY,875.5226666666666,1.4587286527514227,0.0,79.95166666666667,常规监控
Mon3tr-亚克力制品,Mon3tr,亚克力制品,48.0,16.8,25,17,18,51,2448.0,67.2,2380.8,856.8000000000001,2.0,48.0,18.444444444444443,24,48,0,2332.8,1476.0,0.632716049382716,0.0392156862745098,0.6986301369863014,2.765060240963856,42.35294117647059,0.0,healthy,维持现有补货节奏,True,20260903,3.8461538461538463,2.339734808553947,0.6083310502240262,Y,49,49,3,54,0.029591836734693882,0.061224489795918366,2.0,4.0,0.0019551297389665454,0.9129001769992495,B,BY,309.8666666666667,4.763339070567986,0.0,45.741176470588236,常规监控
死芒-装饰摆件,死芒,装饰摆件,89.0,37.38,28,20,25,29,2581.0,75.65,2505.35,1084.02,2.0,178.0,22.83333333333333,27,24,0,2327.35,1243.33,0.5342256214149139,0.0689655172413793,0.5576923076923077,1.27007299270073,83.79310344827586,0.0,healthy,维持现有补货节奏,True,20260903,2.076923076923077,2.0599975105785306,0.9918506532415147,Y,32,32,4,34,0.0328125,0.125,2.0,4.0,0.001950562070466302,0.9148507390697158,B,BY,853.5099999999999,1.456725755995829,0.0,80.25344827586207,常规监控
司霆惊蛰-亚克力制品,司霆惊蛰,亚克力制品,48.0,16.8,25,17,18,52,2496.0,110.4,2385.6,873.6,3.0,144.0,18.444444444444443,25,48,0,2241.6,1368.0,0.6102783725910065,0.0576923076923076,0.7123287671232876,2.819277108433735,43.26923076923077,0.0,healthy,维持现有补货节奏,True,20260903,3.8461538461538463,2.577018750615843,0.6700248751601192,Y,44,44,3,55,0.04318181818181818,0.06818181818181818,3.0,4.333333333333333,0.0018786946257147669,0.9167294336954306,B,BY,309.8666666666667,4.414802065404475,0.0,43.107692307692304,常规监控
塑心-亚克力制品,塑心,亚克力制品,48.0,16.8,24,16,18,47,2256.0,69.6,2186.4,789.6,1.0,0.0,18.166666666666668,27,48,0,2186.4,1396.8000000000002,0.6388583973655324,0.0212765957446808,0.6527777777777778,2.587155963302752,51.70212765957447,0.0,healthy,维持现有补货节奏,True,20260903,3.5384615384615383,2.3315011121372935,0.6589024882127134,Y,38,38,0,47,0.034210526315789476,0.0,1.0,7.0,0.0018324312676939536,0.9185618649631245,B,BY,305.20000000000005,4.576671035386632,0.0,46.51914893617022,常规监控
焰狐龙梓兰-亚克力制品,焰狐龙梓兰,亚克力制品,48.0,16.8,26,18,18,46,2208.0,79.2,2128.8,772.8000000000001,0.0,0.0,21.72222222222222,31,48,0,2128.8,1356.0,0.6369785794813979,0.0,0.6216216216216216,2.117647058823529,60.65217391304349,0.0,healthy,维持现有补货节奏,True,20260903,3.3076923076923075,2.5293153020997394,0.7646767192394561,Y,41,41,1,47,0.03902439024390244,0.024390243902439025,,,0.0017841564593244095,0.9203460214224489,B,BY,364.93333333333334,3.7157471684325905,0.0,46.27826086956522,常规监控
娜斯提-毛绒玩偶,娜斯提,毛绒玩偶,128.0,61.44,31,23,40,17,2176.0,70.4,2105.6,1044.48,0.0,0.0,25.92222222222222,37,22,0,2105.6,1061.12,0.503951367781155,0.0,0.320754716981132,0.6558079725675097,195.8823529411765,0.0,slow_moving,减少采购并测试促销清货,True,20260903,1.2307692307692308,1.1657505560686465,0.9471723268057752,Y,16,16,0,17,0.03125,0.0,,,0.0017647124392866761,0.9221107338617356,B,BY,1592.6613333333332,0.6662558936990999,0.0,123.85882352941177,滞销风险：停止补货并测试组合促销
结城理-亚克力制品,结城理,亚克力制品,48.0,16.8,25,17,18,48,2304.0,100.8,2203.2,806.4,3.0,144.0,20.7,24,46,0,2059.2,1252.7999999999995,0.6083916083916083,0.0625,0.676056338028169,2.318840579710145,45.0,0.0,healthy,维持现有补货节奏,True,20260903,3.6923076923076925,2.323238235187235,0.6292103553632095,Y,40,40,1,49,0.04625,0.025,3.0,4.0,0.0017258243992112098,0.9238365582609468,B,BY,347.76,3.6024844720496882,0.0,42.9,常规监控
黍-亚克力制品,黍,亚克力制品,48.0,16.8,26,18,18,45,2160.0,76.8,2083.2,756.0,2.0,48.0,20.766666666666666,31,48,0,2035.2,1279.1999999999998,0.6285377358490566,0.0444444444444444,0.6081081081081081,2.1669341894061,62.0,0.0,healthy,维持现有补货节奏,True,20260903,3.4615384615384617,2.4019223070763065,0.6938886664887107,Y,44,44,2,47,0.04090909090909091,0.045454545454545456,2.0,2.5,0.0017057098957238997,0.9255422681566707,B,BY,348.88,3.666590231598257,0.0,45.22666666666667,常规监控
佩佩-亚克力制品,佩佩,亚克力制品,48.0,16.8,24,16,18,44,2112.0,86.4,2025.6,739.2,0.0,0.0,19.53333333333333,28,48,0,2025.6,1286.4,0.6350710900473934,0.0,0.6111111111111112,2.252559726962457,57.27272727272727,0.0,healthy,维持现有补货节奏,True,20260903,3.3846153846153846,2.2560460078960247,0.6665590477874619,Y,39,39,1,45,0.043589743589743594,0.02564102564102564,,,0.0016976640943289756,0.9272399322509997,B,BY,328.15999999999997,3.920039005363238,0.0,46.03636363636363,常规监控
予愿安洁莉娜-通行证,予愿安洁莉娜,通行证,39.0,12.48,23,15,14,52,2028.0,48.75,1979.25,648.96,0.0,0.0,17.5,19,48,0,1979.25,1330.29,0.6721182266009852,0.0,0.7323943661971831,2.9714285714285715,32.88461538461539,0.0,healthy,维持现有补货节奏,True,20260903,4.0,2.9154759474226504,0.7288689868556626,Y,48,48,2,54,0.026041666666666668,0.041666666666666664,,,0.001658817959469108,0.9288987502104687,B,BY,218.4,6.0910714285714285,0.0,38.0625,常规监控
重岳-亚克力制品,重岳,亚克力制品,48.0,16.8,25,17,18,42,2016.0,76.8,1939.2,705.6,1.0,0.0,19.433333333333334,29,45,0,1939.2,1233.6,0.636138613861386,0.0238095238095238,0.6,2.1612349914236706,62.14285714285714,0.0,healthy,维持现有补货节奏,True,20260903,3.230769230769231,2.314945865236239,0.716530863049312,Y,38,38,2,45,0.038157894736842106,0.05263157894736842,1.0,4.0,0.0016252518817746592,0.9305240020922434,B,BY,326.48,3.778485665278118,0.0,46.17142857142857,常规监控
死芒-亚克力制品,死芒,亚克力制品,48.0,16.8,25,17,18,44,2112.0,96.0,2016.0,739.2,2.0,96.0,19.366666666666667,31,48,0,1920.0,1180.8,0.615,0.0454545454545454,0.6027397260273972,2.2719449225473323,63.409090909090914,0.0,healthy,维持现有补货节奏,True,20260903,3.3846153846153846,2.3287500774185546,0.6880397956009365,Y,38,38,1,46,0.04342105263157895,0.02631578947368421,2.0,3.5,0.001609160278984811,0.9321331623712282,B,BY,325.36,3.6292107204327513,0.0,43.63636363636363,常规监控
凯尔希·思衡托-通行证,凯尔希·思衡托,通行证,39.0,12.48,23,15,14,51,1989.0,83.85,1905.15,636.48,0.0,0.0,18.9,20,48,0,1905.15,1268.67,0.6659160696008188,0.0,0.7183098591549296,2.6984126984126986,35.294117647058826,0.0,healthy,维持现有补货节奏,True,20260903,3.923076923076923,2.4311018921995866,0.61969263918813,Y,45,45,0,51,0.04,0.0,,,0.0015967144299520381,0.9337298768011802,B,BY,235.87199999999999,5.3786375661375665,0.0,37.35588235294118,常规监控
凯尔希·思衡托-亚克力制品,凯尔希·思衡托,亚克力制品,48.0,16.8,27,19,18,42,2016.0,67.2,1948.8,705.6,1.0,48.0,21.244444444444444,38,48,0,1900.8,1195.1999999999998,0.6287878787878787,0.0238095238095238,0.56,1.9769874476987448,81.42857142857143,0.0,healthy,维持现有补货节奏,True,20260903,2.923076923076923,1.6052797503622467,0.549174651439716,Y,40,40,3,46,0.03625,0.075,1.0,6.0,0.0015930686761949629,0.9353229454773752,B,BY,356.9066666666667,3.3487746563060363,0.0,45.25714285714285,常规监控
真言-亚克力制品,真言,亚克力制品,48.0,16.8,25,17,18,41,1968.0,76.8,1891.2,688.8000000000001,1.0,0.0,21.288888888888888,35,48,0,1891.2,1202.4,0.6357868020304569,0.024390243902439,0.5616438356164384,1.9258872651357,76.82926829268293,0.0,healthy,维持现有补货节奏,True,20260903,3.0,1.8257418583505538,0.6085806194501846,Y,37,37,1,42,0.033783783783783786,0.02702702702702703,1.0,4.0,0.001585022874800039,0.9369079683521752,B,BY,357.6533333333333,3.3619147032508208,0.0,46.12682926829268,常规监控
维娜·维多利亚-通行证,维娜·维多利亚,通行证,39.0,12.48,23,15,14,50,1950.0,72.14999999999999,1877.85,624.0,3.0,78.0,16.633333333333333,24,48,0,1799.85,1175.85,0.6533044420368364,0.06,0.704225352112676,3.006012024048096,43.2,0.0,healthy,维持现有补货节奏,True,20260903,3.8461538461538463,2.577018750615843,0.6700248751601192,Y,46,46,1,51,0.03695652173913044,0.021739130434782608,3.0,5.0,0.0015084620459014646,0.9384164303980767,B,BY,207.584,5.664453907815631,0.0,35.997,常规监控
余-亚克力制品,余,亚克力制品,48.0,16.8,25,17,18,38,1824.0,69.6,1754.4,638.4,0.0,0.0,18.822222222222223,35,48,0,1754.4,1116.0,0.6361149110807113,0.0,0.5205479452054794,2.018890200708382,82.89473684210526,0.0,healthy,维持现有补货节奏,True,20260903,2.923076923076923,3.3030677271676416,1.1299968540310354,Z,36,36,1,39,0.041666666666666664,0.027777777777777776,,,0.001470370204922371,0.939886800602999,B,BZ,316.21333333333337,3.52926294484736,0.0,46.16842105263158,常规监控
荒芜拉普兰德-亚克力制品,荒芜拉普兰德,亚克力制品,48.0,16.8,25,17,18,40,1920.0,84.0,1836.0,672.0,2.0,96.0,18.977777777777774,31,46,0,1740.0,1068.0,0.6137931034482759,0.05,0.5633802816901409,2.107728337236534,69.75,0.0,healthy,维持现有补货节奏,True,20260903,3.076923076923077,2.139374459257443,0.6952966992586689,Y,36,36,1,41,0.041666666666666664,0.027777777777777776,2.0,3.0,0.001458301502829985,0.941345102105829,B,BY,318.8266666666666,3.3497825359652067,0.0,43.5,常规监控
缇缇-亚克力制品,缇缇,亚克力制品,48.0,16.8,23,15,18,38,1824.0,52.8,1771.2,638.4,1.0,48.0,18.822222222222223,10,24,0,1723.2,1084.8000000000002,0.6295264623955432,0.0263157894736842,0.8085106382978723,2.018890200708382,23.68421052631579,0.0,replenish_now,立即补货,True,20260903,2.8461538461538463,1.9513309067639728,0.6856027510251796,Y,35,35,1,39,0.03428571428571429,0.02857142857142857,1.0,3.0,0.001444221350388868,0.9427893234562179,B,BY,316.21333333333337,3.430595378647327,0.0,45.347368421052636,常规监控
新约能天使-通行证,新约能天使,通行证,39.0,12.48,23,15,14,47,1833.0,74.1,1758.9,586.5600000000001,2.0,39.0,19.23333333333333,27,48,0,1719.9,1133.3399999999997,0.6589569160997731,0.0425531914893617,0.6619718309859155,2.44367417677643,51.70212765957447,0.0,healthy,维持现有补货节奏,True,20260903,3.5384615384615383,1.8081014266989475,0.5109851858062243,Y,41,41,0,47,0.04024390243902439,0.0,2.0,2.5,0.0014414556061593628,0.9442307790623773,B,BY,240.03199999999998,4.721620450606585,0.0,36.5936170212766,常规监控
怒潮凛冬-通行证,怒潮凛冬,通行证,39.0,12.48,21,13,14,46,1794.0,46.8,1747.2,574.08,1.0,39.0,17.055555555555557,25,48,2,1708.2,1134.12,0.6639269406392693,0.0217391304347826,0.6666666666666666,2.6970684039087947,48.91304347826088,0.0416666666666666,stockout_risk,提高安全库存并缩短补货周期,True,20260903,3.5384615384615383,2.569545505058064,0.7261759036033659,Y,41,41,2,48,0.029268292682926834,0.04878048780487805,1.0,1.0,0.0014316497857092992,0.9456624288480866,B,BY,212.85333333333335,5.3281758957654715,78.0,37.13478260869565,缺货风险：提高安全库存并复核交期
怒潮凛冬-亚克力制品,怒潮凛冬,亚克力制品,48.0,16.8,24,16,18,38,1824.0,48.0,1776.0,638.4,2.0,96.0,17.5,35,48,0,1680.0,1041.6,0.62,0.0526315789473684,0.5277777777777778,2.1714285714285717,82.89473684210526,0.0,healthy,维持现有补货节奏,True,20260903,2.923076923076923,1.800996874952798,0.616130509852273,Y,35,35,2,40,0.030000000000000002,0.05714285714285714,2.0,5.5,0.0014080152441117097,0.9470704440921983,B,BY,294.0,3.5428571428571427,0.0,44.21052631578947,常规监控
凛御银灰-亚克力制品,凛御银灰,亚克力制品,48.0,16.8,25,17,18,37,1776.0,74.4,1701.6,621.6,2.0,48.0,20.77777777777778,14,24,0,1653.6,1032.0,0.6240928882438317,0.054054054054054,0.7551020408163265,1.780748663101604,34.054054054054056,0.0,healthy,维持现有补货节奏,True,20260903,2.8461538461538463,1.6756169931378437,0.5887302948862694,Y,36,36,1,38,0.043055555555555555,0.027777777777777776,2.0,3.5,0.0013858892902756685,0.948456333382474,B,BY,349.0666666666667,2.9564553093964854,0.0,44.69189189189189,常规监控
斩业星熊-亚克力制品,斩业星熊,亚克力制品,48.0,16.8,24,16,18,35,1680.0,45.6,1634.4,588.0,0.0,0.0,20.0,13,24,0,1634.4,1046.4,0.6402349486049926,0.0,0.7291666666666666,1.75,33.42857142857143,0.0,healthy,维持现有补货节奏,True,20260903,2.6923076923076925,1.5483655567842813,0.5751072068055901,Y,32,32,1,36,0.028125,0.03125,,,0.0013697976874858205,0.9498261310699598,B,BY,336.0,3.1142857142857148,0.0,46.69714285714286,常规监控
赤刃明霄陈-亚克力制品,赤刃明霄陈,亚克力制品,48.0,16.8,26,18,18,35,1680.0,50.4,1629.6,588.0,0.0,0.0,20.988888888888887,15,24,0,1629.6,1041.6,0.6391752577319587,0.0,0.7,1.667548967707782,38.57142857142857,0.0,healthy,维持现有补货节奏,True,20260903,2.6923076923076925,2.4625398604088757,0.9146576624375824,Y,32,32,0,35,0.03125,0.0,,,0.0013657747867883584,0.9511919058567482,C,CY,352.61333333333334,2.9539438856537847,0.0,46.559999999999995,常规监控
缪尔赛思-亚克力制品,缪尔赛思,亚克力制品,48.0,16.8,25,17,18,36,1728.0,69.6,1658.4,604.8000000000001,1.0,48.0,21.022222222222226,36,46,0,1610.4,1005.6,0.624441132637854,0.0277777777777777,0.5070422535211268,1.7124735729386893,90.0,0.0,healthy,维持现有补货节奏,True,20260903,2.769230769230769,1.9644272343292226,0.7093765012855526,Y,36,36,1,37,0.03888888888888889,0.027777777777777776,1.0,3.0,0.0013496831839985104,0.9525415890407467,C,CY,353.1733333333334,2.8473270915131375,0.0,44.733333333333334,常规监控
缄默德克萨斯-亚克力制品,缄默德克萨斯,亚克力制品,48.0,16.8,25,17,18,37,1776.0,74.4,1701.6,621.6,2.0,96.0,20.466666666666665,36,48,0,1605.6,984.0,0.6128550074738416,0.054054054054054,0.5068493150684932,1.8078175895765476,87.56756756756756,0.0,healthy,维持现有补货节奏,True,20260903,2.8461538461538463,2.0754980866510833,0.7292290574720022,Y,34,34,0,37,0.03970588235294118,0.0,2.0,3.0,0.0013456602833010482,0.9538872493240478,C,CY,343.84,2.8617961842717543,0.0,43.394594594594594,常规监控
纯烬艾雅法拉-亚克力制品,纯烬艾雅法拉,亚克力制品,48.0,16.8,26,18,18,34,1632.0,31.2,1600.8,571.2,0.0,0.0,22.022222222222226,16,24,0,1600.8,1029.6,0.6431784107946027,0.0,0.68,1.5438950554994957,42.35294117647059,0.0,healthy,维持现有补货节奏,True,20260903,2.6153846153846154,1.7097008285302209,0.6537091403203785,Y,32,32,1,35,0.01875,0.03125,,,0.001341637382603586,0.9552288867066514,C,CY,369.9733333333334,2.7829032723079132,0.0,47.08235294117647,常规监控
娜斯提-亚克力制品,娜斯提,亚克力制品,48.0,16.8,24,16,18,36,1728.0,93.6,1634.4,604.8000000000001,2.0,48.0,20.355555555555554,14,24,0,1586.4,981.6,0.6187594553706505,0.0555555555555555,0.75,1.768558951965066,35.0,0.0,healthy,维持现有补货节奏,True,20260903,2.769230769230769,2.24179415327122,0.8095367775701627,Y,33,33,0,36,0.05454545454545455,0.0,2.0,4.5,0.0013295686805112003,0.9565584553871626,C,CY,341.9733333333333,2.8703992514036187,0.0,44.06666666666667,常规监控
黍-通行证,黍,通行证,39.0,12.48,23,15,14,42,1638.0,54.6,1583.4,524.16,0.0,0.0,19.45555555555556,29,48,0,1583.4,1059.2400000000002,0.6689655172413794,0.0,0.5915492957746479,2.1587664191890346,62.14285714285714,0.0,healthy,维持现有补货节奏,True,20260903,3.230769230769231,2.27866357593825,0.7053006306475536,Y,41,41,4,47,0.03414634146341464,0.0975609756097561,,,0.0013270543675752864,0.9578855097547379,C,CY,242.80533333333338,4.362507138777842,0.0,37.7,常规监控
谬因-亚克力制品,谬因,亚克力制品,48.0,16.8,24,16,18,34,1632.0,62.4,1569.6,571.2,0.0,0.0,20.42222222222222,15,22,0,1569.6,998.4,0.636085626911315,0.0,0.7391304347826086,1.6648531011969534,39.70588235294117,0.0,healthy,维持现有补货节奏,True,20260903,2.3846153846153846,2.063106942552968,0.8651738791351157,Y,27,27,1,35,0.037037037037037035,0.037037037037037035,,,0.001315488528070083,0.9592009982828079,C,CY,343.0933333333333,2.909995336545935,0.0,46.16470588235294,常规监控
归溟幽灵鲨-通行证,归溟幽灵鲨,通行证,39.0,12.48,22,14,14,42,1638.0,85.8,1552.2,524.16,0.0,0.0,19.522222222222226,28,48,0,1552.2,1028.04,0.6623115577889447,0.0,0.6,2.151394422310757,60.0,0.0,healthy,维持现有补货节奏,True,20260903,3.230769230769231,2.650592580092426,0.8204215128857509,Y,39,39,1,43,0.05512820512820513,0.02564102564102564,,,0.0013009055130417833,0.9605019037958497,C,CY,243.63733333333337,4.2195503699487755,0.0,36.957142857142856,常规监控
纯烬艾雅法拉-通行证,纯烬艾雅法拉,通行证,39.0,12.48,23,15,14,41,1599.0,68.25,1530.75,511.68,2.0,78.0,19.9,33,48,0,1452.75,941.07,0.6477852348993288,0.048780487804878,0.5774647887323944,2.0603015075376883,72.4390243902439,0.0,healthy,维持现有补货节奏,True,20260903,3.0,1.7320508075688772,0.5773502691896257,Y,35,35,1,43,0.03571428571428571,0.02857142857142857,2.0,4.0,0.0012175560392162419,0.9617194598350659,C,CY,248.352,3.789258793969849,0.0,35.43292682926829,常规监控
Mon3tr-通行证,Mon3tr,通行证,39.0,12.48,22,14,14,38,1482.0,50.7,1431.3,474.24,0.0,0.0,20.655555555555555,34,48,0,1431.3,957.06,0.6686648501362398,0.0,0.5428571428571428,1.8396987627756856,80.52631578947368,0.0,healthy,维持现有补货节奏,True,20260903,2.769230769230769,2.087815690853567,0.7539334439193437,Y,34,34,0,38,0.03529411764705883,0.0,,,0.0011995787017244582,0.9629190385367904,C,CY,257.78133333333335,3.7126815492200103,0.0,37.66578947368421,常规监控
酒神-亚克力制品,酒神,亚克力制品,48.0,16.8,25,17,18,31,1488.0,48.0,1440.0,520.8000000000001,1.0,48.0,25.133333333333333,18,24,0,1392.0,871.1999999999999,0.6258620689655172,0.032258064516129,0.6326530612244898,1.2334217506631302,52.25806451612903,0.0,healthy,维持现有补货节奏,True,20260903,2.3846153846153846,2.142368686697878,0.8984126750668521,Y,33,33,3,35,0.03181818181818182,0.09090909090909091,1.0,7.0,0.001166641202263988,0.9640856797390543,C,CY,422.24,2.0632815460401663,0.0,44.903225806451616,常规监控
重岳-通行证,重岳,通行证,39.0,12.48,22,14,14,37,1443.0,72.14999999999999,1370.85,461.76,1.0,39.0,20.75555555555556,33,48,0,1331.85,870.0899999999999,0.6532942898975109,0.027027027027027,0.5285714285714286,1.7826552462526766,80.27027027027027,0.0,healthy,维持现有补货节奏,True,20260903,2.8461538461538463,2.339734808553947,0.8220689867892246,Y,35,35,2,40,0.045714285714285714,0.05714285714285714,1.0,3.0,0.001116229227898917,0.9652019089669532,C,CY,259.0293333333334,3.3590404175588855,0.0,35.99594594594594,常规监控
真言-通行证,真言,通行证,39.0,12.48,22,14,14,35,1365.0,52.65,1312.35,436.8,1.0,0.0,20.822222222222223,12,24,0,1312.35,875.55,0.6671619613670133,0.0285714285714285,0.7608695652173914,1.6808964781216649,30.857142857142858,0.0,healthy,维持现有补货节奏,True,20260903,2.6923076923076925,1.797434068545834,0.667618368317024,Y,32,32,1,37,0.040625,0.03125,1.0,1.0,0.0010998861938154773,0.9663017951607688,C,CY,259.86133333333333,3.3692969583778014,0.0,37.495714285714286,常规监控
斩业星熊-通行证,斩业星熊,通行证,39.0,12.48,22,14,14,37,1443.0,42.9,1400.1,461.76,3.0,117.0,20.211111111111112,36,48,0,1283.1,821.3399999999999,0.6401215805471124,0.081081081081081,0.5285714285714286,1.8306761957119293,87.56756756756756,0.0,high_return,暂停扩量并复盘质量与详情页,True,20260903,2.769230769230769,2.2417941532712202,0.8095367775701628,Y,33,33,1,38,0.030303030303030304,0.030303030303030304,3.0,3.0,0.0010753716426903182,0.9673771668034591,C,CY,252.2346666666667,3.25625343595382,0.0,34.678378378378376,售后风险：复核质量、包装与详情页承诺
贝洛内-通行证,贝洛内,通行证,39.0,12.48,22,14,14,36,1404.0,44.85,1359.15,449.28,2.0,78.0,19.14444444444445,36,48,0,1281.15,831.8699999999999,0.6493150684931507,0.0555555555555555,0.5142857142857142,1.8804410911201392,90.0,0.0,healthy,维持现有补货节奏,True,20260903,2.769230769230769,2.2043081361221617,0.7960001602663362,Y,29,29,1,37,0.03620689655172414,0.034482758620689655,2.0,3.0,0.0010737373392819744,0.968450904142741,C,CY,238.92266666666674,3.4817542077771315,0.0,35.587500000000006,常规监控
望-通行证,望,通行证,39.0,12.48,22,14,14,34,1326.0,37.05,1288.95,424.32,1.0,39.0,19.966666666666665,16,24,0,1249.95,825.6300000000001,0.6605304212168487,0.0294117647058823,0.7391304347826086,1.7028380634390652,42.35294117647059,0.0,healthy,维持现有补货节奏,True,20260903,2.3846153846153846,1.8946618668626838,0.7945356215875771,Y,33,33,2,36,0.030303030303030304,0.06060606060606061,1.0,2.0,0.001047588484748471,0.9694984926274895,C,CY,249.184,3.313334724540902,0.0,36.76323529411765,常规监控
荒芜拉普兰德-通行证,荒芜拉普兰德,通行证,39.0,12.48,22,14,14,33,1287.0,66.3,1220.7,411.84,0.0,0.0,20.155555555555555,14,24,0,1220.7,808.86,0.6626198083067093,0.0,0.717391304347826,1.637265711135612,38.18181818181819,0.0,healthy,维持现有补货节奏,True,20260903,2.4615384615384617,2.0254787341673333,0.8228507357554791,Y,28,28,0,33,0.05357142857142857,0.0,,,0.001023073933623312,0.9705215665611129,C,CY,251.54133333333334,3.215614663726571,0.0,36.99090909090909,常规监控
赤刃明霄陈-通行证,赤刃明霄陈,通行证,39.0,12.48,23,15,14,32,1248.0,39.0,1209.0,399.36,0.0,0.0,21.92222222222222,18,24,0,1209.0,809.64,0.6696774193548387,0.0,0.6808510638297872,1.4597060314242272,50.625,0.0,healthy,维持现有补货节奏,True,20260903,2.230769230769231,1.4232501627054275,0.6380086936265709,Y,32,32,2,34,0.034375,0.0625,,,0.0010132681131732482,0.9715348346742861,C,CY,273.58933333333334,2.95932589964521,0.0,37.78125,常规监控
焰狐龙梓兰-通行证,焰狐龙梓兰,通行证,39.0,12.48,22,14,14,32,1248.0,33.15,1214.85,399.36,2.0,78.0,21.64444444444445,16,24,0,1136.85,737.4899999999999,0.648713550600343,0.0625,0.6956521739130435,1.4784394250513346,45.0,0.0,healthy,维持现有补货节奏,True,20260903,2.3076923076923075,1.6525039276108333,0.7160850352980278,Y,33,33,1,33,0.02575757575757576,0.030303030303030304,2.0,4.0,0.000952798887064522,0.9724876335613507,C,CY,270.12266666666676,2.7302040554414773,0.0,35.5265625,常规监控
凛御银灰-通行证,凛御银灰,通行证,39.0,12.48,22,14,14,30,1170.0,44.85,1125.15,374.4,1.0,0.0,20.655555555555555,17,24,0,1125.15,750.75,0.6672443674176776,0.0333333333333333,0.6521739130434783,1.452393760086068,51.0,0.0,healthy,维持现有补货节奏,True,20260903,2.3076923076923075,1.9315199276138029,0.836991968632648,Y,30,30,2,33,0.03833333333333334,0.06666666666666667,1.0,3.0,0.0009429930666144585,0.9734306266279652,C,CY,257.78133333333335,2.912352071005917,0.0,37.505,常规监控
死芒-通行证,死芒,通行证,39.0,12.48,22,14,14,31,1209.0,46.8,1162.2,386.88,1.0,39.0,22.77777777777778,16,24,0,1123.2,736.32,0.6555555555555556,0.032258064516129,0.6739130434782609,1.3609756097560974,46.45161290322581,0.0,healthy,维持现有补货节奏,True,20260903,2.3846153846153846,1.3867504905630728,0.5815405283006434,Y,30,30,0,31,0.04,0.0,1.0,1.0,0.0009413587632061145,0.9743719853911713,C,CY,284.2666666666667,2.590243902439024,0.0,36.23225806451613,常规监控
余-通行证,余,通行证,39.0,12.48,22,14,14,29,1131.0,25.35,1105.65,361.92,1.0,0.0,21.31111111111111,20,24,0,1105.65,743.73,0.6726631393298059,0.0344827586206896,0.6304347826086957,1.3607924921793535,62.068965517241374,0.0,healthy,维持现有补货节奏,True,20260903,2.076923076923077,2.325995788959303,1.1199238983878126,Z,26,26,1,32,0.025,0.038461538461538464,1.0,1.0,0.000926650032531019,0.9752986354237023,C,CZ,265.9626666666667,2.7963699165797706,0.0,38.12586206896552,常规监控
缄默德克萨斯-通行证,缄默德克萨斯,通行证,39.0,12.48,22,14,14,30,1170.0,52.65,1117.35,374.4,1.0,39.0,20.855555555555554,17,24,0,1078.35,703.9499999999998,0.6528028933092223,0.0333333333333333,0.6521739130434783,1.4384656366542357,51.0,0.0,healthy,维持现有补货节奏,True,20260903,2.3076923076923075,2.097006413303473,0.9087027790981718,Y,28,28,0,30,0.048214285714285716,0.0,1.0,1.0,0.0009037697848142035,0.9762024052085165,C,CY,260.27733333333333,2.704615077250932,0.0,35.945,常规监控
缪尔赛思-通行证,缪尔赛思,通行证,39.0,12.48,22,14,14,32,1248.0,40.95,1207.05,399.36,5.0,156.0,22.57777777777778,18,24,0,1051.05,651.6899999999999,0.6200371057513915,0.15625,0.6956521739130435,1.4173228346456692,50.625,0.0,high_return,暂停扩量并复盘质量与详情页,True,20260903,2.3846153846153846,1.8045526471705546,0.7567478842973294,Y,30,30,2,34,0.02666666666666667,0.06666666666666667,5.0,3.8,0.0008808895370973883,0.977083294745614,C,CY,281.77066666666667,2.312838336614173,0.0,32.8453125,售后风险：复核质量、包装与详情页承诺
塑心-通行证,塑心,通行证,39.0,12.48,21,13,14,28,1092.0,54.6,1037.4,349.44,1.0,0.0,22.155555555555555,19,24,0,1037.4,687.96,0.6631578947368421,0.0357142857142857,0.6222222222222222,1.2637913741223672,61.07142857142857,0.0,healthy,维持现有补货节奏,True,20260903,2.076923076923077,1.6052797503622467,0.7729124723966372,Y,24,24,0,28,0.052083333333333336,0.0,1.0,6.0,0.0008694494132389808,0.9779527441588529,C,CY,276.5013333333333,2.4880892678034106,0.0,37.050000000000004,常规监控
佩佩-通行证,佩佩,通行证,39.0,12.48,21,13,14,29,1131.0,33.15,1097.85,361.92,3.0,78.0,20.322222222222223,21,24,0,1019.85,657.9299999999998,0.6451242829827915,0.1034482758620689,0.6444444444444445,1.4270092946965554,65.17241379310344,0.0,high_return,暂停扩量并复盘质量与详情页,True,20260903,2.076923076923077,1.4411533842457842,0.6938886664887108,Y,26,26,1,30,0.03461538461538462,0.038461538461538464,3.0,2.6666666666666665,0.0008547406825638852,0.9788074848414168,C,CY,253.62133333333335,2.5941429743028968,0.0,35.16724137931035,售后风险：复核质量、包装与详情页承诺
娜斯提-通行证,娜斯提,通行证,39.0,12.48,21,13,14,26,1014.0,29.25,984.75,324.48,0.0,0.0,18.2,20,24,0,984.75,660.27,0.6704950495049504,0.0,0.5777777777777777,1.4285714285714286,69.23076923076924,0.0,healthy,维持现有补货节奏,True,20260903,1.9230769230769231,1.8009968749527976,0.9365183749754548,Y,23,23,2,28,0.026086956521739136,0.08695652173913043,,,0.0008253232212136942,0.9796328080626304,C,CY,227.136,2.906936813186813,0.0,37.875,常规监控
司霆惊蛰-通行证,司霆惊蛰,通行证,39.0,12.48,22,14,14,25,975.0,37.05,937.95,312.0,1.0,0.0,24.177777777777777,22,24,0,937.95,625.95,0.6673596673596673,0.04,0.5434782608695652,1.0340073529411764,79.2,0.0,healthy,维持现有补货节奏,True,20260903,1.9230769230769231,1.1875421719907087,0.6175219294351685,Y,24,24,1,26,0.03333333333333333,0.041666666666666664,1.0,1.0,0.0007860999394134394,0.9804189080020439,C,CY,301.7386666666667,2.0744772518382355,0.0,37.518,常规监控
缄默德克萨斯-吧唧（徽章）,缄默德克萨斯,吧唧（徽章）,18.0,5.4,22,14,12,54,972.0,39.6,932.4,291.6,2.0,0.0,20.122222222222224,20,48,0,932.4,640.8,0.6872586872586872,0.037037037037037,0.7714285714285715,2.6836002208724463,33.333333333333336,0.0,healthy,维持现有补货节奏,True,20260903,4.0,2.345207879911715,0.5863019699779287,Y,41,41,0,54,0.041463414634146344,0.0,2.0,5.5,0.0007814484604819989,0.9812003564625259,C,CY,108.66000000000001,5.897294312534511,0.0,17.266666666666666,常规监控
维娜·维多利亚-吧唧（徽章）,维娜·维多利亚,吧唧（徽章）,18.0,5.4,22,14,12,53,954.0,34.2,919.8,286.20000000000005,1.0,18.0,17.977777777777778,18,48,0,901.8,615.6,0.6826347305389221,0.0188679245283018,0.7571428571428571,2.9480840543881337,30.56603773584905,0.0,healthy,维持现有补货节奏,True,20260903,4.0,2.0816659994661326,0.5204164998665332,Y,48,48,0,53,0.03854166666666667,0.0,1.0,6.0,0.0007558024685356784,0.9819561589310616,C,CY,97.08000000000001,6.34116192830655,0.0,17.015094339622642,常规监控
酒神-通行证,酒神,通行证,39.0,12.48,22,14,14,24,936.0,39.0,897.0,299.52,0.0,0.0,25.133333333333333,24,24,0,897.0,597.48,0.6660869565217391,0.0,0.5217391304347826,0.9549071618037136,90.0,0.0,healthy,维持现有补货节奏,True,20260903,1.6923076923076923,1.5483655567842813,0.9149432835543481,Y,25,25,3,27,0.044000000000000004,0.12,,,0.0007517795678382164,0.9827079384988998,C,CY,313.664,1.9048408488063662,0.0,37.375,常规监控
赤刃明霄陈-吧唧（徽章）,赤刃明霄陈,吧唧（徽章）,18.0,5.4,22,14,12,50,900.0,27.0,873.0,270.0,2.0,36.0,20.522222222222226,24,48,0,837.0,567.0,0.6774193548387096,0.04,0.7142857142857143,2.4363833243096917,43.2,0.0,healthy,维持现有补货节奏,True,20260903,3.6153846153846154,2.292686253374032,0.6341472615715408,Y,44,44,0,50,0.03181818181818182,0.0,2.0,3.0,0.0007014933091199411,0.9834094318080198,C,CY,110.82000000000002,5.116404981050351,0.0,16.74,常规监控
望-吧唧（徽章）,望,吧唧（徽章）,18.0,5.4,22,14,12,49,882.0,30.6,851.4,264.6,1.0,18.0,18.45555555555556,22,48,0,833.4,568.8,0.6825053995680346,0.0204081632653061,0.7,2.6550270921131847,40.40816326530613,0.0,healthy,维持现有补货节奏,True,20260903,3.6923076923076925,3.4733416998767286,0.9406967103832806,Y,43,43,1,50,0.037209302325581395,0.023255813953488372,1.0,3.0,0.0006984761335968446,0.9841079079416166,C,CY,99.66000000000003,5.707405177603851,0.0,17.008163265306123,常规监控
黍-吧唧（徽章）,黍,吧唧（徽章）,18.0,5.4,22,14,12,47,846.0,36.9,809.1,253.8,0.0,0.0,18.133333333333333,23,48,0,809.1,555.3,0.6863181312569521,0.0,0.6714285714285714,2.5919117647058822,44.04255319148936,0.0,healthy,维持现有补货节奏,True,20260903,3.6153846153846154,2.567049588485503,0.7100349925598199,Y,40,40,1,49,0.0475,0.025,,,0.0006781101988159431,0.9847860181404325,C,CY,97.92,5.67095588235294,0.0,17.21489361702128,常规监控
凛御银灰-吧唧（徽章）,凛御银灰,吧唧（徽章）,18.0,5.4,22,14,12,46,828.0,27.0,801.0,248.4,0.0,0.0,17.977777777777778,25,48,0,801.0,552.6,0.6898876404494382,0.0,0.6571428571428571,2.5587144622991347,48.91304347826088,0.0,healthy,维持现有补货节奏,True,20260903,3.4615384615384617,2.6336092033362575,0.7608204365193633,Y,46,46,4,52,0.03804347826086957,0.08695652173913043,,,0.0006713215538889759,0.9854573396943215,C,CY,97.08000000000001,5.692212608158219,0.0,17.41304347826087,常规监控
谬因-通行证,谬因,通行证,39.0,12.48,21,13,14,21,819.0,19.5,799.5,262.08,0.0,0.0,24.5,24,24,0,799.5,537.4200000000001,0.6721951219512196,0.0,0.4666666666666667,0.8571428571428571,102.85714285714286,0.0,healthy,维持现有补货节奏,True,20260903,1.6153846153846154,1.5566235649883124,0.9636241116594315,Y,18,18,1,22,0.027777777777777776,0.05555555555555555,,,0.000670064397421019,0.9861274040917425,C,CY,305.76,1.75765306122449,0.0,38.07142857142857,常规监控
酒神-吧唧（徽章）,酒神,吧唧（徽章）,18.0,5.4,21,13,12,44,792.0,21.6,770.4,237.6,1.0,18.0,21.366666666666667,26,48,0,752.4,514.8,0.6842105263157894,0.0227272727272727,0.6376811594202898,2.059282371294852,53.18181818181819,0.0,healthy,维持现有补货节奏,True,20260903,3.3846153846153846,2.3992520201950973,0.7088699150576424,Y,40,40,2,46,0.0325,0.05,1.0,1.0,0.0006305896843271728,0.9867579937760697,C,CY,115.38000000000001,4.461778471138845,0.0,17.099999999999998,常规监控
新约能天使-吧唧（徽章）,新约能天使,吧唧（徽章）,18.0,5.4,23,15,12,45,810.0,39.6,770.4,243.00000000000003,2.0,18.0,21.377777777777776,30,48,0,752.4,509.4,0.6770334928229665,0.0444444444444444,0.6338028169014085,2.1049896049896053,60.0,0.0,healthy,维持现有补货节奏,True,20260903,3.3076923076923075,2.213015114597254,0.6690510811573094,Y,42,42,1,46,0.04285714285714286,0.023809523809523808,2.0,3.5,0.0006305896843271728,0.9873885834603968,C,CY,115.44,4.412681912681912,0.0,16.72,常规监控
缇缇-通行证,缇缇,通行证,39.0,12.48,21,13,14,21,819.0,37.05,781.95,262.08,1.0,39.0,24.522222222222226,25,24,0,742.95,480.87000000000006,0.647244094488189,0.0476190476190476,0.4666666666666667,0.856366107838695,107.14285714285714,0.0,healthy,维持现有补货节奏,True,20260903,1.6153846153846154,1.192927878405448,0.7384791628224202,Y,23,23,2,23,0.04565217391304348,0.08695652173913043,1.0,3.0,0.0006226695985790445,0.9880112530589759,C,CY,306.0373333333334,1.5712788853647486,0.0,35.37857142857143,常规监控
结城理-吧唧（徽章）,结城理,吧唧（徽章）,18.0,5.4,22,14,12,42,756.0,22.5,733.5,226.8,0.0,0.0,20.9,28,48,0,733.5,506.7,0.69079754601227,0.0,0.6,2.009569377990431,60.0,0.0,healthy,维持现有补货节奏,True,20260903,3.230769230769231,1.535895295576609,0.47539616291656944,X,42,42,2,44,0.03333333333333334,0.047619047619047616,,,0.0006147495128309161,0.9886260025718068,C,CX,112.86,4.4896331738437,0.0,17.464285714285715,常规监控
荒芜拉普兰德-吧唧（徽章）,荒芜拉普兰德,吧唧（徽章）,18.0,5.4,22,14,12,43,774.0,43.2,730.8000000000001,232.2,0.0,0.0,18.944444444444443,27,48,0,730.8000000000001,498.6,0.6822660098522167,0.0,0.6142857142857143,2.269794721407625,56.51162790697674,0.0,healthy,维持现有补货节奏,True,20260903,3.3076923076923075,2.926448797451027,0.8847403341131013,Y,40,40,0,43,0.05625,0.0,,,0.0006124866311885938,0.9892384892029954,C,CY,102.3,4.873900293255132,0.0,16.995348837209303,常规监控
凯尔希·思衡托-吧唧（徽章）,凯尔希·思衡托,吧唧（徽章）,18.0,5.4,23,15,12,42,756.0,21.6,734.4,226.8,1.0,18.0,21.511111111111116,29,48,0,716.4,489.6,0.6834170854271356,0.0238095238095238,0.5915492957746479,1.952479338842975,62.14285714285714,0.0,healthy,维持现有补货节奏,True,20260903,3.230769230769231,2.24179415327122,0.6938886664887108,Y,41,41,3,48,0.032926829268292684,0.07317073170731707,1.0,4.0,0.0006004179290962076,0.9898389071320915,C,CY,116.16000000000004,4.21487603305785,0.0,17.057142857142857,常规监控
司霆惊蛰-吧唧（徽章）,司霆惊蛰,吧唧（徽章）,18.0,5.4,21,13,12,41,738.0,27.0,711.0,221.4,1.0,0.0,17.533333333333335,28,47,0,711.0,489.6,0.6886075949367089,0.024390243902439,0.6029411764705882,2.3384030418250945,61.46341463414634,0.0,healthy,维持现有补货节奏,True,20260903,3.1538461538461537,1.5191090506255,0.481668723369061,X,39,39,1,42,0.0358974358974359,0.02564102564102564,1.0,7.0,0.0005958921658115628,0.9904347992979031,C,CX,94.68000000000002,5.171102661596957,0.0,17.341463414634145,常规监控
娜斯提-吧唧（徽章）,娜斯提,吧唧（徽章）,18.0,5.4,21,13,12,45,810.0,28.8,781.2,243.0,6.0,72.0,20.133333333333333,27,48,0,709.2,466.2000000000001,0.6573604060913706,0.1333333333333333,0.6521739130434783,2.2350993377483444,54.0,0.0,high_return,暂停扩量并复盘质量与详情页,True,20260903,3.4615384615384617,2.665063620734804,0.7699072682122766,Y,38,38,0,45,0.035526315789473684,0.0,6.0,4.333333333333333,0.0005943835780500146,0.9910291828759531,C,CY,108.72,4.288079470198676,0.0,15.760000000000002,售后风险：复核质量、包装与详情页承诺
结城理-通行证,结城理,通行证,39.0,12.48,22,14,14,20,780.0,39.0,741.0,249.6,1.0,39.0,20.31111111111111,27,24,0,702.0,452.4,0.6444444444444444,0.05,0.4347826086956521,0.9846827133479212,121.5,0.0,healthy,维持现有补货节奏,True,20260903,1.4615384615384615,1.5063966175050876,1.030692422503481,Z,20,20,2,22,0.045,0.1,1.0,4.0,0.0005883492270038215,0.9916175321029569,C,CZ,253.48266666666666,1.7847374179431073,0.0,35.1,常规监控
纯烬艾雅法拉-吧唧（徽章）,纯烬艾雅法拉,吧唧（徽章）,18.0,5.4,22,14,12,40,720.0,27.0,693.0,216.0,0.0,0.0,19.366666666666667,30,48,0,693.0,477.0,0.6883116883116883,0.0,0.5714285714285714,2.065404475043029,67.5,0.0,healthy,维持现有补货节奏,True,20260903,3.076923076923077,1.4411533842457842,0.4683748498798798,X,39,39,1,41,0.038461538461538464,0.02564102564102564,,,0.0005808062881960803,0.992198338391153,C,CX,104.58000000000001,4.5611015490533555,0.0,17.325,常规监控
缪尔赛思-吧唧（徽章）,缪尔赛思,吧唧（徽章）,18.0,5.4,22,14,12,39,702.0,14.4,687.6,210.6,0.0,0.0,21.066666666666663,33,48,0,687.6,477.0,0.6937172774869109,0.0,0.5571428571428572,1.8512658227848104,76.15384615384615,0.0,healthy,维持现有补货节奏,True,20260903,2.8461538461538463,2.192645048267573,0.7703888007426607,Y,32,32,1,41,0.0234375,0.03125,,,0.0005762805249114355,0.9927746189160644,C,CY,113.75999999999999,4.193037974683545,0.0,17.630769230769232,常规监控
死芒-吧唧（徽章）,死芒,吧唧（徽章）,18.0,5.4,22,14,12,38,684.0,18.9,665.1,205.2,0.0,0.0,19.655555555555555,32,48,0,665.1,459.9,0.6914749661705006,0.0,0.5428571428571428,1.9332956472583385,75.78947368421052,0.0,healthy,维持现有补货节奏,True,20260903,2.923076923076923,2.325995788959303,0.7957354014860774,Y,35,35,1,39,0.02428571428571429,0.02857142857142857,,,0.0005574231778920823,0.9933320420939565,C,CY,106.14,4.33295647258338,0.0,17.50263157894737,常规监控
Mon3tr-吧唧（徽章）,Mon3tr,吧唧（徽章）,18.0,5.4,22,14,12,40,720.0,28.8,691.2,216.0,2.0,36.0,22.155555555555555,31,48,0,655.2,439.2000000000001,0.6703296703296704,0.05,0.5714285714285714,1.8054162487462384,69.75,0.0,healthy,维持现有补货节奏,True,20260903,3.076923076923077,2.8711652240144145,0.9331286978046847,Y,39,39,1,41,0.03974358974358975,0.02564102564102564,2.0,6.5,0.0005491259452035668,0.9938811680391602,C,CY,119.64,3.6710130391173528,0.0,16.380000000000003,常规监控
贝洛内-吧唧（徽章）,贝洛内,吧唧（徽章）,18.0,5.4,21,13,12,39,702.0,20.7,681.3,210.6,2.0,36.0,20.68888888888889,30,48,0,645.3,434.69999999999993,0.6736401673640167,0.0512820512820512,0.5652173913043478,1.8850698174006444,69.23076923076923,0.0,healthy,维持现有补货节奏,True,20260903,3.0,2.1602468994692865,0.7200822998230955,Y,33,33,1,40,0.03333333333333333,0.030303030303030304,1.0,6.0,0.0005408287125150513,0.9944219967516752,C,CY,111.72000000000001,3.8909774436090214,0.0,16.546153846153846,常规监控
真言-吧唧（徽章）,真言,吧唧（徽章）,18.0,5.4,22,14,12,39,702.0,29.7,672.3,210.6,4.0,36.0,18.55555555555556,34,48,0,636.3,425.69999999999993,0.6690240452616689,0.1025641025641025,0.5571428571428572,2.1017964071856285,78.46153846153845,0.0,high_return,暂停扩量并复盘质量与详情页,True,20260903,3.0,1.5275252316519468,0.5091750772173156,Y,38,38,1,40,0.03684210526315789,0.02631578947368421,4.0,5.5,0.00053328577370731,0.9949552825253825,C,CY,100.20000000000003,4.248502994011974,0.0,16.315384615384612,售后风险：复核质量、包装与详情页承诺
谬因-吧唧（徽章）,谬因,吧唧（徽章）,18.0,5.4,21,13,12,36,648.0,24.3,623.7,194.4,0.0,0.0,18.58888888888889,33,48,0,623.7,429.30000000000007,0.6883116883116883,0.0,0.5217391304347826,1.936640765092648,82.5,0.0,healthy,维持现有补货节奏,True,20260903,2.769230769230769,1.4232501627054275,0.5139514476436267,Y,32,32,0,36,0.034375,0.0,,,0.0005227256593764723,0.995478008184759,C,CY,100.38000000000001,4.276748356246264,0.0,17.325000000000003,常规监控
予愿安洁莉娜-吧唧（徽章）,予愿安洁莉娜,吧唧（徽章）,18.0,5.4,22,14,12,36,648.0,31.5,616.5,194.4,0.0,0.0,19.488888888888887,35,48,0,616.5,422.1,0.6846715328467153,0.0,0.5142857142857142,1.847206385404789,87.5,0.0,healthy,维持现有补货节奏,True,20260903,2.6923076923076925,1.031553471276484,0.3831484321884083,X,33,33,1,37,0.043939393939393945,0.030303030303030304,,,0.0005166913083302792,0.9959946994930893,C,CX,105.24,4.010832383124288,0.0,17.125,常规监控
余-吧唧（徽章）,余,吧唧（徽章）,18.0,5.4,21,13,12,36,648.0,16.2,631.8,194.4,1.0,18.0,18.75555555555556,34,48,0,613.8,419.4,0.6832844574780059,0.0277777777777777,0.5217391304347826,1.9194312796208528,85.0,0.0,healthy,维持现有补货节奏,True,20260903,2.769230769230769,2.8033862307884654,1.0123339166736125,Z,31,31,1,37,0.02741935483870968,0.03225806451612903,1.0,6.0,0.0005144284266879567,0.9965091279197772,C,CZ,101.28000000000003,4.140995260663506,0.0,17.049999999999997,常规监控
归溟幽灵鲨-吧唧（徽章）,归溟幽灵鲨,吧唧（徽章）,18.0,5.4,22,14,12,41,738.0,30.6,707.4,221.4,6.0,108.0,21.011111111111116,31,48,0,599.4,378.0,0.6306306306306306,0.1463414634146341,0.5857142857142857,1.95134849286092,68.04878048780488,0.0,high_return,暂停扩量并复盘质量与详情页,True,20260903,3.1538461538461537,2.409915415049314,0.7641195218449044,Y,37,37,1,42,0.043243243243243246,0.02702702702702703,6.0,3.1666666666666665,0.0005023597245955707,0.9970114876443728,C,CY,113.46000000000004,3.3315705975674237,0.0,14.61951219512195,售后风险：复核质量、包装与详情页承诺
怒潮凛冬-吧唧（徽章）,怒潮凛冬,吧唧（徽章）,18.0,5.4,21,13,12,35,630.0,20.700000000000003,609.3000000000001,189.0,1.0,18.0,16.944444444444443,34,48,0,591.3000000000001,402.30000000000007,0.680365296803653,0.0285714285714285,0.5072463768115942,2.065573770491804,87.42857142857143,0.0,healthy,维持现有补货节奏,True,20260903,2.6923076923076925,2.657837949180229,0.9871969525526564,Y,31,31,2,37,0.03870967741935484,0.06451612903225806,1.0,1.0,0.0004955710796686036,0.9975070587240413,C,CY,91.5,4.39672131147541,0.0,16.894285714285715,常规监控
斩业星熊-吧唧（徽章）,斩业星熊,吧唧（徽章）,18.0,5.4,21,13,12,34,612.0,24.3,587.7,183.6,1.0,18.0,19.322222222222223,12,24,0,569.7,386.1,0.6777251184834123,0.0294117647058823,0.7555555555555555,1.75963197239793,31.764705882352946,0.0,healthy,维持现有补货节奏,True,20260903,2.5384615384615383,1.6132464481796023,0.6355213280707525,Y,34,34,6,40,0.03970588235294118,0.17647058823529413,1.0,4.0,0.0004774680265300244,0.9979845267505714,C,CY,104.34,3.7004025301897645,0.0,16.75588235294118,常规监控
塑心-吧唧（徽章）,塑心,吧唧（徽章）,18.0,5.4,21,13,12,34,612.0,26.1,585.9,183.6,1.0,18.0,19.53333333333333,11,24,0,567.9,384.3,0.6767036450079239,0.0294117647058823,0.7555555555555555,1.7406143344709897,29.11764705882353,0.0,healthy,维持现有补货节奏,True,20260903,2.6153846153846154,1.5021352323976214,0.5743458241520317,Y,28,28,1,35,0.04107142857142858,0.03571428571428571,1.0,2.0,0.0004759594387684761,0.9984604861893398,C,CY,105.47999999999999,3.6433447098976113,0.0,16.70294117647059,常规监控
焰狐龙梓兰-吧唧（徽章）,焰狐龙梓兰,吧唧（徽章）,18.0,5.4,22,14,12,31,558.0,21.6,536.4,167.4,0.0,0.0,20.95555555555556,15,24,0,536.4,369.0,0.6879194630872484,0.0,0.6739130434782609,1.47932131495228,43.54838709677419,0.0,healthy,维持现有补货节奏,True,20260903,2.3846153846153846,1.6092680291808414,0.6748543348177722,Y,28,28,1,33,0.04107142857142858,0.03571428571428571,,,0.0004495591529413816,0.9989100453422812,C,CY,113.16000000000003,3.2608695652173907,0.0,17.30322580645161,常规监控
佩佩-吧唧（徽章）,佩佩,吧唧（徽章）,18.0,5.4,21,13,12,30,540.0,23.4,516.6,162.0,1.0,18.0,20.622222222222224,15,24,0,498.6,336.6,0.6750902527075813,0.0333333333333333,0.6666666666666666,1.4547413793103448,45.0,0.0,healthy,维持现有补货节奏,True,20260903,2.3076923076923075,1.8878830906871757,0.8180826726311096,Y,26,26,1,31,0.04423076923076923,0.038461538461538464,1.0,3.0,0.0004178788099488681,0.99932792415223,C,CY,111.36000000000001,3.0226293103448274,0.0,16.62,常规监控
重岳-吧唧（徽章）,重岳,吧唧（徽章）,18.0,5.4,22,14,12,31,558.0,33.300000000000004,524.7,167.4,2.0,36.0,21.33333333333333,17,24,0,488.7000000000001,321.30000000000007,0.6574585635359117,0.064516129032258,0.6739130434782609,1.453125,49.354838709677416,0.0,healthy,维持现有补货节奏,True,20260903,2.3846153846153846,2.063106942552968,0.8651738791351157,Y,28,28,0,31,0.05535714285714286,0.0,2.0,1.5,0.00040958157726035275,0.9997375057294904,C,CY,115.19999999999999,2.789062500000001,0.0,15.76451612903226,常规监控
缇缇-吧唧（徽章）,缇缇,吧唧（徽章）,18.0,5.4,20,12,12,18,324.0,10.8,313.2,97.2,0.0,0.0,23.444444444444443,26,24,0,313.2,216.0,0.6896551724137931,0.0,0.4090909090909091,0.7677725118483413,130.0,0.0,healthy,维持现有补货节奏,True,20260903,1.3846153846153846,1.3867504905630728,1.0015420209622192,Z,17,17,0,18,0.03529411764705882,0.0,,,0.0002624942705093973,0.9999999999999998,C,CZ,126.6,1.7061611374407584,0.0,17.4,常规监控
