sku_id,operator,category,price,unit_cost,initial_stock,reorder_point,purchase_lead_time_days,sold_units,gross_sales,discount_amount,net_sales,cogs,return_units,refund_amount,average_inventory,ending_inventory,inbound_units,stockout_units,net_sales_after_refund,gross_profit,gross_margin_rate,return_rate,sell_through_rate,inventory_turnover,days_of_inventory,stockout_rate,inventory_status,recommended_action,is_simulated,simulation_seed
新约能天使-亚克力制品,新约能天使,亚克力制品,48.0,16.8,27,19,18,56,2688.0,96.0,2592.0,940.8000000000001,1.0,48.0,18.144444444444446,19,48,0,2544.0,1603.1999999999998,0.630188679245283,0.017857142857142856,0.7466666666666667,3.0863441518677277,30.535714285714285,0.0,healthy,维持现有补货节奏,True,20260903
新约能天使-通行证,新约能天使,通行证,39.0,12.48,23,15,14,47,1833.0,74.1,1758.8999999999999,586.5600000000001,2.0,39.0,19.233333333333334,27,48,0,1719.8999999999999,1133.3399999999997,0.6589569160997731,0.0425531914893617,0.6619718309859155,2.44367417677643,51.702127659574465,0.0,healthy,维持现有补货节奏,True,20260903
新约能天使-吧唧（徽章）,新约能天使,吧唧（徽章）,18.0,5.4,23,15,12,45,810.0,39.6,770.4,243.00000000000003,2.0,18.0,21.377777777777776,30,48,0,752.4,509.4,0.6770334928229665,0.044444444444444446,0.6338028169014085,2.1049896049896053,60.0,0.0,healthy,维持现有补货节奏,True,20260903
新约能天使-毛绒玩偶,新约能天使,毛绒玩偶,128.0,61.44,38,30,40,42,5376.0,249.60000000000002,5126.4,2580.48,3.0,384.0,28.666666666666668,28,30,0,4742.4,2161.9199999999996,0.4558704453441295,0.07142857142857142,0.6176470588235294,1.4651162790697674,60.0,0.0,healthy,维持现有补货节奏,True,20260903
新约能天使-手办模玩,新约能天使,手办模玩,699.0,433.38,72,61,90,55,38445.0,1363.0500000000002,37081.95,23835.9,4.0,2097.0,44.15555555555556,20,0,0,34984.95,11149.049999999996,0.3186813186813186,0.07272727272727272,0.7638888888888888,1.245596376446905,32.72727272727273,0.0,replenish_now,立即补货,True,20260903
新约能天使-装饰摆件,新约能天使,装饰摆件,89.0,37.38,31,23,25,53,4717.0,178.0,4539.0,1981.14,2.0,89.0,19.377777777777776,24,46,0,4450.0,2468.8599999999997,0.5548,0.03773584905660377,0.6883116883116883,2.7350917431192663,40.75471698113208,0.0,healthy,维持现有补货节奏,True,20260903
新约能天使-日用生活,新约能天使,日用生活,99.0,45.54,33,25,30,60,5940.0,272.25,5667.75,2732.4,4.0,297.0,17.522222222222222,26,51,0,5370.75,2638.35,0.4912442396313364,0.06666666666666667,0.7142857142857143,3.4242232086239697,39.0,0.0,healthy,维持现有补货节奏,True,20260903
凯尔希·思衡托-亚克力制品,凯尔希·思衡托,亚克力制品,48.0,16.8,27,19,18,42,2016.0,67.2,1948.8,705.6,1.0,48.0,21.244444444444444,38,48,0,1900.8,1195.1999999999998,0.6287878787878787,0.023809523809523808,0.56,1.9769874476987446,81.42857142857143,0.0,healthy,维持现有补货节奏,True,20260903
凯尔希·思衡托-通行证,凯尔希·思衡托,通行证,39.0,12.48,23,15,14,51,1989.0,83.85,1905.15,636.48,0.0,0.0,18.9,20,48,0,1905.15,1268.67,0.6659160696008188,0.0,0.7183098591549296,2.6984126984126986,35.294117647058826,0.0,healthy,维持现有补货节奏,True,20260903
凯尔希·思衡托-吧唧（徽章）,凯尔希·思衡托,吧唧（徽章）,18.0,5.4,23,15,12,42,756.0,21.6,734.4,226.8,1.0,18.0,21.511111111111113,29,48,0,716.4,489.59999999999997,0.6834170854271356,0.023809523809523808,0.5915492957746479,1.952479338842975,62.14285714285714,0.0,healthy,维持现有补货节奏,True,20260903
凯尔希·思衡托-毛绒玩偶,凯尔希·思衡托,毛绒玩偶,128.0,61.44,38,30,40,58,7424.0,262.40000000000003,7161.6,3563.52,1.0,128.0,21.977777777777778,11,30,0,7033.6,3470.0800000000004,0.4933575978161966,0.017241379310344827,0.8529411764705882,2.639029322548028,17.068965517241377,0.0,replenish_now,立即补货,True,20260903
凯尔希·思衡托-手办模玩,凯尔希·思衡托,手办模玩,699.0,433.38,71,60,90,48,33552.0,873.7500000000001,32678.25,20802.24,0.0,0.0,48.06666666666667,24,0,0,32678.25,11876.009999999998,0.36342245989304806,0.0,0.676056338028169,0.9986130374479889,45.0,0.0,replenish_now,立即补货,True,20260903
凯尔希·思衡托-装饰摆件,凯尔希·思衡托,装饰摆件,89.0,37.38,30,22,25,54,4806.0,195.8,4610.2,2018.5200000000002,3.0,178.0,21.766666666666666,25,46,0,4432.2,2413.6799999999994,0.544578313253012,0.05555555555555555,0.7105263157894737,2.4808575803981623,41.66666666666667,0.0,healthy,维持现有补货节奏,True,20260903
凯尔希·思衡托-日用生活,凯尔希·思衡托,日用生活,99.0,45.54,32,24,30,52,5148.0,178.20000000000002,4969.8,2368.08,3.0,198.0,18.266666666666666,32,48,0,4771.8,2403.7200000000003,0.5037344398340249,0.057692307692307696,0.65,2.8467153284671536,55.38461538461539,0.0,healthy,维持现有补货节奏,True,20260903
予愿安洁莉娜-亚克力制品,予愿安洁莉娜,亚克力制品,48.0,16.8,26,18,18,56,2688.0,69.6,2618.4,940.8000000000001,0.0,0.0,18.27777777777778,20,48,0,2618.4,1677.6,0.6406966086159486,0.0,0.7567567567567568,3.063829787234042,32.14285714285714,0.0,healthy,维持现有补货节奏,True,20260903
予愿安洁莉娜-通行证,予愿安洁莉娜,通行证,39.0,12.48,23,15,14,52,2028.0,48.75,1979.25,648.96,0.0,0.0,17.5,19,48,0,1979.25,1330.29,0.6721182266009852,0.0,0.7323943661971831,2.9714285714285715,32.88461538461539,0.0,healthy,维持现有补货节奏,True,20260903
予愿安洁莉娜-吧唧（徽章）,予愿安洁莉娜,吧唧（徽章）,18.0,5.4,22,14,12,36,648.0,31.5,616.5,194.4,0.0,0.0,19.488888888888887,35,48,0,616.5,422.1,0.6846715328467153,0.0,0.5142857142857142,1.847206385404789,87.5,0.0,healthy,维持现有补货节奏,True,20260903
予愿安洁莉娜-毛绒玩偶,予愿安洁莉娜,毛绒玩偶,128.0,61.44,36,28,40,47,6016.0,358.40000000000003,5657.6,2887.68,3.0,384.0,21.266666666666666,20,29,0,5273.6,2385.9200000000005,0.4524271844660195,0.06382978723404255,0.7230769230769231,2.2100313479623828,38.29787234042553,0.0,replenish_now,立即补货,True,20260903
予愿安洁莉娜-手办模玩,予愿安洁莉娜,手办模玩,699.0,433.38,65,55,90,43,30057.0,1223.25,28833.75,18635.34,4.0,2796.0,48.6,24,0,0,26037.75,7402.41,0.2842953020134228,0.09302325581395349,0.6615384615384615,0.8847736625514403,50.23255813953488,0.0,high_return,暂停扩量并复盘质量与详情页,True,20260903
予愿安洁莉娜-装饰摆件,予愿安洁莉娜,装饰摆件,89.0,37.38,29,21,25,42,3738.0,164.65,3573.35,1569.96,1.0,0.0,19.41111111111111,34,46,0,3573.35,2003.3899999999999,0.5606475716064757,0.023809523809523808,0.56,2.163709215798512,72.85714285714286,0.0,healthy,维持现有补货节奏,True,20260903
予愿安洁莉娜-日用生活,予愿安洁莉娜,日用生活,99.0,45.54,31,23,30,31,3069.0,99.0,2970.0,1411.74,1.0,0.0,24.91111111111111,25,24,0,2970.0,1558.26,0.5246666666666666,0.03225806451612903,0.5636363636363636,1.2444246208742196,72.58064516129032,0.0,healthy,维持现有补货节奏,True,20260903
维娜·维多利亚-亚克力制品,维娜·维多利亚,亚克力制品,48.0,16.8,26,18,18,56,2688.0,148.8,2539.2,940.8000000000001,2.0,48.0,18.788888888888888,23,48,0,2491.2,1550.3999999999996,0.6223506743737957,0.03571428571428571,0.7567567567567568,2.980484920165583,36.964285714285715,0.0,healthy,维持现有补货节奏,True,20260903
维娜·维多利亚-通行证,维娜·维多利亚,通行证,39.0,12.48,23,15,14,50,1950.0,72.14999999999999,1877.85,624.0,3.0,78.0,16.633333333333333,24,48,0,1799.85,1175.85,0.6533044420368364,0.06,0.704225352112676,3.006012024048096,43.199999999999996,0.0,healthy,维持现有补货节奏,True,20260903
维娜·维多利亚-吧唧（徽章）,维娜·维多利亚,吧唧（徽章）,18.0,5.4,22,14,12,53,954.0,34.2,919.8000000000001,286.20000000000005,1.0,18.0,17.977777777777778,18,48,0,901.8000000000001,615.6,0.6826347305389221,0.018867924528301886,0.7571428571428571,2.9480840543881337,30.566037735849054,0.0,healthy,维持现有补货节奏,True,20260903
维娜·维多利亚-毛绒玩偶,维娜·维多利亚,毛绒玩偶,128.0,61.44,36,28,40,41,5248.0,204.8,5043.2,2519.04,2.0,256.0,24.066666666666666,24,28,0,4787.2,2268.16,0.47379679144385023,0.04878048780487805,0.640625,1.703601108033241,52.6829268292683,0.0,healthy,维持现有补货节奏,True,20260903
维娜·维多利亚-手办模玩,维娜·维多利亚,手办模玩,699.0,433.38,65,55,90,41,28659.0,1328.1000000000001,27330.9,17768.579999999998,3.0,2097.0,47.53333333333333,27,0,0,25233.9,7465.320000000003,0.2958448753462605,0.07317073170731707,0.6307692307692307,0.8625525946704067,59.26829268292683,0.0,replenish_now,立即补货,True,20260903
维娜·维多利亚-装饰摆件,维娜·维多利亚,装饰摆件,89.0,37.38,29,21,25,49,4361.0,137.95000000000002,4223.05,1831.6200000000001,1.0,89.0,20.455555555555556,29,47,0,4134.05,2302.4300000000003,0.5569429494079656,0.02040816326530612,0.6447368421052632,2.3954372623574143,53.26530612244898,0.0,healthy,维持现有补货节奏,True,20260903
维娜·维多利亚-日用生活,维娜·维多利亚,日用生活,99.0,45.54,31,23,30,34,3366.0,148.5,3217.5,1548.36,1.0,99.0,23.211111111111112,19,22,0,3118.5,1570.14,0.5034920634920635,0.029411764705882353,0.6415094339622641,1.4648157012924843,50.294117647058826,0.0,healthy,维持现有补货节奏,True,20260903
纯烬艾雅法拉-亚克力制品,纯烬艾雅法拉,亚克力制品,48.0,16.8,26,18,18,34,1632.0,31.2,1600.8,571.2,0.0,0.0,22.022222222222222,16,24,0,1600.8,1029.6,0.6431784107946027,0.0,0.68,1.5438950554994955,42.35294117647059,0.0,healthy,维持现有补货节奏,True,20260903
纯烬艾雅法拉-通行证,纯烬艾雅法拉,通行证,39.0,12.48,23,15,14,41,1599.0,68.25,1530.75,511.68,2.0,78.0,19.9,33,48,0,1452.75,941.0699999999999,0.6477852348993288,0.04878048780487805,0.5774647887323944,2.0603015075376883,72.4390243902439,0.0,healthy,维持现有补货节奏,True,20260903
纯烬艾雅法拉-吧唧（徽章）,纯烬艾雅法拉,吧唧（徽章）,18.0,5.4,22,14,12,40,720.0,27.0,693.0,216.0,0.0,0.0,19.366666666666667,30,48,0,693.0,477.0,0.6883116883116883,0.0,0.5714285714285714,2.065404475043029,67.5,0.0,healthy,维持现有补货节奏,True,20260903
纯烬艾雅法拉-毛绒玩偶,纯烬艾雅法拉,毛绒玩偶,128.0,61.44,36,28,40,32,4096.0,134.4,3961.6,1966.08,1.0,128.0,31.544444444444444,33,28,0,3833.6,1867.52,0.4871452420701169,0.03125,0.5,1.0144417048256429,92.8125,0.0,healthy,维持现有补货节奏,True,20260903
纯烬艾雅法拉-手办模玩,纯烬艾雅法拉,手办模玩,699.0,433.38,65,55,90,46,32154.0,1293.15,30860.85,19935.48,4.0,2796.0,41.75555555555555,24,0,0,28064.85,8129.369999999999,0.2896637608966376,0.08695652173913043,0.7076923076923077,1.101649813730708,46.95652173913044,0.0,high_return,暂停扩量并复盘质量与详情页,True,20260903
纯烬艾雅法拉-装饰摆件,纯烬艾雅法拉,装饰摆件,89.0,37.38,29,21,25,33,2937.0,71.2,2865.7999999999997,1233.5400000000002,1.0,0.0,26.055555555555557,21,24,0,2865.7999999999997,1632.2599999999995,0.5695652173913043,0.030303030303030304,0.6226415094339622,1.2665245202558635,57.27272727272727,0.0,healthy,维持现有补货节奏,True,20260903
纯烬艾雅法拉-日用生活,纯烬艾雅法拉,日用生活,99.0,45.54,31,23,30,54,5346.0,242.55,5103.45,2459.16,4.0,297.0,18.655555555555555,5,24,0,4806.45,2347.29,0.4883625128733265,0.07407407407407407,0.9818181818181818,2.8945801072066706,8.333333333333334,0.0,replenish_now,立即补货,True,20260903
赤刃明霄陈-亚克力制品,赤刃明霄陈,亚克力制品,48.0,16.8,26,18,18,35,1680.0,50.4,1629.6,588.0,0.0,0.0,20.988888888888887,15,24,0,1629.6,1041.6,0.6391752577319587,0.0,0.7,1.667548967707782,38.57142857142857,0.0,healthy,维持现有补货节奏,True,20260903
赤刃明霄陈-通行证,赤刃明霄陈,通行证,39.0,12.48,23,15,14,32,1248.0,39.0,1209.0,399.36,0.0,0.0,21.92222222222222,18,24,0,1209.0,809.64,0.6696774193548387,0.0,0.6808510638297872,1.4597060314242272,50.625,0.0,healthy,维持现有补货节奏,True,20260903
赤刃明霄陈-吧唧（徽章）,赤刃明霄陈,吧唧（徽章）,18.0,5.4,22,14,12,50,900.0,27.0,873.0,270.0,2.0,36.0,20.522222222222222,24,48,0,837.0,567.0,0.6774193548387096,0.04,0.7142857142857143,2.4363833243096913,43.199999999999996,0.0,healthy,维持现有补货节奏,True,20260903
赤刃明霄陈-毛绒玩偶,赤刃明霄陈,毛绒玩偶,128.0,61.44,36,28,40,37,4736.0,211.20000000000002,4524.8,2273.2799999999997,3.0,256.0,27.68888888888889,30,29,0,4268.8,1995.5200000000004,0.4674662668665668,0.08108108108108109,0.5692307692307692,1.3362760834670946,72.97297297297298,0.0,high_return,暂停扩量并复盘质量与详情页,True,20260903
赤刃明霄陈-手办模玩,赤刃明霄陈,手办模玩,699.0,433.38,65,55,90,44,30756.0,1258.2,29497.8,19068.72,3.0,2097.0,41.15555555555556,21,0,0,27400.8,8332.079999999998,0.30408163265306115,0.06818181818181818,0.676923076923077,1.0691144708423326,42.95454545454545,0.0,replenish_now,立即补货,True,20260903
赤刃明霄陈-装饰摆件,赤刃明霄陈,装饰摆件,89.0,37.38,29,21,25,39,3471.0,129.05,3341.95,1457.8200000000002,0.0,0.0,23.77777777777778,15,24,0,3341.95,1884.1299999999997,0.5637816245006657,0.0,0.7358490566037735,1.6401869158878506,34.61538461538461,0.0,healthy,维持现有补货节奏,True,20260903
赤刃明霄陈-日用生活,赤刃明霄陈,日用生活,99.0,45.54,31,23,30,45,4455.0,163.35,4291.65,2049.3,3.0,297.0,21.355555555555554,14,26,0,3994.6499999999996,1945.3499999999995,0.486988847583643,0.06666666666666667,0.7894736842105263,2.1071800208116547,28.0,0.0,replenish_now,立即补货,True,20260903
焰狐龙梓兰-亚克力制品,焰狐龙梓兰,亚克力制品,48.0,16.8,26,18,18,46,2208.0,79.2,2128.8,772.8000000000001,0.0,0.0,21.72222222222222,31,48,0,2128.8,1356.0,0.6369785794813979,0.0,0.6216216216216216,2.1176470588235294,60.652173913043484,0.0,healthy,维持现有补货节奏,True,20260903
焰狐龙梓兰-通行证,焰狐龙梓兰,通行证,39.0,12.48,22,14,14,32,1248.0,33.15,1214.85,399.36,2.0,78.0,21.644444444444446,16,24,0,1136.85,737.4899999999999,0.648713550600343,0.0625,0.6956521739130435,1.4784394250513346,45.0,0.0,healthy,维持现有补货节奏,True,20260903
焰狐龙梓兰-吧唧（徽章）,焰狐龙梓兰,吧唧（徽章）,18.0,5.4,22,14,12,31,558.0,21.6,536.4,167.4,0.0,0.0,20.955555555555556,15,24,0,536.4,369.0,0.6879194630872484,0.0,0.6739130434782609,1.47932131495228,43.54838709677419,0.0,healthy,维持现有补货节奏,True,20260903
焰狐龙梓兰-毛绒玩偶,焰狐龙梓兰,毛绒玩偶,128.0,61.44,35,27,40,36,4608.0,256.0,4352.0,2211.84,2.0,256.0,26.81111111111111,27,27,0,4096.0,1884.1599999999999,0.45999999999999996,0.05555555555555555,0.5806451612903226,1.342726895980108,67.5,0.0,healthy,维持现有补货节奏,True,20260903
焰狐龙梓兰-手办模玩,焰狐龙梓兰,手办模玩,699.0,433.38,65,55,90,34,23766.0,838.8000000000001,22927.2,14734.92,8.0,4194.0,51.544444444444444,36,0,0,18733.2,3998.2800000000007,0.21343283582089556,0.23529411764705882,0.5230769230769231,0.6596249191636129,95.29411764705883,0.0,high_return,暂停扩量并复盘质量与详情页,True,20260903
焰狐龙梓兰-装饰摆件,焰狐龙梓兰,装饰摆件,89.0,37.38,29,21,25,56,4984.0,222.5,4761.5,2093.28,2.0,178.0,18.211111111111112,24,48,0,4583.5,2490.22,0.5433009708737864,0.03571428571428571,0.7272727272727273,3.075045759609518,38.57142857142857,0.0,healthy,维持现有补货节奏,True,20260903
焰狐龙梓兰-日用生活,焰狐龙梓兰,日用生活,99.0,45.54,31,23,30,51,5049.0,153.45,4895.55,2322.54,1.0,99.0,19.244444444444444,4,24,0,4796.55,2474.01,0.5157894736842106,0.0196078431372549,0.9272727272727272,2.6501154734411085,7.0588235294117645,0.0,replenish_now,立即补货,True,20260903
凛御银灰-亚克力制品,凛御银灰,亚克力制品,48.0,16.8,25,17,18,37,1776.0,74.4,1701.6,621.6,2.0,48.0,20.77777777777778,14,24,0,1653.6,1032.0,0.6240928882438317,0.05405405405405406,0.7551020408163265,1.780748663101604,34.054054054054056,0.0,healthy,维持现有补货节奏,True,20260903
凛御银灰-通行证,凛御银灰,通行证,39.0,12.48,22,14,14,30,1170.0,44.85,1125.15,374.40000000000003,1.0,0.0,20.655555555555555,17,24,0,1125.15,750.75,0.6672443674176776,0.03333333333333333,0.6521739130434783,1.452393760086068,51.0,0.0,healthy,维持现有补货节奏,True,20260903
凛御银灰-吧唧（徽章）,凛御银灰,吧唧（徽章）,18.0,5.4,22,14,12,46,828.0,27.0,801.0,248.4,0.0,0.0,17.977777777777778,25,48,0,801.0,552.6,0.6898876404494382,0.0,0.6571428571428571,2.5587144622991347,48.913043478260875,0.0,healthy,维持现有补货节奏,True,20260903
凛御银灰-毛绒玩偶,凛御银灰,毛绒玩偶,128.0,61.44,35,27,40,47,6016.0,198.4,5817.6,2887.68,6.0,640.0,21.122222222222224,19,28,0,5177.6,2289.9200000000005,0.44227441285537705,0.1276595744680851,0.746031746031746,2.225144660704892,36.38297872340425,0.0,high_return,暂停扩量并复盘质量与详情页,True,20260903
凛御银灰-手办模玩,凛御银灰,手办模玩,699.0,433.38,64,54,90,35,24465.0,1118.4,23346.6,15168.3,1.0,699.0,48.25555555555555,31,0,0,22647.6,7479.299999999999,0.3302469135802469,0.02857142857142857,0.546875,0.7253050886483997,79.71428571428571,0.0,replenish_now,立即补货,True,20260903
凛御银灰-装饰摆件,凛御银灰,装饰摆件,89.0,37.38,29,21,25,52,4628.0,169.1,4458.9,1943.7600000000002,1.0,89.0,17.31111111111111,28,48,0,4369.9,2426.1399999999994,0.555193482688391,0.019230769230769232,0.6753246753246753,3.0038510911424905,48.46153846153847,0.0,healthy,维持现有补货节奏,True,20260903
凛御银灰-日用生活,凛御银灰,日用生活,99.0,45.54,31,23,30,60,5940.0,153.45,5786.55,2732.4,3.0,297.0,14.855555555555556,22,48,1,5489.55,2757.15,0.5022542831379622,0.05,0.759493670886076,4.038893044128646,33.0,0.01639344262295082,replenish_now,立即补货,True,20260903
归溟幽灵鲨-亚克力制品,归溟幽灵鲨,亚克力制品,48.0,16.8,25,17,18,58,2784.0,112.8,2671.2,974.4000000000001,1.0,48.0,17.488888888888887,16,48,0,2623.2,1648.7999999999997,0.6285452881976211,0.017241379310344827,0.7945205479452054,3.316391359593393,24.82758620689655,0.0,replenish_now,立即补货,True,20260903
归溟幽灵鲨-通行证,归溟幽灵鲨,通行证,39.0,12.48,22,14,14,42,1638.0,85.8,1552.2,524.16,0.0,0.0,19.522222222222222,28,48,0,1552.2,1028.04,0.6623115577889447,0.0,0.6,2.151394422310757,60.0,0.0,healthy,维持现有补货节奏,True,20260903
归溟幽灵鲨-吧唧（徽章）,归溟幽灵鲨,吧唧（徽章）,18.0,5.4,22,14,12,41,738.0,30.6,707.4,221.4,6.0,108.0,21.011111111111113,31,48,0,599.4,378.0,0.6306306306306306,0.14634146341463414,0.5857142857142857,1.9513484928609197,68.04878048780488,0.0,high_return,暂停扩量并复盘质量与详情页,True,20260903
归溟幽灵鲨-毛绒玩偶,归溟幽灵鲨,毛绒玩偶,128.0,61.44,35,27,40,38,4864.0,153.6,4710.4,2334.72,1.0,128.0,24.022222222222222,24,27,0,4582.4,2247.68,0.49050279329608937,0.02631578947368421,0.6129032258064516,1.5818686401480109,56.8421052631579,0.0,healthy,维持现有补货节奏,True,20260903
归溟幽灵鲨-手办模玩,归溟幽灵鲨,手办模玩,699.0,433.38,64,54,90,62,43338.0,1712.55,41625.45,26869.56,3.0,2097.0,35.13333333333333,3,0,0,39528.45,12658.889999999996,0.3202475685234305,0.04838709677419355,0.96875,1.7647058823529413,4.354838709677419,0.0,replenish_now,立即补货,True,20260903
归溟幽灵鲨-装饰摆件,归溟幽灵鲨,装饰摆件,89.0,37.38,29,21,25,49,4361.0,133.5,4227.5,1831.6200000000001,1.0,89.0,18.91111111111111,28,48,0,4138.5,2306.88,0.5574193548387097,0.02040816326530612,0.6363636363636364,2.591069330199765,51.42857142857143,0.0,healthy,维持现有补货节奏,True,20260903
归溟幽灵鲨-日用生活,归溟幽灵鲨,日用生活,99.0,45.54,31,23,30,32,3168.0,94.05,3073.95,1457.28,3.0,297.0,27.08888888888889,27,24,0,2776.95,1319.6699999999998,0.475222816399287,0.09375,0.5818181818181818,1.18129614438064,75.9375,0.0,high_return,暂停扩量并复盘质量与详情页,True,20260903
黍-亚克力制品,黍,亚克力制品,48.0,16.8,26,18,18,45,2160.0,76.8,2083.2,756.0,2.0,48.0,20.766666666666666,31,48,0,2035.1999999999998,1279.1999999999998,0.6285377358490566,0.044444444444444446,0.6081081081081081,2.1669341894060996,62.0,0.0,healthy,维持现有补货节奏,True,20260903
黍-通行证,黍,通行证,39.0,12.48,23,15,14,42,1638.0,54.6,1583.4,524.16,0.0,0.0,19.455555555555556,29,48,0,1583.4,1059.2400000000002,0.6689655172413794,0.0,0.5915492957746479,2.1587664191890346,62.14285714285714,0.0,healthy,维持现有补货节奏,True,20260903
黍-吧唧（徽章）,黍,吧唧（徽章）,18.0,5.4,22,14,12,47,846.0,36.9,809.1,253.8,0.0,0.0,18.133333333333333,23,48,0,809.1,555.3,0.6863181312569521,0.0,0.6714285714285714,2.5919117647058822,44.04255319148936,0.0,healthy,维持现有补货节奏,True,20260903
黍-毛绒玩偶,黍,毛绒玩偶,128.0,61.44,36,28,40,49,6272.0,211.20000000000002,6060.8,3010.56,1.0,128.0,24.7,19,27,0,5932.8,2922.2400000000002,0.49255663430420715,0.02040816326530612,0.7777777777777778,1.9838056680161944,34.89795918367347,0.0,replenish_now,立即补货,True,20260903
黍-手办模玩,黍,手办模玩,699.0,433.38,65,55,90,35,24465.0,1258.2,23206.8,15168.3,5.0,3495.0,49.022222222222226,32,0,0,19711.8,4543.5,0.23049645390070922,0.14285714285714285,0.5384615384615384,0.713961922030825,82.28571428571428,0.0,high_return,暂停扩量并复盘质量与详情页,True,20260903
黍-装饰摆件,黍,装饰摆件,89.0,37.38,29,21,25,41,3649.0,178.0,3471.0,1532.5800000000002,3.0,267.0,23.166666666666668,15,24,0,3204.0,1671.4199999999998,0.5216666666666666,0.07317073170731707,0.7735849056603774,1.7697841726618704,32.926829268292686,0.0,healthy,维持现有补货节奏,True,20260903
黍-日用生活,黍,日用生活,99.0,45.54,31,23,30,38,3762.0,198.0,3564.0,1730.52,2.0,198.0,22.766666666666666,18,24,0,3366.0,1635.48,0.4858823529411765,0.05263157894736842,0.6909090909090909,1.6691068814055638,42.63157894736842,0.0,healthy,维持现有补货节奏,True,20260903
Mon3tr-亚克力制品,Mon3tr,亚克力制品,48.0,16.8,25,17,18,51,2448.0,67.2,2380.8,856.8000000000001,2.0,48.0,18.444444444444443,24,48,0,2332.8,1476.0,0.632716049382716,0.0392156862745098,0.6986301369863014,2.7650602409638556,42.35294117647059,0.0,healthy,维持现有补货节奏,True,20260903
Mon3tr-通行证,Mon3tr,通行证,39.0,12.48,22,14,14,38,1482.0,50.699999999999996,1431.3,474.24,0.0,0.0,20.655555555555555,34,48,0,1431.3,957.06,0.6686648501362398,0.0,0.5428571428571428,1.8396987627756858,80.52631578947368,0.0,healthy,维持现有补货节奏,True,20260903
Mon3tr-吧唧（徽章）,Mon3tr,吧唧（徽章）,18.0,5.4,22,14,12,40,720.0,28.8,691.2,216.0,2.0,36.0,22.155555555555555,31,48,0,655.2,439.20000000000005,0.6703296703296704,0.05,0.5714285714285714,1.8054162487462386,69.75,0.0,healthy,维持现有补货节奏,True,20260903
Mon3tr-毛绒玩偶,Mon3tr,毛绒玩偶,128.0,61.44,34,26,40,43,5504.0,115.2,5388.8,2641.92,2.0,256.0,24.38888888888889,19,26,0,5132.8,2490.88,0.48528678304239403,0.046511627906976744,0.7166666666666667,1.7630979498861048,39.76744186046511,0.0,replenish_now,立即补货,True,20260903
Mon3tr-手办模玩,Mon3tr,手办模玩,699.0,433.38,63,53,90,39,27261.0,978.6,26282.4,16901.82,3.0,2097.0,41.31111111111111,26,0,0,24185.4,7283.580000000002,0.3011560693641619,0.07692307692307693,0.6190476190476191,0.9440559440559441,60.0,0.0,replenish_now,立即补货,True,20260903
Mon3tr-装饰摆件,Mon3tr,装饰摆件,89.0,37.38,28,20,25,41,3649.0,164.65,3484.35,1532.5800000000002,0.0,0.0,20.6,35,48,0,3484.35,1951.7699999999998,0.5601532567049808,0.0,0.5394736842105263,1.9902912621359221,76.82926829268293,0.0,healthy,维持现有补货节奏,True,20260903
Mon3tr-日用生活,Mon3tr,日用生活,99.0,45.54,30,22,30,42,4158.0,153.45000000000002,4004.5499999999997,1912.68,1.0,99.0,20.055555555555557,37,48,0,3905.5499999999997,1992.8699999999997,0.5102661596958175,0.023809523809523808,0.5384615384615384,2.0941828254847645,79.28571428571428,0.0,healthy,维持现有补货节奏,True,20260903
重岳-亚克力制品,重岳,亚克力制品,48.0,16.8,25,17,18,42,2016.0,76.8,1939.2,705.6,1.0,0.0,19.433333333333334,29,45,0,1939.2,1233.6,0.636138613861386,0.023809523809523808,0.6,2.1612349914236706,62.14285714285714,0.0,healthy,维持现有补货节奏,True,20260903
重岳-通行证,重岳,通行证,39.0,12.48,22,14,14,37,1443.0,72.14999999999999,1370.85,461.76,1.0,39.0,20.755555555555556,33,48,0,1331.85,870.0899999999999,0.6532942898975109,0.02702702702702703,0.5285714285714286,1.7826552462526766,80.27027027027027,0.0,healthy,维持现有补货节奏,True,20260903
重岳-吧唧（徽章）,重岳,吧唧（徽章）,18.0,5.4,22,14,12,31,558.0,33.300000000000004,524.7,167.4,2.0,36.0,21.333333333333332,17,24,0,488.70000000000005,321.30000000000007,0.6574585635359117,0.06451612903225806,0.6739130434782609,1.453125,49.354838709677416,0.0,healthy,维持现有补货节奏,True,20260903
重岳-毛绒玩偶,重岳,毛绒玩偶,128.0,61.44,34,26,40,36,4608.0,121.60000000000001,4486.4,2211.84,1.0,0.0,21.066666666666666,26,26,0,4486.4,2274.5599999999995,0.5069900142653352,0.027777777777777776,0.6,1.7088607594936709,65.0,0.0,healthy,维持现有补货节奏,True,20260903
重岳-手办模玩,重岳,手办模玩,699.0,433.38,62,52,90,36,25164.0,1258.2,23905.8,15601.68,1.0,699.0,42.4,26,0,0,23206.8,7605.119999999999,0.32771084337349393,0.027777777777777776,0.5806451612903226,0.849056603773585,65.0,0.0,replenish_now,立即补货,True,20260903
重岳-装饰摆件,重岳,装饰摆件,89.0,37.38,28,20,25,36,3204.0,106.8,3097.2,1345.68,1.0,89.0,19.755555555555556,17,24,0,3008.2,1662.5199999999998,0.5526627218934911,0.027777777777777776,0.6923076923076923,1.8222722159730032,42.5,0.0,healthy,维持现有补货节奏,True,20260903
重岳-日用生活,重岳,日用生活,99.0,45.54,30,22,30,32,3168.0,158.4,3009.6,1457.28,3.0,297.0,23.655555555555555,25,24,0,2712.6,1255.32,0.4627737226277372,0.09375,0.5925925925925926,1.3527477689055896,70.3125,0.0,high_return,暂停扩量并复盘质量与详情页,True,20260903
荒芜拉普兰德-亚克力制品,荒芜拉普兰德,亚克力制品,48.0,16.8,25,17,18,40,1920.0,84.0,1836.0,672.0,2.0,96.0,18.977777777777778,31,46,0,1740.0,1068.0,0.6137931034482759,0.05,0.5633802816901409,2.107728337236534,69.75,0.0,healthy,维持现有补货节奏,True,20260903
荒芜拉普兰德-通行证,荒芜拉普兰德,通行证,39.0,12.48,22,14,14,33,1287.0,66.3,1220.7,411.84000000000003,0.0,0.0,20.155555555555555,14,24,0,1220.7,808.86,0.6626198083067093,0.0,0.717391304347826,1.637265711135612,38.18181818181819,0.0,healthy,维持现有补货节奏,True,20260903
荒芜拉普兰德-吧唧（徽章）,荒芜拉普兰德,吧唧（徽章）,18.0,5.4,22,14,12,43,774.0,43.2,730.8000000000001,232.20000000000002,0.0,0.0,18.944444444444443,27,48,0,730.8000000000001,498.6,0.6822660098522167,0.0,0.6142857142857143,2.269794721407625,56.51162790697674,0.0,healthy,维持现有补货节奏,True,20260903
荒芜拉普兰德-毛绒玩偶,荒芜拉普兰德,毛绒玩偶,128.0,61.44,34,26,40,50,6400.0,224.0,6176.0,3072.0,2.0,256.0,20.544444444444444,11,26,0,5920.0,2848.0,0.4810810810810811,0.04,0.8333333333333334,2.43374797187669,19.8,0.0,replenish_now,立即补货,True,20260903
荒芜拉普兰德-手办模玩,荒芜拉普兰德,手办模玩,699.0,433.38,62,52,90,44,30756.0,803.85,29952.149999999998,19068.72,5.0,2796.0,42.91111111111111,22,0,0,27156.149999999998,8087.429999999997,0.2978120978120977,0.11363636363636363,0.7096774193548387,1.0253754531330919,45.0,0.0,high_return,暂停扩量并复盘质量与详情页,True,20260903
荒芜拉普兰德-装饰摆件,荒芜拉普兰德,装饰摆件,89.0,37.38,28,20,25,39,3471.0,142.4,3328.6,1457.8200000000002,6.0,445.0,21.288888888888888,41,48,0,2883.6,1425.7799999999997,0.49444444444444435,0.15384615384615385,0.5131578947368421,1.8319415448851775,94.61538461538461,0.0,high_return,暂停扩量并复盘质量与详情页,True,20260903
荒芜拉普兰德-日用生活,荒芜拉普兰德,日用生活,99.0,45.54,30,22,30,46,4554.0,103.95,4450.05,2094.84,1.0,99.0,18.91111111111111,10,24,0,4351.05,2256.21,0.5185437997724687,0.021739130434782608,0.8518518518518519,2.4324324324324325,19.565217391304348,0.0,replenish_now,立即补货,True,20260903
望-亚克力制品,望,亚克力制品,48.0,16.8,25,17,18,56,2688.0,105.6,2582.4,940.8000000000001,0.0,0.0,16.533333333333335,18,48,0,2582.4,1641.6,0.6356877323420074,0.0,0.7671232876712328,3.387096774193548,28.928571428571427,0.0,healthy,维持现有补货节奏,True,20260903
望-通行证,望,通行证,39.0,12.48,22,14,14,34,1326.0,37.05,1288.95,424.32,1.0,39.0,19.966666666666665,16,24,0,1249.95,825.6300000000001,0.6605304212168487,0.029411764705882353,0.7391304347826086,1.7028380634390652,42.35294117647059,0.0,healthy,维持现有补货节奏,True,20260903
望-吧唧（徽章）,望,吧唧（徽章）,18.0,5.4,22,14,12,49,882.0,30.6,851.4,264.6,1.0,18.0,18.455555555555556,22,48,0,833.4,568.8,0.6825053995680346,0.02040816326530612,0.7,2.6550270921131847,40.40816326530613,0.0,healthy,维持现有补货节奏,True,20260903
望-毛绒玩偶,望,毛绒玩偶,128.0,61.44,34,26,40,36,4608.0,217.60000000000002,4390.4,2211.84,1.0,128.0,22.866666666666667,24,26,0,4262.4,2050.5599999999995,0.481081081081081,0.027777777777777776,0.6,1.5743440233236154,60.0,0.0,healthy,维持现有补货节奏,True,20260903
望-手办模玩,望,手办模玩,699.0,433.38,59,50,90,20,13980.0,349.5,13630.5,8667.6,0.0,0.0,46.46666666666667,39,0,0,13630.5,4962.9,0.3641025641025641,0.0,0.3389830508474576,0.430416068866571,175.5,0.0,healthy,维持现有补货节奏,True,20260903
望-装饰摆件,望,装饰摆件,89.0,37.38,28,20,25,37,3293.0,151.3,3141.7,1383.0600000000002,3.0,267.0,20.555555555555557,16,24,0,2874.7,1491.6399999999996,0.5188854489164085,0.08108108108108109,0.7115384615384616,1.8,38.91891891891892,0.0,high_return,暂停扩量并复盘质量与详情页,True,20260903
望-日用生活,望,日用生活,99.0,45.54,30,22,30,46,4554.0,118.80000000000001,4435.2,2094.84,3.0,99.0,21.044444444444444,10,24,0,4336.2,2241.3599999999997,0.5168949771689497,0.06521739130434782,0.8518518518518519,2.185850052798311,19.565217391304348,0.0,replenish_now,立即补货,True,20260903
结城理-亚克力制品,结城理,亚克力制品,48.0,16.8,25,17,18,48,2304.0,100.8,2203.2,806.4,3.0,144.0,20.7,24,46,0,2059.2,1252.7999999999997,0.6083916083916083,0.0625,0.676056338028169,2.318840579710145,45.0,0.0,healthy,维持现有补货节奏,True,20260903
结城理-通行证,结城理,通行证,39.0,12.48,22,14,14,20,780.0,39.0,741.0,249.60000000000002,1.0,39.0,20.31111111111111,27,24,0,702.0,452.4,0.6444444444444444,0.05,0.43478260869565216,0.9846827133479213,121.5,0.0,healthy,维持现有补货节奏,True,20260903
结城理-吧唧（徽章）,结城理,吧唧（徽章）,18.0,5.4,22,14,12,42,756.0,22.5,733.5,226.8,0.0,0.0,20.9,28,48,0,733.5,506.7,0.69079754601227,0.0,0.6,2.009569377990431,60.0,0.0,healthy,维持现有补货节奏,True,20260903
结城理-毛绒玩偶,结城理,毛绒玩偶,128.0,61.44,34,26,40,39,4992.0,185.60000000000002,4806.4,2396.16,0.0,0.0,22.477777777777778,22,26,0,4806.4,2410.24,0.5014647137150466,0.0,0.65,1.7350469599604545,50.76923076923077,0.0,healthy,维持现有补货节奏,True,20260903
结城理-手办模玩,结城理,手办模玩,699.0,433.38,59,50,90,25,17475.0,454.35,17020.65,10834.5,3.0,2097.0,48.7,36,0,0,14923.650000000001,4089.1500000000015,0.2740046838407495,0.12,0.423728813559322,0.513347022587269,129.6,0.0,high_return,暂停扩量并复盘质量与详情页,True,20260903
结城理-装饰摆件,结城理,装饰摆件,89.0,37.38,28,20,25,42,3738.0,106.8,3631.2,1569.96,1.0,89.0,19.0,11,24,0,3542.2,1972.2399999999998,0.5567839195979899,0.023809523809523808,0.8076923076923077,2.2105263157894735,23.57142857142857,0.0,replenish_now,立即补货,True,20260903
结城理-日用生活,结城理,日用生活,99.0,45.54,30,22,30,28,2772.0,118.8,2653.2,1275.12,2.0,198.0,26.4,27,24,0,2455.2,1180.08,0.4806451612903226,0.07142857142857142,0.5185185185185185,1.0606060606060606,86.78571428571428,0.0,healthy,维持现有补货节奏,True,20260903
缄默德克萨斯-亚克力制品,缄默德克萨斯,亚克力制品,48.0,16.8,25,17,18,37,1776.0,74.4,1701.6000000000001,621.6,2.0,96.0,20.466666666666665,36,48,0,1605.6000000000001,984.0000000000001,0.6128550074738416,0.05405405405405406,0.5068493150684932,1.8078175895765474,87.56756756756756,0.0,healthy,维持现有补货节奏,True,20260903
缄默德克萨斯-通行证,缄默德克萨斯,通行证,39.0,12.48,22,14,14,30,1170.0,52.65,1117.35,374.40000000000003,1.0,39.0,20.855555555555554,17,24,0,1078.35,703.9499999999998,0.6528028933092223,0.03333333333333333,0.6521739130434783,1.4384656366542357,51.0,0.0,healthy,维持现有补货节奏,True,20260903
缄默德克萨斯-吧唧（徽章）,缄默德克萨斯,吧唧（徽章）,18.0,5.4,22,14,12,54,972.0,39.6,932.4,291.6,2.0,0.0,20.122222222222224,20,48,0,932.4,640.8,0.6872586872586872,0.037037037037037035,0.7714285714285715,2.6836002208724463,33.333333333333336,0.0,healthy,维持现有补货节奏,True,20260903
缄默德克萨斯-毛绒玩偶,缄默德克萨斯,毛绒玩偶,128.0,61.44,34,26,40,43,5504.0,217.6,5286.4,2641.92,5.0,640.0,21.533333333333335,24,27,0,4646.4,2004.4799999999996,0.4314049586776859,0.11627906976744186,0.7049180327868853,1.9969040247678018,50.23255813953488,0.0,high_return,暂停扩量并复盘质量与详情页,True,20260903
缄默德克萨斯-手办模玩,缄默德克萨斯,手办模玩,699.0,433.38,59,50,90,32,22368.0,594.1500000000001,21773.85,13868.16,3.0,2097.0,46.12222222222222,30,0,0,19676.85,5808.689999999999,0.2952042628774422,0.09375,0.5423728813559322,0.693808720790171,84.375,0.0,high_return,暂停扩量并复盘质量与详情页,True,20260903
缄默德克萨斯-装饰摆件,缄默德克萨斯,装饰摆件,89.0,37.38,28,20,25,50,4450.0,137.95000000000002,4312.05,1869.0000000000002,1.0,89.0,16.866666666666667,26,47,0,4223.05,2354.05,0.5574288724973656,0.02,0.6666666666666666,2.9644268774703555,46.8,0.0,healthy,维持现有补货节奏,True,20260903
缄默德克萨斯-日用生活,缄默德克萨斯,日用生活,99.0,45.54,29,21,30,46,4554.0,138.6,4415.4,2094.84,3.0,297.0,19.58888888888889,9,24,0,4118.4,2023.5599999999995,0.49134615384615377,0.06521739130434782,0.8679245283018868,2.3482699943278504,17.608695652173914,0.0,replenish_now,立即补货,True,20260903
死芒-亚克力制品,死芒,亚克力制品,48.0,16.8,25,17,18,44,2112.0,96.0,2016.0,739.2,2.0,96.0,19.366666666666667,31,48,0,1920.0,1180.8,0.615,0.045454545454545456,0.6027397260273972,2.2719449225473323,63.409090909090914,0.0,healthy,维持现有补货节奏,True,20260903
死芒-通行证,死芒,通行证,39.0,12.48,22,14,14,31,1209.0,46.8,1162.2,386.88,1.0,39.0,22.77777777777778,16,24,0,1123.2,736.32,0.6555555555555556,0.03225806451612903,0.6739130434782609,1.3609756097560974,46.45161290322581,0.0,healthy,维持现有补货节奏,True,20260903
死芒-吧唧（徽章）,死芒,吧唧（徽章）,18.0,5.4,22,14,12,38,684.0,18.9,665.1,205.20000000000002,0.0,0.0,19.655555555555555,32,48,0,665.1,459.9,0.6914749661705006,0.0,0.5428571428571428,1.9332956472583382,75.78947368421052,0.0,healthy,维持现有补货节奏,True,20260903
死芒-毛绒玩偶,死芒,毛绒玩偶,128.0,61.44,34,26,40,53,6784.0,204.8,6579.2,3256.3199999999997,5.0,512.0,20.533333333333335,11,26,0,6067.2,2810.88,0.46329113924050636,0.09433962264150944,0.8833333333333333,2.581168831168831,18.67924528301887,0.0,high_return,暂停扩量并复盘质量与详情页,True,20260903
死芒-手办模玩,死芒,手办模玩,699.0,433.38,58,49,90,38,26562.0,1258.2,25303.8,16468.44,2.0,699.0,36.51111111111111,21,0,0,24604.8,8136.360000000001,0.3306818181818182,0.05263157894736842,0.6551724137931034,1.0407790626902007,49.73684210526316,0.0,replenish_now,立即补货,True,20260903
死芒-装饰摆件,死芒,装饰摆件,89.0,37.38,28,20,25,29,2581.0,75.65,2505.35,1084.02,2.0,178.0,22.833333333333332,27,24,0,2327.35,1243.33,0.5342256214149139,0.06896551724137931,0.5576923076923077,1.27007299270073,83.79310344827586,0.0,healthy,维持现有补货节奏,True,20260903
死芒-日用生活,死芒,日用生活,99.0,45.54,29,21,30,52,5148.0,212.85,4935.15,2368.08,4.0,297.0,17.022222222222222,28,48,0,4638.15,2270.0699999999997,0.4894343649946638,0.07692307692307693,0.6753246753246753,3.0548302872062663,48.46153846153847,0.0,healthy,维持现有补货节奏,True,20260903
真言-亚克力制品,真言,亚克力制品,48.0,16.8,25,17,18,41,1968.0,76.8,1891.2,688.8000000000001,1.0,0.0,21.288888888888888,35,48,0,1891.2,1202.4,0.6357868020304569,0.024390243902439025,0.5616438356164384,1.9258872651356997,76.82926829268293,0.0,healthy,维持现有补货节奏,True,20260903
真言-通行证,真言,通行证,39.0,12.48,22,14,14,35,1365.0,52.65,1312.35,436.8,1.0,0.0,20.822222222222223,12,24,0,1312.35,875.55,0.6671619613670133,0.02857142857142857,0.7608695652173914,1.6808964781216649,30.857142857142858,0.0,healthy,维持现有补货节奏,True,20260903
真言-吧唧（徽章）,真言,吧唧（徽章）,18.0,5.4,22,14,12,39,702.0,29.7,672.3,210.60000000000002,4.0,36.0,18.555555555555557,34,48,0,636.3,425.69999999999993,0.6690240452616689,0.10256410256410256,0.5571428571428572,2.1017964071856285,78.46153846153845,0.0,high_return,暂停扩量并复盘质量与详情页,True,20260903
真言-毛绒玩偶,真言,毛绒玩偶,128.0,61.44,34,26,40,35,4480.0,198.4,4281.6,2150.4,4.0,384.0,23.144444444444446,27,26,0,3897.6000000000004,1747.2000000000003,0.4482758620689655,0.11428571428571428,0.5833333333333334,1.5122419587133942,69.42857142857143,0.0,high_return,暂停扩量并复盘质量与详情页,True,20260903
真言-手办模玩,真言,手办模玩,699.0,433.38,58,49,90,40,27960.0,1328.1000000000001,26631.899999999998,17335.2,1.0,699.0,38.666666666666664,19,0,0,25932.899999999998,8597.699999999997,0.3315363881401616,0.025,0.6896551724137931,1.0344827586206897,42.75,0.0,replenish_now,立即补货,True,20260903
真言-装饰摆件,真言,装饰摆件,89.0,37.38,28,20,25,44,3916.0,222.5,3693.5,1644.72,2.0,89.0,20.988888888888887,34,48,0,3604.5,1959.78,0.5437037037037037,0.045454545454545456,0.5789473684210527,2.096347273689783,69.54545454545455,0.0,healthy,维持现有补货节奏,True,20260903
真言-日用生活,真言,日用生活,99.0,45.54,29,21,30,33,3267.0,79.2,3187.8,1502.82,4.0,297.0,24.255555555555556,23,24,0,2890.8,1387.9800000000002,0.4801369863013699,0.12121212121212122,0.6226415094339622,1.3605130554283096,62.727272727272734,0.0,high_return,暂停扩量并复盘质量与详情页,True,20260903
缪尔赛思-亚克力制品,缪尔赛思,亚克力制品,48.0,16.8,25,17,18,36,1728.0,69.6,1658.4,604.8000000000001,1.0,48.0,21.022222222222222,36,46,0,1610.4,1005.6,0.624441132637854,0.027777777777777776,0.5070422535211268,1.7124735729386893,90.0,0.0,healthy,维持现有补货节奏,True,20260903
缪尔赛思-通行证,缪尔赛思,通行证,39.0,12.48,22,14,14,32,1248.0,40.949999999999996,1207.05,399.36,5.0,156.0,22.57777777777778,18,24,0,1051.05,651.6899999999999,0.6200371057513915,0.15625,0.6956521739130435,1.4173228346456692,50.625,0.0,high_return,暂停扩量并复盘质量与详情页,True,20260903
缪尔赛思-吧唧（徽章）,缪尔赛思,吧唧（徽章）,18.0,5.4,22,14,12,39,702.0,14.4,687.6,210.60000000000002,0.0,0.0,21.066666666666666,33,48,0,687.6,477.0,0.6937172774869109,0.0,0.5571428571428572,1.8512658227848102,76.15384615384615,0.0,healthy,维持现有补货节奏,True,20260903
缪尔赛思-毛绒玩偶,缪尔赛思,毛绒玩偶,128.0,61.44,34,26,40,32,4096.0,153.6,3942.4,1966.08,2.0,128.0,27.744444444444444,30,27,0,3814.4,1848.3200000000002,0.4845637583892618,0.0625,0.5245901639344263,1.1533840608730477,84.375,0.0,healthy,维持现有补货节奏,True,20260903
缪尔赛思-手办模玩,缪尔赛思,手办模玩,699.0,433.38,62,52,90,41,28659.0,908.7,27750.3,17768.579999999998,2.0,0.0,40.44444444444444,23,0,0,27750.3,9981.720000000001,0.35969773299748115,0.04878048780487805,0.6612903225806451,1.0137362637362637,50.487804878048784,0.0,replenish_now,立即补货,True,20260903
缪尔赛思-装饰摆件,缪尔赛思,装饰摆件,89.0,37.38,28,20,25,36,3204.0,80.10000000000001,3123.9,1345.68,0.0,0.0,20.57777777777778,16,24,0,3123.9,1778.22,0.5692307692307692,0.0,0.6923076923076923,1.7494600431965441,40.0,0.0,healthy,维持现有补货节奏,True,20260903
缪尔赛思-日用生活,缪尔赛思,日用生活,99.0,45.54,30,22,30,47,4653.0,232.65,4420.349999999999,2140.38,4.0,297.0,19.233333333333334,34,48,0,4123.349999999999,1982.9699999999993,0.4809123649459783,0.0851063829787234,0.6025641025641025,2.4436741767764296,65.1063829787234,0.0,high_return,暂停扩量并复盘质量与详情页,True,20260903
贝洛内-亚克力制品,贝洛内,亚克力制品,48.0,16.8,25,17,18,55,2640.0,103.2,2536.8,924.0,2.0,96.0,18.58888888888889,17,46,0,2440.8,1516.8000000000002,0.6214355948869223,0.03636363636363636,0.7746478873239436,2.9587567244471007,27.818181818181817,0.0,healthy,维持现有补货节奏,True,20260903
贝洛内-通行证,贝洛内,通行证,39.0,12.48,22,14,14,36,1404.0,44.85,1359.1499999999999,449.28000000000003,2.0,78.0,19.144444444444446,36,48,0,1281.1499999999999,831.8699999999999,0.6493150684931507,0.05555555555555555,0.5142857142857142,1.8804410911201392,90.0,0.0,healthy,维持现有补货节奏,True,20260903
贝洛内-吧唧（徽章）,贝洛内,吧唧（徽章）,18.0,5.4,21,13,12,39,702.0,20.7,681.3,210.60000000000002,2.0,36.0,20.68888888888889,30,48,0,645.3,434.69999999999993,0.6736401673640167,0.05128205128205128,0.5652173913043478,1.8850698174006444,69.23076923076923,0.0,healthy,维持现有补货节奏,True,20260903
贝洛内-毛绒玩偶,贝洛内,毛绒玩偶,128.0,61.44,33,25,40,40,5120.0,140.8,4979.2,2457.6,2.0,128.0,22.644444444444446,20,25,0,4851.2,2393.6,0.49340369393139843,0.05,0.6896551724137931,1.7664376840039253,45.0,0.0,replenish_now,立即补货,True,20260903
贝洛内-手办模玩,贝洛内,手办模玩,699.0,433.38,57,48,90,41,28659.0,1188.3,27470.7,17768.579999999998,6.0,2796.0,36.8,20,0,0,24674.7,6906.120000000003,0.27988668555240803,0.14634146341463414,0.7192982456140351,1.1141304347826086,43.90243902439025,0.0,high_return,暂停扩量并复盘质量与详情页,True,20260903
贝洛内-装饰摆件,贝洛内,装饰摆件,89.0,37.38,27,19,25,30,2670.0,93.45,2576.5499999999997,1121.4,2.0,178.0,23.42222222222222,22,24,0,2398.5499999999997,1277.1499999999996,0.5324675324675324,0.06666666666666667,0.5882352941176471,1.2808349146110058,66.0,0.0,healthy,维持现有补货节奏,True,20260903
贝洛内-日用生活,贝洛内,日用生活,99.0,45.54,29,21,30,40,3960.0,207.9,3752.1,1821.6,3.0,198.0,22.022222222222222,16,24,0,3554.1,1732.5,0.48746518105849584,0.075,0.7547169811320755,1.8163471241170535,36.0,0.0,replenish_now,立即补货,True,20260903
司霆惊蛰-亚克力制品,司霆惊蛰,亚克力制品,48.0,16.8,25,17,18,52,2496.0,110.39999999999999,2385.6,873.6,3.0,144.0,18.444444444444443,25,48,0,2241.6,1368.0,0.6102783725910065,0.057692307692307696,0.7123287671232876,2.819277108433735,43.269230769230774,0.0,healthy,维持现有补货节奏,True,20260903
司霆惊蛰-通行证,司霆惊蛰,通行证,39.0,12.48,22,14,14,25,975.0,37.05,937.95,312.0,1.0,0.0,24.177777777777777,22,24,0,937.95,625.95,0.6673596673596673,0.04,0.5434782608695652,1.0340073529411764,79.2,0.0,healthy,维持现有补货节奏,True,20260903
司霆惊蛰-吧唧（徽章）,司霆惊蛰,吧唧（徽章）,18.0,5.4,21,13,12,41,738.0,27.0,711.0,221.4,1.0,0.0,17.533333333333335,28,47,0,711.0,489.6,0.6886075949367089,0.024390243902439025,0.6029411764705882,2.3384030418250945,61.46341463414634,0.0,healthy,维持现有补货节奏,True,20260903
司霆惊蛰-毛绒玩偶,司霆惊蛰,毛绒玩偶,128.0,61.44,33,25,40,36,4608.0,121.60000000000001,4486.4,2211.84,1.0,0.0,23.522222222222222,26,28,0,4486.4,2274.5599999999995,0.5069900142653352,0.027777777777777776,0.5901639344262295,1.5304676428908834,65.0,0.0,healthy,维持现有补货节奏,True,20260903
司霆惊蛰-手办模玩,司霆惊蛰,手办模玩,699.0,433.38,57,48,90,39,27261.0,1083.45,26177.55,16901.82,5.0,3495.0,39.111111111111114,22,0,0,22682.55,5780.73,0.2548536209553159,0.1282051282051282,0.6842105263157895,0.9971590909090908,50.76923076923077,0.0,high_return,暂停扩量并复盘质量与详情页,True,20260903
司霆惊蛰-装饰摆件,司霆惊蛰,装饰摆件,89.0,37.38,27,19,25,44,3916.0,133.5,3782.5,1644.72,2.0,89.0,20.244444444444444,9,24,0,3693.5,2048.7799999999997,0.5546987951807228,0.045454545454545456,0.8627450980392157,2.173435784851811,18.40909090909091,0.0,replenish_now,立即补货,True,20260903
司霆惊蛰-日用生活,司霆惊蛰,日用生活,99.0,45.54,29,21,30,45,4455.0,153.45000000000002,4301.55,2049.3,4.0,396.0,18.22222222222222,34,48,0,3905.55,1856.25,0.47528517110266155,0.08888888888888889,0.5844155844155844,2.469512195121952,68.0,0.0,high_return,暂停扩量并复盘质量与详情页,True,20260903
余-亚克力制品,余,亚克力制品,48.0,16.8,25,17,18,38,1824.0,69.6,1754.4,638.4,0.0,0.0,18.822222222222223,35,48,0,1754.4,1116.0,0.6361149110807113,0.0,0.5205479452054794,2.018890200708382,82.89473684210526,0.0,healthy,维持现有补货节奏,True,20260903
余-通行证,余,通行证,39.0,12.48,22,14,14,29,1131.0,25.35,1105.65,361.92,1.0,0.0,21.31111111111111,20,24,0,1105.65,743.73,0.6726631393298059,0.034482758620689655,0.6304347826086957,1.3607924921793535,62.068965517241374,0.0,healthy,维持现有补货节奏,True,20260903
余-吧唧（徽章）,余,吧唧（徽章）,18.0,5.4,21,13,12,36,648.0,16.2,631.8,194.4,1.0,18.0,18.755555555555556,34,48,0,613.8,419.4,0.6832844574780059,0.027777777777777776,0.5217391304347826,1.9194312796208528,85.0,0.0,healthy,维持现有补货节奏,True,20260903
余-毛绒玩偶,余,毛绒玩偶,128.0,61.44,33,25,40,41,5248.0,243.20000000000002,5004.8,2519.04,0.0,0.0,20.9,18,25,0,5004.8,2485.76,0.4966751918158568,0.0,0.7068965517241379,1.9617224880382778,39.51219512195122,0.0,replenish_now,立即补货,True,20260903
余-手办模玩,余,手办模玩,699.0,433.38,57,48,90,31,21669.0,873.75,20795.25,13434.78,9.0,3495.0,42.78888888888889,32,0,0,17300.25,3865.4699999999993,0.2234343434343434,0.2903225806451613,0.543859649122807,0.7244871461957932,92.90322580645162,0.0,high_return,暂停扩量并复盘质量与详情页,True,20260903
余-装饰摆件,余,装饰摆件,89.0,37.38,27,19,25,34,3026.0,93.45,2932.55,1270.92,5.0,356.0,21.07777777777778,19,24,0,2576.55,1305.63,0.5067357512953368,0.14705882352941177,0.6666666666666666,1.6130732735898785,50.294117647058826,0.0,high_return,暂停扩量并复盘质量与详情页,True,20260903
余-日用生活,余,日用生活,99.0,45.54,29,21,30,52,5148.0,158.4,4989.599999999999,2368.08,3.0,198.0,16.57777777777778,27,48,1,4791.599999999999,2423.5199999999995,0.5057851239669421,0.057692307692307696,0.6753246753246753,3.136729222520107,46.73076923076923,0.018867924528301886,healthy,维持现有补货节奏,True,20260903
酒神-亚克力制品,酒神,亚克力制品,48.0,16.8,25,17,18,31,1488.0,48.0,1440.0,520.8000000000001,1.0,48.0,25.133333333333333,18,24,0,1392.0,871.1999999999999,0.6258620689655172,0.03225806451612903,0.6326530612244898,1.2334217506631302,52.25806451612903,0.0,healthy,维持现有补货节奏,True,20260903
酒神-通行证,酒神,通行证,39.0,12.48,22,14,14,24,936.0,39.0,897.0,299.52,0.0,0.0,25.133333333333333,24,24,0,897.0,597.48,0.6660869565217391,0.0,0.5217391304347826,0.9549071618037135,90.0,0.0,healthy,维持现有补货节奏,True,20260903
酒神-吧唧（徽章）,酒神,吧唧（徽章）,18.0,5.4,21,13,12,44,792.0,21.6,770.4,237.60000000000002,1.0,18.0,21.366666666666667,26,48,0,752.4,514.8,0.6842105263157894,0.022727272727272728,0.6376811594202898,2.059282371294852,53.18181818181819,0.0,healthy,维持现有补货节奏,True,20260903
酒神-毛绒玩偶,酒神,毛绒玩偶,128.0,61.44,33,25,40,26,3328.0,121.6,3206.4,1597.44,1.0,128.0,26.966666666666665,34,26,0,3078.4,1480.96,0.48108108108108105,0.038461538461538464,0.4406779661016949,0.9641532756489494,117.69230769230771,0.0,healthy,维持现有补货节奏,True,20260903
酒神-手办模玩,酒神,手办模玩,699.0,433.38,56,47,90,35,24465.0,908.7,23556.3,15168.3,3.0,2097.0,36.044444444444444,23,0,0,21459.3,6291.0,0.2931596091205212,0.08571428571428572,0.625,0.971023427866831,59.14285714285714,0.0,high_return,暂停扩量并复盘质量与详情页,True,20260903
酒神-装饰摆件,酒神,装饰摆件,89.0,37.38,27,19,25,35,3115.0,142.4,2972.6,1308.3000000000002,3.0,178.0,21.244444444444444,19,24,0,2794.6,1486.2999999999997,0.5318471337579617,0.08571428571428572,0.6862745098039216,1.6474895397489542,48.857142857142854,0.0,high_return,暂停扩量并复盘质量与详情页,True,20260903
酒神-日用生活,酒神,日用生活,99.0,45.54,29,21,30,39,3861.0,118.8,3742.2,1776.06,2.0,99.0,17.988888888888887,17,24,0,3643.2,1867.1399999999999,0.5125,0.05128205128205128,0.7358490566037735,2.168004941321804,39.230769230769226,0.0,healthy,维持现有补货节奏,True,20260903
斩业星熊-亚克力制品,斩业星熊,亚克力制品,48.0,16.8,24,16,18,35,1680.0,45.6,1634.4,588.0,0.0,0.0,20.0,13,24,0,1634.4,1046.4,0.6402349486049926,0.0,0.7291666666666666,1.75,33.42857142857143,0.0,healthy,维持现有补货节奏,True,20260903
斩业星熊-通行证,斩业星熊,通行证,39.0,12.48,22,14,14,37,1443.0,42.9,1400.1,461.76,3.0,117.0,20.211111111111112,36,48,0,1283.1,821.3399999999999,0.6401215805471124,0.08108108108108109,0.5285714285714286,1.8306761957119293,87.56756756756756,0.0,high_return,暂停扩量并复盘质量与详情页,True,20260903
斩业星熊-吧唧（徽章）,斩业星熊,吧唧（徽章）,18.0,5.4,21,13,12,34,612.0,24.3,587.7,183.60000000000002,1.0,18.0,19.322222222222223,12,24,0,569.7,386.1,0.6777251184834123,0.029411764705882353,0.7555555555555555,1.75963197239793,31.764705882352942,0.0,healthy,维持现有补货节奏,True,20260903
斩业星熊-毛绒玩偶,斩业星熊,毛绒玩偶,128.0,61.44,33,25,40,27,3456.0,115.2,3340.8,1658.8799999999999,0.0,0.0,24.755555555555556,31,25,0,3340.8,1681.9200000000003,0.5034482758620691,0.0,0.46551724137931033,1.0906642728904845,103.33333333333334,0.0,healthy,维持现有补货节奏,True,20260903
斩业星熊-手办模玩,斩业星熊,手办模玩,699.0,433.38,56,47,90,40,27960.0,1293.15,26666.85,17335.2,4.0,2796.0,38.58888888888889,20,0,0,23870.85,6535.649999999998,0.2737920937042459,0.1,0.7142857142857143,1.0365678088108266,45.0,0.0,high_return,暂停扩量并复盘质量与详情页,True,20260903
斩业星熊-装饰摆件,斩业星熊,装饰摆件,89.0,37.38,27,19,25,48,4272.0,133.5,4138.5,1794.2400000000002,3.0,267.0,16.0,30,48,1,3871.5,2077.2599999999998,0.536551724137931,0.0625,0.64,3.0,56.25,0.02040816326530612,stockout_risk,提高安全库存并缩短补货周期,True,20260903
斩业星熊-日用生活,斩业星熊,日用生活,99.0,45.54,29,21,30,45,4455.0,143.55,4311.45,2049.3,2.0,99.0,16.22222222222222,35,48,0,4212.45,2163.1499999999996,0.5135135135135135,0.044444444444444446,0.5844155844155844,2.7739726027397262,70.0,0.0,healthy,维持现有补货节奏,True,20260903
怒潮凛冬-亚克力制品,怒潮凛冬,亚克力制品,48.0,16.8,24,16,18,38,1824.0,48.0,1776.0,638.4,2.0,96.0,17.5,35,48,0,1680.0,1041.6,0.62,0.05263157894736842,0.5277777777777778,2.1714285714285713,82.89473684210526,0.0,healthy,维持现有补货节奏,True,20260903
怒潮凛冬-通行证,怒潮凛冬,通行证,39.0,12.48,21,13,14,46,1794.0,46.8,1747.2,574.08,1.0,39.0,17.055555555555557,25,48,2,1708.2,1134.12,0.6639269406392693,0.021739130434782608,0.6666666666666666,2.6970684039087947,48.913043478260875,0.041666666666666664,stockout_risk,提高安全库存并缩短补货周期,True,20260903
怒潮凛冬-吧唧（徽章）,怒潮凛冬,吧唧（徽章）,18.0,5.4,21,13,12,35,630.0,20.700000000000003,609.3000000000001,189.0,1.0,18.0,16.944444444444443,34,48,0,591.3000000000001,402.30000000000007,0.680365296803653,0.02857142857142857,0.5072463768115942,2.0655737704918034,87.42857142857143,0.0,healthy,维持现有补货节奏,True,20260903
怒潮凛冬-毛绒玩偶,怒潮凛冬,毛绒玩偶,128.0,61.44,32,24,40,34,4352.0,160.0,4192.0,2088.96,2.0,256.0,25.322222222222223,24,24,0,3936.0,1847.04,0.4692682926829268,0.058823529411764705,0.6071428571428571,1.3426941641070644,63.529411764705884,0.0,healthy,维持现有补货节奏,True,20260903
怒潮凛冬-手办模玩,怒潮凛冬,手办模玩,699.0,433.38,52,44,90,36,25164.0,768.9000000000001,24395.1,15601.68,2.0,699.0,33.87777777777778,18,0,0,23696.1,8094.419999999998,0.34159292035398225,0.05555555555555555,0.6923076923076923,1.0626434896687438,45.0,0.0,replenish_now,立即补货,True,20260903
怒潮凛冬-装饰摆件,怒潮凛冬,装饰摆件,89.0,37.38,27,19,25,34,3026.0,164.65,2861.35,1270.92,3.0,89.0,21.655555555555555,20,24,0,2772.35,1501.4299999999998,0.5415730337078651,0.08823529411764706,0.6666666666666666,1.5700359158542843,52.94117647058824,0.0,high_return,暂停扩量并复盘质量与详情页,True,20260903
怒潮凛冬-日用生活,怒潮凛冬,日用生活,99.0,45.54,28,20,30,40,3960.0,158.4,3801.6,1821.6,6.0,297.0,21.944444444444443,19,24,0,3504.6,1683.0,0.480225988700565,0.15,0.7692307692307693,1.8227848101265824,42.75,0.0,high_return,暂停扩量并复盘质量与详情页,True,20260903
塑心-亚克力制品,塑心,亚克力制品,48.0,16.8,24,16,18,47,2256.0,69.6,2186.4,789.6,1.0,0.0,18.166666666666668,27,48,0,2186.4,1396.8000000000002,0.6388583973655324,0.02127659574468085,0.6527777777777778,2.587155963302752,51.702127659574465,0.0,healthy,维持现有补货节奏,True,20260903
塑心-通行证,塑心,通行证,39.0,12.48,21,13,14,28,1092.0,54.6,1037.4,349.44,1.0,0.0,22.155555555555555,19,24,0,1037.4,687.96,0.6631578947368421,0.03571428571428571,0.6222222222222222,1.2637913741223672,61.07142857142857,0.0,healthy,维持现有补货节奏,True,20260903
塑心-吧唧（徽章）,塑心,吧唧（徽章）,18.0,5.4,21,13,12,34,612.0,26.1,585.9,183.6,1.0,18.0,19.533333333333335,11,24,0,567.9,384.29999999999995,0.6767036450079239,0.029411764705882353,0.7555555555555555,1.7406143344709895,29.11764705882353,0.0,healthy,维持现有补货节奏,True,20260903
塑心-毛绒玩偶,塑心,毛绒玩偶,128.0,61.44,32,24,40,41,5248.0,192.0,5056.0,2519.04,2.0,256.0,20.42222222222222,18,25,0,4800.0,2280.96,0.4752,0.04878048780487805,0.7192982456140351,2.007616974972797,39.51219512195122,0.0,replenish_now,立即补货,True,20260903
塑心-手办模玩,塑心,手办模玩,699.0,433.38,52,44,90,29,20271.0,699.0,19572.0,12568.02,2.0,699.0,37.08888888888889,24,0,0,18873.0,6304.98,0.334074074074074,0.06896551724137931,0.5576923076923077,0.7819053325344518,74.48275862068965,0.0,replenish_now,立即补货,True,20260903
塑心-装饰摆件,塑心,装饰摆件,89.0,37.38,27,19,25,45,4005.0,151.3,3853.7,1682.1000000000001,0.0,0.0,18.844444444444445,7,24,0,3853.7,2171.5999999999995,0.5635103926096997,0.0,0.8823529411764706,2.3879716981132075,14.0,0.0,replenish_now,立即补货,True,20260903
塑心-日用生活,塑心,日用生活,99.0,45.54,28,20,30,34,3366.0,178.2,3187.7999999999997,1548.36,2.0,198.0,21.677777777777777,20,24,0,2989.7999999999997,1441.4399999999998,0.4821192052980132,0.058823529411764705,0.6538461538461539,1.5684264479753973,52.94117647058824,0.0,healthy,维持现有补货节奏,True,20260903
佩佩-亚克力制品,佩佩,亚克力制品,48.0,16.8,24,16,18,44,2112.0,86.4,2025.6000000000001,739.2,0.0,0.0,19.533333333333335,28,48,0,2025.6000000000001,1286.4,0.6350710900473934,0.0,0.6111111111111112,2.252559726962457,57.27272727272727,0.0,healthy,维持现有补货节奏,True,20260903
佩佩-通行证,佩佩,通行证,39.0,12.48,21,13,14,29,1131.0,33.15,1097.85,361.92,3.0,78.0,20.322222222222223,21,24,0,1019.8499999999999,657.9299999999998,0.6451242829827915,0.10344827586206896,0.6444444444444445,1.4270092946965554,65.17241379310344,0.0,high_return,暂停扩量并复盘质量与详情页,True,20260903
佩佩-吧唧（徽章）,佩佩,吧唧（徽章）,18.0,5.4,21,13,12,30,540.0,23.400000000000002,516.6,162.0,1.0,18.0,20.622222222222224,15,24,0,498.6,336.6,0.6750902527075813,0.03333333333333333,0.6666666666666666,1.4547413793103448,45.0,0.0,healthy,维持现有补货节奏,True,20260903
佩佩-毛绒玩偶,佩佩,毛绒玩偶,128.0,61.44,32,24,40,28,3584.0,108.8,3475.2,1720.32,0.0,0.0,26.333333333333332,28,24,0,3475.2,1754.8799999999999,0.5049723756906077,0.0,0.5,1.0632911392405064,90.0,0.0,healthy,维持现有补货节奏,True,20260903
佩佩-手办模玩,佩佩,手办模玩,699.0,433.38,52,44,90,45,31455.0,1363.0500000000002,30091.95,19502.1,5.0,2796.0,31.366666666666667,11,0,0,27295.95,7793.850000000002,0.2855313700384124,0.1111111111111111,0.8653846153846154,1.434643995749203,22.0,0.0,high_return,暂停扩量并复盘质量与详情页,True,20260903
佩佩-装饰摆件,佩佩,装饰摆件,89.0,37.38,27,19,25,40,3560.0,169.1,3390.9,1495.2,3.0,178.0,20.2,15,24,0,3212.9,1717.7,0.5346260387811634,0.075,0.7843137254901961,1.9801980198019802,33.75,0.0,healthy,维持现有补货节奏,True,20260903
佩佩-日用生活,佩佩,日用生活,99.0,45.54,28,20,30,37,3663.0,108.9,3554.1,1684.98,0.0,0.0,20.91111111111111,15,24,0,3554.1,1869.12,0.5259052924791087,0.0,0.7115384615384616,1.769394261424017,36.48648648648649,0.0,replenish_now,立即补货,True,20260903
娜斯提-亚克力制品,娜斯提,亚克力制品,48.0,16.8,24,16,18,36,1728.0,93.6,1634.4,604.8000000000001,2.0,48.0,20.355555555555554,14,24,0,1586.4,981.6,0.6187594553706505,0.05555555555555555,0.75,1.768558951965066,35.0,0.0,healthy,维持现有补货节奏,True,20260903
娜斯提-通行证,娜斯提,通行证,39.0,12.48,21,13,14,26,1014.0,29.25,984.75,324.48,0.0,0.0,18.2,20,24,0,984.75,660.27,0.6704950495049504,0.0,0.5777777777777777,1.4285714285714286,69.23076923076924,0.0,healthy,维持现有补货节奏,True,20260903
娜斯提-吧唧（徽章）,娜斯提,吧唧（徽章）,18.0,5.4,21,13,12,45,810.0,28.8,781.2,243.0,6.0,72.0,20.133333333333333,27,48,0,709.2,466.20000000000005,0.6573604060913706,0.13333333333333333,0.6521739130434783,2.2350993377483444,54.0,0.0,high_return,暂停扩量并复盘质量与详情页,True,20260903
娜斯提-毛绒玩偶,娜斯提,毛绒玩偶,128.0,61.44,31,23,40,17,2176.0,70.4,2105.6,1044.48,0.0,0.0,25.92222222222222,37,22,0,2105.6,1061.12,0.503951367781155,0.0,0.32075471698113206,0.6558079725675097,195.88235294117646,0.0,slow_moving,减少采购并测试促销清货,True,20260903
娜斯提-手办模玩,娜斯提,手办模玩,699.0,433.38,52,44,90,38,26562.0,1153.3500000000001,25408.65,16468.44,2.0,1398.0,31.11111111111111,16,0,0,24010.65,7542.210000000003,0.3141193595342068,0.05263157894736842,0.7307692307692307,1.2214285714285713,37.89473684210526,0.0,replenish_now,立即补货,True,20260903
娜斯提-装饰摆件,娜斯提,装饰摆件,89.0,37.38,26,18,25,42,3738.0,84.55000000000001,3653.45,1569.96,3.0,178.0,17.644444444444446,36,48,0,3475.45,1905.4899999999998,0.5482714468629961,0.07142857142857142,0.5675675675675675,2.3803526448362717,77.14285714285714,0.0,healthy,维持现有补货节奏,True,20260903
娜斯提-日用生活,娜斯提,日用生活,99.0,45.54,28,20,30,29,2871.0,118.8,2752.2,1320.66,2.0,99.0,22.233333333333334,26,24,0,2653.2,1332.5399999999997,0.5022388059701491,0.06896551724137931,0.5576923076923077,1.3043478260869565,80.6896551724138,0.0,healthy,维持现有补货节奏,True,20260903
谬因-亚克力制品,谬因,亚克力制品,48.0,16.8,24,16,18,34,1632.0,62.4,1569.6,571.2,0.0,0.0,20.42222222222222,15,22,0,1569.6,998.3999999999999,0.636085626911315,0.0,0.7391304347826086,1.6648531011969534,39.705882352941174,0.0,healthy,维持现有补货节奏,True,20260903
谬因-通行证,谬因,通行证,39.0,12.48,21,13,14,21,819.0,19.5,799.5,262.08,0.0,0.0,24.5,24,24,0,799.5,537.4200000000001,0.6721951219512196,0.0,0.4666666666666667,0.8571428571428571,102.85714285714286,0.0,healthy,维持现有补货节奏,True,20260903
谬因-吧唧（徽章）,谬因,吧唧（徽章）,18.0,5.4,21,13,12,36,648.0,24.3,623.7,194.4,0.0,0.0,18.58888888888889,33,48,0,623.7,429.30000000000007,0.6883116883116883,0.0,0.5217391304347826,1.9366407650926478,82.5,0.0,healthy,维持现有补货节奏,True,20260903
谬因-毛绒玩偶,谬因,毛绒玩偶,128.0,61.44,31,23,40,42,5376.0,211.20000000000002,5164.8,2580.48,2.0,256.0,20.377777777777776,19,27,0,4908.8,2328.32,0.4743155149934811,0.047619047619047616,0.7241379310344828,2.0610687022900764,40.714285714285715,0.0,replenish_now,立即补货,True,20260903
谬因-手办模玩,谬因,手办模玩,699.0,433.38,51,43,90,32,22368.0,1013.5500000000001,21354.45,13868.16,2.0,1398.0,32.766666666666666,22,0,0,19956.45,6088.290000000001,0.30507880910683016,0.0625,0.6274509803921569,0.9766022380467956,61.875,0.0,replenish_now,立即补货,True,20260903
谬因-装饰摆件,谬因,装饰摆件,89.0,37.38,26,18,25,35,3115.0,129.05,2985.95,1308.3000000000002,1.0,0.0,21.044444444444444,16,24,0,2985.95,1677.6499999999996,0.5618479880774961,0.02857142857142857,0.7,1.6631467793030625,41.14285714285714,0.0,healthy,维持现有补货节奏,True,20260903
谬因-日用生活,谬因,日用生活,99.0,45.54,28,20,30,34,3366.0,153.45,3212.5499999999997,1548.36,1.0,0.0,24.166666666666668,19,24,0,3212.5499999999997,1664.1899999999998,0.5180277349768875,0.029411764705882353,0.6538461538461539,1.4068965517241379,50.294117647058826,0.0,healthy,维持现有补货节奏,True,20260903
缇缇-亚克力制品,缇缇,亚克力制品,48.0,16.8,23,15,18,38,1824.0,52.8,1771.2,638.4,1.0,48.0,18.822222222222223,10,24,0,1723.2,1084.8000000000002,0.6295264623955432,0.02631578947368421,0.8085106382978723,2.018890200708382,23.68421052631579,0.0,replenish_now,立即补货,True,20260903
缇缇-通行证,缇缇,通行证,39.0,12.48,21,13,14,21,819.0,37.05,781.95,262.08,1.0,39.0,24.522222222222222,25,24,0,742.95,480.87000000000006,0.647244094488189,0.047619047619047616,0.4666666666666667,0.856366107838695,107.14285714285714,0.0,healthy,维持现有补货节奏,True,20260903
缇缇-吧唧（徽章）,缇缇,吧唧（徽章）,18.0,5.4,20,12,12,18,324.0,10.8,313.2,97.2,0.0,0.0,23.444444444444443,26,24,0,313.2,216.0,0.6896551724137931,0.0,0.4090909090909091,0.7677725118483413,130.0,0.0,healthy,维持现有补货节奏,True,20260903
缇缇-毛绒玩偶,缇缇,毛绒玩偶,128.0,61.44,30,22,40,45,5760.0,236.8,5523.2,2764.7999999999997,4.0,384.0,18.0,13,24,2,5139.2,2374.4,0.46201743462017436,0.08888888888888889,0.8333333333333334,2.4999999999999996,26.0,0.0425531914893617,stockout_risk,提高安全库存并缩短补货周期,True,20260903
缇缇-手办模玩,缇缇,手办模玩,699.0,433.38,49,41,90,34,23766.0,1013.5500000000001,22752.45,14734.92,2.0,1398.0,33.144444444444446,15,0,0,21354.45,6619.530000000001,0.3099836333878887,0.058823529411764705,0.6938775510204082,1.0258129399932954,39.705882352941174,0.0,replenish_now,立即补货,True,20260903
缇缇-装饰摆件,缇缇,装饰摆件,89.0,37.38,26,18,25,30,2670.0,120.15,2549.85,1121.4,1.0,89.0,22.1,21,24,0,2460.85,1339.4499999999998,0.5443037974683543,0.03333333333333333,0.6,1.3574660633484164,63.0,0.0,healthy,维持现有补货节奏,True,20260903
缇缇-日用生活,缇缇,日用生活,99.0,45.54,27,19,30,39,3861.0,143.55,3717.45,1776.06,1.0,99.0,17.92222222222222,13,24,0,3618.45,1842.3899999999999,0.5091655266757866,0.02564102564102564,0.7647058823529411,2.1760694358338504,30.0,0.0,replenish_now,立即补货,True,20260903
