sku_id,operator,category,purchase_lead_time_days,unit_cost,trailing_requested_units,average_daily_demand_28d,daily_demand_std_28d,available_stock,closing_stock,locked_stock,open_po_units,calculated_safety_stock,calculated_reorder_point,target_stock,suggested_po_quantity,inventory_position,replenishment_priority,suggested_purchase_amount,is_simulated
归溟幽灵鲨-手办模玩,归溟幽灵鲨,手办模玩,90,433.38,23,0.8214285714285714,1.3067792306552617,3,3,0,55.0,21.0,95.0,107.0,49,58.0,P0-立即补货,21235.62,True
新约能天使-日用生活,新约能天使,日用生活,30,45.54,18,0.6428571428571429,1.2827714704898319,26,26,0,0.0,12.0,32.0,41.0,15,26.0,P0-立即补货,683.1,True
缇缇-手办模玩,缇缇,手办模玩,90,433.38,14,0.5,1.1385500851066221,15,15,0,41.0,18.0,63.0,70.0,14,56.0,P0-立即补货,6067.32,True
焰狐龙梓兰-日用生活,焰狐龙梓兰,日用生活,30,45.54,20,0.7142857142857143,1.1501092655705905,4,4,0,26.0,11.0,33.0,43.0,13,30.0,P0-立即补货,592.02,True
望-亚克力制品,望,亚克力制品,18,16.8,18,0.6428571428571429,1.3934844605516568,18,18,0,0.0,10.0,22.0,31.0,13,18.0,P0-立即补货,218.4,True
予愿安洁莉娜-手办模玩,予愿安洁莉娜,手办模玩,90,433.38,20,0.7142857142857143,0.9759000729485332,24,24,0,55.0,16.0,81.0,91.0,12,79.0,P0-立即补货,5200.56,True
荒芜拉普兰德-毛绒玩偶,荒芜拉普兰德,毛绒玩偶,40,61.44,21,0.75,0.7515416254704825,11,11,0,26.0,8.0,38.0,49.0,12,37.0,P0-立即补货,737.28,True
死芒-日用生活,死芒,日用生活,30,45.54,16,0.5714285714285714,1.0690449676496976,28,28,0,0.0,10.0,28.0,36.0,8,28.0,P0-立即补货,364.32,True
凯尔希·思衡托-装饰摆件,凯尔希·思衡托,装饰摆件,25,37.38,18,0.6428571428571429,0.7800420555749599,25,25,0,0.0,7.0,24.0,33.0,8,25.0,P1-进入补货计划,299.04,True
予愿安洁莉娜-通行证,予愿安洁莉娜,通行证,14,12.48,19,0.6785714285714286,0.8629652337776966,19,19,0,0.0,6.0,16.0,25.0,6,19.0,P1-进入补货计划,74.88,True
赤刃明霄陈-毛绒玩偶,赤刃明霄陈,毛绒玩偶,40,61.44,13,0.4642857142857143,0.792658109342785,30,30,0,0.0,9.0,28.0,35.0,5,30.0,P1-进入补货计划,307.2,True
佩佩-手办模玩,佩佩,手办模玩,90,433.38,13,0.4642857142857143,0.6929348671835832,11,11,0,44.0,11.0,53.0,60.0,5,55.0,P1-进入补货计划,2166.9,True
焰狐龙梓兰-装饰摆件,焰狐龙梓兰,装饰摆件,25,37.38,14,0.5,0.8819171036881969,24,24,0,0.0,8.0,21.0,28.0,4,24.0,P1-进入补货计划,149.52,True
缄默德克萨斯-吧唧（徽章）,缄默德克萨斯,吧唧（徽章）,12,5.4,18,0.6428571428571429,1.0615950861718073,20,20,0,0.0,7.0,15.0,24.0,4,20.0,P1-进入补货计划,21.6,True
死芒-毛绒玩偶,死芒,毛绒玩偶,40,61.44,17,0.6071428571428571,0.7859547491585427,11,11,0,27.0,9.0,34.0,42.0,4,38.0,P1-进入补货计划,245.76,True
缪尔赛思-毛绒玩偶,缪尔赛思,毛绒玩偶,40,61.44,13,0.4642857142857143,0.6929348671835832,30,30,0,0.0,8.0,27.0,34.0,4,30.0,P1-进入补货计划,245.76,True
佩佩-亚克力制品,佩佩,亚克力制品,18,16.8,21,0.75,1.0408329997330665,28,28,0,0.0,8.0,22.0,32.0,4,28.0,P1-进入补货计划,67.2,True
新约能天使-装饰摆件,新约能天使,装饰摆件,25,37.38,15,0.5357142857142857,0.6929348671835832,24,24,0,0.0,6.0,20.0,27.0,3,24.0,P1-进入补货计划,112.14,True
凯尔希·思衡托-毛绒玩偶,凯尔希·思衡托,毛绒玩偶,40,61.44,18,0.6428571428571429,0.8698354767504924,11,11,0,31.0,10.0,36.0,45.0,3,42.0,P1-进入补货计划,184.32,True
司霆惊蛰-毛绒玩偶,司霆惊蛰,毛绒玩偶,40,61.44,11,0.39285714285714285,0.6288900106557945,26,26,0,0.0,7.0,23.0,29.0,3,26.0,P1-进入补货计划,184.32,True
死芒-通行证,死芒,通行证,14,12.48,13,0.4642857142857143,0.6929348671835832,16,16,0,0.0,5.0,12.0,18.0,2,16.0,P1-进入补货计划,24.96,True
酒神-亚克力制品,酒神,亚克力制品,18,16.8,12,0.42857142857142855,0.7901510136288027,18,18,0,0.0,6.0,14.0,20.0,2,18.0,P1-进入补货计划,33.6,True
纯烬艾雅法拉-日用生活,纯烬艾雅法拉,日用生活,30,45.54,14,0.5,0.7934920476158722,5,5,0,24.0,8.0,23.0,30.0,1,29.0,P1-进入补货计划,45.54,True
Mon3tr-毛绒玩偶,Mon3tr,毛绒玩偶,40,61.44,18,0.6428571428571429,0.9893613995077728,19,19,0,26.0,11.0,37.0,46.0,1,45.0,P1-进入补货计划,61.44,True
司霆惊蛰-亚克力制品,司霆惊蛰,亚克力制品,18,16.8,16,0.5714285714285714,0.9973509887241276,25,25,0,0.0,7.0,18.0,26.0,1,25.0,P1-进入补货计划,16.8,True
塑心-装饰摆件,塑心,装饰摆件,25,37.38,17,0.6071428571428571,0.8751417118804335,7,7,0,24.0,8.0,24.0,32.0,1,31.0,P1-进入补货计划,37.38,True
予愿安洁莉娜-亚克力制品,予愿安洁莉娜,亚克力制品,18,16.8,13,0.4642857142857143,0.6929348671835832,20,20,0,0.0,5.0,14.0,20.0,0,20.0,P1-进入补货计划,0.0,True
维娜·维多利亚-吧唧（徽章）,维娜·维多利亚,吧唧（徽章）,12,5.4,13,0.4642857142857143,0.7926581093427849,18,18,0,0.0,5.0,11.0,18.0,0,18.0,P1-进入补货计划,0.0,True
归溟幽灵鲨-装饰摆件,归溟幽灵鲨,装饰摆件,25,37.38,15,0.5357142857142857,0.7444681351359533,28,28,0,0.0,7.0,21.0,28.0,0,28.0,P1-进入补货计划,0.0,True
归溟幽灵鲨-日用生活,归溟幽灵鲨,日用生活,30,45.54,12,0.42857142857142855,0.8789122666607702,27,27,0,0.0,8.0,21.0,27.0,0,27.0,P1-进入补货计划,0.0,True
余-日用生活,余,日用生活,30,45.54,13,0.4642857142857143,0.6372477195601849,27,27,0,0.0,6.0,20.0,27.0,0,27.0,P1-进入补货计划,0.0,True
新约能天使-亚克力制品,新约能天使,亚克力制品,18,16.8,10,0.35714285714285715,0.6214848238238696,19,19,0,24.0,5.0,12.0,17.0,0,43.0,P2-暂不补货,0.0,True
新约能天使-通行证,新约能天使,通行证,14,12.48,17,0.6071428571428571,1.1001442906807546,27,27,0,0.0,7.0,16.0,24.0,0,27.0,P2-暂不补货,0.0,True
新约能天使-吧唧（徽章）,新约能天使,吧唧（徽章）,12,5.4,10,0.35714285714285715,0.5587211398983505,30,30,0,0.0,4.0,9.0,14.0,0,30.0,P2-暂不补货,0.0,True
新约能天使-毛绒玩偶,新约能天使,毛绒玩偶,40,61.44,13,0.4642857142857143,0.6372477195601849,28,28,0,30.0,7.0,26.0,33.0,0,58.0,P2-暂不补货,0.0,True
新约能天使-手办模玩,新约能天使,手办模玩,90,433.38,11,0.39285714285714285,0.6288900106557945,20,20,0,62.0,10.0,46.0,51.0,0,82.0,P2-暂不补货,0.0,True
凯尔希·思衡托-亚克力制品,凯尔希·思衡托,亚克力制品,18,16.8,9,0.32142857142857145,0.5479640045336466,38,38,0,0.0,4.0,10.0,15.0,0,38.0,P2-暂不补货,0.0,True
凯尔希·思衡托-通行证,凯尔希·思衡托,通行证,14,12.48,11,0.39285714285714285,0.7859547491585427,20,20,0,0.0,5.0,11.0,16.0,0,20.0,P2-暂不补货,0.0,True
凯尔希·思衡托-吧唧（徽章）,凯尔希·思衡托,吧唧（徽章）,12,5.4,10,0.35714285714285715,0.731020885058378,29,29,0,0.0,5.0,10.0,15.0,0,29.0,P2-暂不补货,0.0,True
凯尔希·思衡托-手办模玩,凯尔希·思衡托,手办模玩,90,433.38,17,0.6071428571428571,0.8317445171439014,24,24,0,60.0,14.0,69.0,78.0,0,84.0,P2-暂不补货,0.0,True
凯尔希·思衡托-日用生活,凯尔希·思衡托,日用生活,30,45.54,13,0.4642857142857143,0.6929348671835832,32,32,0,0.0,7.0,21.0,28.0,0,32.0,P2-暂不补货,0.0,True
予愿安洁莉娜-吧唧（徽章）,予愿安洁莉娜,吧唧（徽章）,12,5.4,8,0.2857142857142857,0.5998236072282916,35,35,0,0.0,4.0,8.0,12.0,0,35.0,P2-暂不补货,0.0,True
予愿安洁莉娜-毛绒玩偶,予愿安洁莉娜,毛绒玩偶,40,61.44,12,0.42857142857142855,0.7417981870189158,20,20,0,29.0,8.0,26.0,32.0,0,49.0,P2-暂不补货,0.0,True
予愿安洁莉娜-装饰摆件,予愿安洁莉娜,装饰摆件,25,37.38,5,0.17857142857142858,0.4755948656056709,34,34,0,0.0,4.0,9.0,11.0,0,34.0,P2-暂不补货,0.0,True
予愿安洁莉娜-日用生活,予愿安洁莉娜,日用生活,30,45.54,7,0.25,0.5181877251716009,25,25,0,0.0,5.0,13.0,16.0,0,25.0,P2-暂不补货,0.0,True
维娜·维多利亚-亚克力制品,维娜·维多利亚,亚克力制品,18,16.8,14,0.5,0.7453559924999299,23,23,0,0.0,6.0,15.0,22.0,0,23.0,P2-暂不补货,0.0,True
维娜·维多利亚-通行证,维娜·维多利亚,通行证,14,12.48,7,0.25,0.5181877251716008,24,24,0,0.0,4.0,8.0,11.0,0,24.0,P2-暂不补货,0.0,True
维娜·维多利亚-毛绒玩偶,维娜·维多利亚,毛绒玩偶,40,61.44,10,0.35714285714285715,0.6784669927988098,24,24,0,29.0,8.0,23.0,28.0,0,53.0,P2-暂不补货,0.0,True
维娜·维多利亚-手办模玩,维娜·维多利亚,手办模玩,90,433.38,17,0.6071428571428571,1.0659471779799345,27,27,0,55.0,17.0,72.0,81.0,0,82.0,P2-暂不补货,0.0,True
维娜·维多利亚-装饰摆件,维娜·维多利亚,装饰摆件,25,37.38,15,0.5357142857142857,0.7926581093427849,29,29,0,0.0,7.0,21.0,28.0,0,29.0,P2-暂不补货,0.0,True
维娜·维多利亚-日用生活,维娜·维多利亚,日用生活,30,45.54,10,0.35714285714285715,0.6784669927988098,19,19,0,24.0,7.0,18.0,23.0,0,43.0,P2-暂不补货,0.0,True
纯烬艾雅法拉-亚克力制品,纯烬艾雅法拉,亚克力制品,18,16.8,12,0.42857142857142855,0.7417981870189158,16,16,0,24.0,6.0,14.0,20.0,0,40.0,P2-暂不补货,0.0,True
纯烬艾雅法拉-通行证,纯烬艾雅法拉,通行证,14,12.48,10,0.35714285714285715,0.7800420555749596,33,33,0,0.0,5.0,10.0,15.0,0,33.0,P2-暂不补货,0.0,True
纯烬艾雅法拉-吧唧（徽章）,纯烬艾雅法拉,吧唧（徽章）,12,5.4,12,0.42857142857142855,0.634126487474228,30,30,0,0.0,4.0,10.0,16.0,0,30.0,P2-暂不补货,0.0,True
纯烬艾雅法拉-毛绒玩偶,纯烬艾雅法拉,毛绒玩偶,40,61.44,11,0.39285714285714285,0.6852566815265062,33,33,0,0.0,8.0,24.0,30.0,0,33.0,P2-暂不补货,0.0,True
纯烬艾雅法拉-手办模玩,纯烬艾雅法拉,手办模玩,90,433.38,11,0.39285714285714285,0.956044540814477,24,24,0,56.0,15.0,51.0,56.0,0,80.0,P2-暂不补货,0.0,True
纯烬艾雅法拉-装饰摆件,纯烬艾雅法拉,装饰摆件,25,37.38,12,0.42857142857142855,0.7417981870189158,21,21,0,24.0,7.0,18.0,24.0,0,45.0,P2-暂不补货,0.0,True
赤刃明霄陈-亚克力制品,赤刃明霄陈,亚克力制品,18,16.8,6,0.21428571428571427,0.4986754943620637,15,15,0,24.0,4.0,8.0,11.0,0,39.0,P2-暂不补货,0.0,True
赤刃明霄陈-通行证,赤刃明霄陈,通行证,14,12.48,5,0.17857142857142858,0.4755948656056709,18,18,0,0.0,3.0,6.0,8.0,0,18.0,P2-暂不补货,0.0,True
赤刃明霄陈-吧唧（徽章）,赤刃明霄陈,吧唧（徽章）,12,5.4,10,0.35714285714285715,0.6214848238238696,24,24,0,0.0,4.0,9.0,14.0,0,24.0,P2-暂不补货,0.0,True
赤刃明霄陈-手办模玩,赤刃明霄陈,手办模玩,90,433.38,11,0.39285714285714285,0.737326788914382,21,21,0,55.0,12.0,48.0,53.0,0,76.0,P2-暂不补货,0.0,True
赤刃明霄陈-装饰摆件,赤刃明霄陈,装饰摆件,25,37.38,15,0.5357142857142857,0.7444681351359534,15,15,0,24.0,7.0,21.0,28.0,0,39.0,P2-暂不补货,0.0,True
赤刃明霄陈-日用生活,赤刃明霄陈,日用生活,30,45.54,11,0.39285714285714285,0.7859547491585427,14,14,0,24.0,8.0,20.0,26.0,0,38.0,P2-暂不补货,0.0,True
焰狐龙梓兰-亚克力制品,焰狐龙梓兰,亚克力制品,18,16.8,9,0.32142857142857145,0.6696362433535825,31,31,0,0.0,5.0,11.0,16.0,0,31.0,P2-暂不补货,0.0,True
焰狐龙梓兰-通行证,焰狐龙梓兰,通行证,14,12.48,7,0.25,0.4409585518440985,16,16,0,0.0,3.0,7.0,10.0,0,16.0,P2-暂不补货,0.0,True
焰狐龙梓兰-吧唧（徽章）,焰狐龙梓兰,吧唧（徽章）,12,5.4,9,0.32142857142857145,0.6118321864193026,15,15,0,0.0,4.0,8.0,13.0,0,15.0,P2-暂不补货,0.0,True
焰狐龙梓兰-毛绒玩偶,焰狐龙梓兰,毛绒玩偶,40,61.44,8,0.2857142857142857,0.5345224838248487,27,27,0,27.0,6.0,18.0,22.0,0,54.0,P2-暂不补货,0.0,True
焰狐龙梓兰-手办模玩,焰狐龙梓兰,手办模玩,90,433.38,14,0.5,0.7453559924999299,36,36,0,55.0,12.0,57.0,64.0,0,91.0,P2-暂不补货,0.0,True
凛御银灰-亚克力制品,凛御银灰,亚克力制品,18,16.8,10,0.35714285714285715,0.6214848238238696,14,14,0,24.0,5.0,12.0,17.0,0,38.0,P2-暂不补货,0.0,True
凛御银灰-通行证,凛御银灰,通行证,14,12.48,8,0.2857142857142857,0.5998236072282916,17,17,0,0.0,4.0,8.0,12.0,0,17.0,P2-暂不补货,0.0,True
凛御银灰-吧唧（徽章）,凛御银灰,吧唧（徽章）,12,5.4,19,0.6785714285714286,0.8629652337776965,25,25,0,0.0,5.0,14.0,23.0,0,25.0,P2-暂不补货,0.0,True
凛御银灰-毛绒玩偶,凛御银灰,毛绒玩偶,40,61.44,12,0.42857142857142855,0.7417981870189156,19,19,0,28.0,8.0,26.0,32.0,0,47.0,P2-暂不补货,0.0,True
凛御银灰-手办模玩,凛御银灰,手办模玩,90,433.38,8,0.2857142857142857,0.5345224838248488,31,31,0,54.0,9.0,35.0,39.0,0,85.0,P2-暂不补货,0.0,True
凛御银灰-装饰摆件,凛御银灰,装饰摆件,25,37.38,12,0.42857142857142855,0.6341264874742278,28,28,0,0.0,6.0,17.0,23.0,0,28.0,P2-暂不补货,0.0,True
凛御银灰-日用生活,凛御银灰,日用生活,30,45.54,18,0.6428571428571429,0.731020885058378,22,22,0,24.0,7.0,27.0,36.0,0,46.0,P2-暂不补货,0.0,True
归溟幽灵鲨-亚克力制品,归溟幽灵鲨,亚克力制品,18,16.8,22,0.7857142857142857,0.9567360740266436,16,16,0,24.0,7.0,22.0,33.0,0,40.0,P2-暂不补货,0.0,True
归溟幽灵鲨-通行证,归溟幽灵鲨,通行证,14,12.48,7,0.25,0.4409585518440985,28,28,0,0.0,3.0,7.0,10.0,0,28.0,P2-暂不补货,0.0,True
归溟幽灵鲨-吧唧（徽章）,归溟幽灵鲨,吧唧（徽章）,12,5.4,8,0.2857142857142857,0.5345224838248489,31,31,0,0.0,4.0,8.0,12.0,0,31.0,P2-暂不补货,0.0,True
归溟幽灵鲨-毛绒玩偶,归溟幽灵鲨,毛绒玩偶,40,61.44,10,0.35714285714285715,0.731020885058378,24,24,0,27.0,8.0,23.0,28.0,0,51.0,P2-暂不补货,0.0,True
黍-亚克力制品,黍,亚克力制品,18,16.8,8,0.2857142857142857,0.8099905283919412,31,31,0,0.0,6.0,12.0,16.0,0,31.0,P2-暂不补货,0.0,True
黍-通行证,黍,通行证,14,12.48,15,0.5357142857142857,0.8380817098475258,29,29,0,0.0,6.0,14.0,21.0,0,29.0,P2-暂不补货,0.0,True
黍-吧唧（徽章）,黍,吧唧（徽章）,12,5.4,13,0.4642857142857143,0.6372477195601849,23,23,0,0.0,4.0,10.0,17.0,0,23.0,P2-暂不补货,0.0,True
黍-毛绒玩偶,黍,毛绒玩偶,40,61.44,18,0.6428571428571429,0.8261595987094034,19,19,0,28.0,9.0,35.0,44.0,0,47.0,P2-暂不补货,0.0,True
黍-手办模玩,黍,手办模玩,90,433.38,11,0.39285714285714285,0.8751417118804337,32,32,0,55.0,14.0,50.0,55.0,0,87.0,P2-暂不补货,0.0,True
黍-装饰摆件,黍,装饰摆件,25,37.38,11,0.39285714285714285,0.6288900106557946,15,15,0,24.0,6.0,16.0,22.0,0,39.0,P2-暂不补货,0.0,True
黍-日用生活,黍,日用生活,30,45.54,13,0.4642857142857143,0.7444681351359534,18,18,0,24.0,7.0,21.0,28.0,0,42.0,P2-暂不补货,0.0,True
Mon3tr-亚克力制品,Mon3tr,亚克力制品,18,16.8,10,0.35714285714285715,0.6214848238238696,24,24,0,0.0,5.0,12.0,17.0,0,24.0,P2-暂不补货,0.0,True
Mon3tr-通行证,Mon3tr,通行证,14,12.48,3,0.10714285714285714,0.314970394174356,34,34,0,0.0,2.0,4.0,5.0,0,34.0,P2-暂不补货,0.0,True
Mon3tr-吧唧（徽章）,Mon3tr,吧唧（徽章）,12,5.4,8,0.2857142857142857,0.5345224838248488,31,31,0,0.0,4.0,8.0,12.0,0,31.0,P2-暂不补货,0.0,True
Mon3tr-手办模玩,Mon3tr,手办模玩,90,433.38,5,0.17857142857142858,0.4755948656056709,26,26,0,53.0,8.0,25.0,27.0,0,79.0,P2-暂不补货,0.0,True
Mon3tr-装饰摆件,Mon3tr,装饰摆件,25,37.38,11,0.39285714285714285,0.7859547491585428,35,35,0,0.0,7.0,17.0,23.0,0,35.0,P2-暂不补货,0.0,True
Mon3tr-日用生活,Mon3tr,日用生活,30,45.54,9,0.32142857142857145,0.8629652337776967,37,37,0,0.0,8.0,18.0,23.0,0,37.0,P2-暂不补货,0.0,True
重岳-亚克力制品,重岳,亚克力制品,18,16.8,11,0.39285714285714285,0.737326788914382,29,29,0,0.0,6.0,14.0,19.0,0,29.0,P2-暂不补货,0.0,True
重岳-通行证,重岳,通行证,14,12.48,13,0.4642857142857143,0.9993384054849733,33,33,0,0.0,7.0,14.0,20.0,0,33.0,P2-暂不补货,0.0,True
重岳-吧唧（徽章）,重岳,吧唧（徽章）,12,5.4,8,0.2857142857142857,0.6586823467062358,17,17,0,0.0,4.0,8.0,12.0,0,17.0,P2-暂不补货,0.0,True
重岳-毛绒玩偶,重岳,毛绒玩偶,40,61.44,7,0.25,0.5853140973807076,26,26,0,26.0,7.0,17.0,21.0,0,52.0,P2-暂不补货,0.0,True
重岳-手办模玩,重岳,手办模玩,90,433.38,8,0.2857142857142857,0.4600437062282361,26,26,0,55.0,8.0,34.0,38.0,0,81.0,P2-暂不补货,0.0,True
重岳-装饰摆件,重岳,装饰摆件,25,37.38,7,0.25,0.4409585518440985,17,17,0,24.0,4.0,11.0,14.0,0,41.0,P2-暂不补货,0.0,True
重岳-日用生活,重岳,日用生活,30,45.54,11,0.39285714285714285,0.6288900106557946,25,25,0,0.0,6.0,18.0,24.0,0,25.0,P2-暂不补货,0.0,True
荒芜拉普兰德-亚克力制品,荒芜拉普兰德,亚克力制品,18,16.8,11,0.39285714285714285,0.9164862737363227,31,31,0,0.0,7.0,15.0,20.0,0,31.0,P2-暂不补货,0.0,True
荒芜拉普兰德-通行证,荒芜拉普兰德,通行证,14,12.48,11,0.39285714285714285,0.49734746139343816,14,14,0,24.0,4.0,10.0,15.0,0,38.0,P2-暂不补货,0.0,True
荒芜拉普兰德-吧唧（徽章）,荒芜拉普兰德,吧唧（徽章）,12,5.4,13,0.4642857142857143,0.5078745001833701,27,27,0,0.0,3.0,9.0,16.0,0,27.0,P2-暂不补货,0.0,True
荒芜拉普兰德-手办模玩,荒芜拉普兰德,手办模玩,90,433.38,11,0.39285714285714285,0.6852566815265063,22,22,0,52.0,11.0,47.0,52.0,0,74.0,P2-暂不补货,0.0,True
荒芜拉普兰德-装饰摆件,荒芜拉普兰德,装饰摆件,25,37.38,9,0.32142857142857145,0.8189230248533256,41,41,0,0.0,7.0,16.0,20.0,0,41.0,P2-暂不补货,0.0,True
荒芜拉普兰德-日用生活,荒芜拉普兰德,日用生活,30,45.54,13,0.4642857142857143,0.6929348671835832,10,10,0,24.0,7.0,21.0,28.0,0,34.0,P2-暂不补货,0.0,True
望-通行证,望,通行证,14,12.48,4,0.14285714285714285,0.35634832254989923,16,16,0,0.0,3.0,5.0,7.0,0,16.0,P2-暂不补货,0.0,True
望-吧唧（徽章）,望,吧唧（徽章）,12,5.4,13,0.4642857142857143,0.7444681351359534,22,22,0,0.0,5.0,11.0,18.0,0,22.0,P2-暂不补货,0.0,True
望-毛绒玩偶,望,毛绒玩偶,40,61.44,7,0.25,0.5181877251716008,24,24,0,26.0,6.0,16.0,20.0,0,50.0,P2-暂不补货,0.0,True
望-手办模玩,望,手办模玩,90,433.38,3,0.10714285714285714,0.314970394174356,39,39,0,50.0,5.0,15.0,17.0,0,89.0,P2-暂不补货,0.0,True
望-装饰摆件,望,装饰摆件,25,37.38,6,0.21428571428571427,0.4986754943620637,16,16,0,24.0,5.0,11.0,14.0,0,40.0,P2-暂不补货,0.0,True
望-日用生活,望,日用生活,30,45.54,16,0.5714285714285714,0.7417981870189158,10,10,0,24.0,7.0,25.0,33.0,0,34.0,P2-暂不补货,0.0,True
结城理-亚克力制品,结城理,亚克力制品,18,16.8,11,0.39285714285714285,0.7859547491585427,24,24,0,0.0,6.0,14.0,19.0,0,24.0,P2-暂不补货,0.0,True
结城理-通行证,结城理,通行证,14,12.48,4,0.14285714285714285,0.44839513942303283,27,27,0,0.0,3.0,5.0,7.0,0,27.0,P2-暂不补货,0.0,True
结城理-吧唧（徽章）,结城理,吧唧（徽章）,12,5.4,7,0.25,0.44095855184409843,28,28,0,0.0,3.0,6.0,10.0,0,28.0,P2-暂不补货,0.0,True
结城理-毛绒玩偶,结城理,毛绒玩偶,40,61.44,6,0.21428571428571427,0.49867549436206365,22,22,0,27.0,6.0,15.0,18.0,0,49.0,P2-暂不补货,0.0,True
结城理-手办模玩,结城理,手办模玩,90,433.38,7,0.25,0.5181877251716008,36,36,0,50.0,9.0,32.0,35.0,0,86.0,P2-暂不补货,0.0,True
结城理-装饰摆件,结城理,装饰摆件,25,37.38,10,0.35714285714285715,0.4879500364742666,11,11,0,24.0,5.0,14.0,19.0,0,35.0,P2-暂不补货,0.0,True
结城理-日用生活,结城理,日用生活,30,45.54,6,0.21428571428571427,0.4178554470186725,27,27,0,0.0,4.0,11.0,14.0,0,27.0,P2-暂不补货,0.0,True
缄默德克萨斯-亚克力制品,缄默德克萨斯,亚克力制品,18,16.8,4,0.14285714285714285,0.35634832254989923,36,36,0,0.0,3.0,6.0,8.0,0,36.0,P2-暂不补货,0.0,True
缄默德克萨斯-通行证,缄默德克萨斯,通行证,14,12.48,8,0.2857142857142857,0.5345224838248487,17,17,0,0.0,4.0,8.0,12.0,0,17.0,P2-暂不补货,0.0,True
缄默德克萨斯-毛绒玩偶,缄默德克萨斯,毛绒玩偶,40,61.44,6,0.21428571428571427,0.49867549436206365,24,24,0,26.0,6.0,15.0,18.0,0,50.0,P2-暂不补货,0.0,True
缄默德克萨斯-手办模玩,缄默德克萨斯,手办模玩,90,433.38,13,0.4642857142857143,0.7444681351359534,30,30,0,50.0,12.0,54.0,61.0,0,80.0,P2-暂不补货,0.0,True
缄默德克萨斯-装饰摆件,缄默德克萨斯,装饰摆件,25,37.38,11,0.39285714285714285,0.9164862737363226,26,26,0,0.0,8.0,18.0,24.0,0,26.0,P2-暂不补货,0.0,True
缄默德克萨斯-日用生活,缄默德克萨斯,日用生活,30,45.54,13,0.4642857142857143,0.7444681351359534,9,9,0,24.0,7.0,21.0,28.0,0,33.0,P2-暂不补货,0.0,True
死芒-亚克力制品,死芒,亚克力制品,18,16.8,14,0.5,0.9622504486493764,31,31,0,0.0,7.0,16.0,23.0,0,31.0,P2-暂不补货,0.0,True
死芒-吧唧（徽章）,死芒,吧唧（徽章）,12,5.4,11,0.39285714285714285,0.737326788914382,32,32,0,0.0,5.0,10.0,16.0,0,32.0,P2-暂不补货,0.0,True
死芒-手办模玩,死芒,手办模玩,90,433.38,9,0.32142857142857145,0.722832465019919,21,21,0,49.0,12.0,41.0,46.0,0,70.0,P2-暂不补货,0.0,True
死芒-装饰摆件,死芒,装饰摆件,25,37.38,5,0.17857142857142858,0.3900210277874798,27,27,0,0.0,4.0,9.0,11.0,0,27.0,P2-暂不补货,0.0,True
真言-亚克力制品,真言,亚克力制品,18,16.8,10,0.35714285714285715,0.4879500364742666,35,35,0,0.0,4.0,11.0,16.0,0,35.0,P2-暂不补货,0.0,True
真言-通行证,真言,通行证,14,12.48,14,0.5,0.8388704928078612,12,12,0,24.0,6.0,13.0,20.0,0,36.0,P2-暂不补货,0.0,True
真言-吧唧（徽章）,真言,吧唧（徽章）,12,5.4,10,0.35714285714285715,0.5587211398983505,34,34,0,0.0,4.0,9.0,14.0,0,34.0,P2-暂不补货,0.0,True
真言-毛绒玩偶,真言,毛绒玩偶,40,61.44,8,0.2857142857142857,0.5345224838248488,27,27,0,26.0,6.0,18.0,22.0,0,53.0,P2-暂不补货,0.0,True
真言-手办模玩,真言,手办模玩,90,433.38,12,0.42857142857142855,0.6900655593423541,19,19,0,49.0,11.0,50.0,56.0,0,68.0,P2-暂不补货,0.0,True
真言-装饰摆件,真言,装饰摆件,25,37.38,12,0.42857142857142855,0.7417981870189158,34,34,0,0.0,7.0,18.0,24.0,0,34.0,P2-暂不补货,0.0,True
真言-日用生活,真言,日用生活,30,45.54,8,0.2857142857142857,0.5998236072282916,23,23,0,0.0,6.0,15.0,19.0,0,23.0,P2-暂不补货,0.0,True
缪尔赛思-亚克力制品,缪尔赛思,亚克力制品,18,16.8,7,0.25,0.44095855184409843,36,36,0,0.0,4.0,9.0,12.0,0,36.0,P2-暂不补货,0.0,True
缪尔赛思-通行证,缪尔赛思,通行证,14,12.48,8,0.2857142857142857,0.7126966450997985,18,18,0,0.0,5.0,9.0,13.0,0,18.0,P2-暂不补货,0.0,True
缪尔赛思-吧唧（徽章）,缪尔赛思,吧唧（徽章）,12,5.4,9,0.32142857142857145,0.9048663264720755,33,33,0,0.0,6.0,10.0,15.0,0,33.0,P2-暂不补货,0.0,True
缪尔赛思-手办模玩,缪尔赛思,手办模玩,90,433.38,9,0.32142857142857145,0.6118321864193028,23,23,0,52.0,10.0,39.0,44.0,0,75.0,P2-暂不补货,0.0,True
缪尔赛思-装饰摆件,缪尔赛思,装饰摆件,25,37.38,9,0.32142857142857145,0.6696362433535825,16,16,0,24.0,6.0,15.0,19.0,0,40.0,P2-暂不补货,0.0,True
缪尔赛思-日用生活,缪尔赛思,日用生活,30,45.54,7,0.25,0.5181877251716008,34,34,0,0.0,5.0,13.0,16.0,0,34.0,P2-暂不补货,0.0,True
贝洛内-亚克力制品,贝洛内,亚克力制品,18,16.8,17,0.6071428571428571,0.7859547491585427,17,17,0,24.0,6.0,17.0,26.0,0,41.0,P2-暂不补货,0.0,True
贝洛内-通行证,贝洛内,通行证,14,12.48,11,0.39285714285714285,0.7859547491585427,36,36,0,0.0,5.0,11.0,16.0,0,36.0,P2-暂不补货,0.0,True
贝洛内-吧唧（徽章）,贝洛内,吧唧（徽章）,12,5.4,11,0.39285714285714285,0.8751417118804337,30,30,0,0.0,6.0,11.0,17.0,0,30.0,P2-暂不补货,0.0,True
贝洛内-毛绒玩偶,贝洛内,毛绒玩偶,40,61.44,16,0.5714285714285714,0.8357108940373451,20,20,0,25.0,9.0,32.0,40.0,0,45.0,P2-暂不补货,0.0,True
贝洛内-手办模玩,贝洛内,手办模玩,90,433.38,14,0.5,0.8388704928078612,20,20,0,48.0,14.0,59.0,66.0,0,68.0,P2-暂不补货,0.0,True
贝洛内-装饰摆件,贝洛内,装饰摆件,25,37.38,9,0.32142857142857145,0.6696362433535825,22,22,0,0.0,6.0,15.0,19.0,0,22.0,P2-暂不补货,0.0,True
贝洛内-日用生活,贝洛内,日用生活,30,45.54,12,0.42857142857142855,0.7901510136288026,16,16,0,24.0,8.0,21.0,27.0,0,40.0,P2-暂不补货,0.0,True
司霆惊蛰-通行证,司霆惊蛰,通行证,14,12.48,6,0.21428571428571427,0.41785544701867244,22,22,0,0.0,3.0,6.0,9.0,0,22.0,P2-暂不补货,0.0,True
司霆惊蛰-吧唧（徽章）,司霆惊蛰,吧唧（徽章）,12,5.4,11,0.39285714285714285,0.49734746139343805,28,28,0,0.0,3.0,8.0,14.0,0,28.0,P2-暂不补货,0.0,True
司霆惊蛰-手办模玩,司霆惊蛰,手办模玩,90,433.38,7,0.25,0.5181877251716007,22,22,0,48.0,9.0,32.0,35.0,0,70.0,P2-暂不补货,0.0,True
司霆惊蛰-装饰摆件,司霆惊蛰,装饰摆件,25,37.38,14,0.5,1.0,9,9,0,24.0,9.0,22.0,29.0,0,33.0,P2-暂不补货,0.0,True
司霆惊蛰-日用生活,司霆惊蛰,日用生活,30,45.54,11,0.39285714285714285,0.7373267889143819,34,34,0,0.0,7.0,19.0,25.0,0,34.0,P2-暂不补货,0.0,True
余-亚克力制品,余,亚克力制品,18,16.8,7,0.25,0.5853140973807078,35,35,0,0.0,5.0,10.0,13.0,0,35.0,P2-暂不补货,0.0,True
余-通行证,余,通行证,14,12.48,4,0.14285714285714285,0.4483951394230328,20,20,0,0.0,3.0,5.0,7.0,0,20.0,P2-暂不补货,0.0,True
余-吧唧（徽章）,余,吧唧（徽章）,12,5.4,8,0.2857142857142857,0.5998236072282916,34,34,0,0.0,4.0,8.0,12.0,0,34.0,P2-暂不补货,0.0,True
余-毛绒玩偶,余,毛绒玩偶,40,61.44,13,0.4642857142857143,0.6372477195601849,18,18,0,25.0,7.0,26.0,33.0,0,43.0,P2-暂不补货,0.0,True
余-手办模玩,余,手办模玩,90,433.38,7,0.25,0.5181877251716008,32,32,0,48.0,9.0,32.0,35.0,0,80.0,P2-暂不补货,0.0,True
余-装饰摆件,余,装饰摆件,25,37.38,8,0.2857142857142857,0.6586823467062358,19,19,0,24.0,6.0,14.0,18.0,0,43.0,P2-暂不补货,0.0,True
酒神-通行证,酒神,通行证,14,12.48,3,0.10714285714285714,0.314970394174356,24,24,0,0.0,2.0,4.0,5.0,0,24.0,P2-暂不补货,0.0,True
酒神-吧唧（徽章）,酒神,吧唧（徽章）,12,5.4,11,0.39285714285714285,0.8751417118804337,26,26,0,0.0,6.0,11.0,17.0,0,26.0,P2-暂不补货,0.0,True
酒神-毛绒玩偶,酒神,毛绒玩偶,40,61.44,5,0.17857142857142858,0.3900210277874798,34,34,0,0.0,5.0,13.0,15.0,0,34.0,P2-暂不补货,0.0,True
酒神-手办模玩,酒神,手办模玩,90,433.38,9,0.32142857142857145,0.6118321864193026,23,23,0,48.0,10.0,39.0,44.0,0,71.0,P2-暂不补货,0.0,True
酒神-装饰摆件,酒神,装饰摆件,25,37.38,6,0.21428571428571427,0.4986754943620637,19,19,0,24.0,5.0,11.0,14.0,0,43.0,P2-暂不补货,0.0,True
酒神-日用生活,酒神,日用生活,30,45.54,7,0.25,0.5853140973807078,17,17,0,24.0,6.0,14.0,17.0,0,41.0,P2-暂不补货,0.0,True
斩业星熊-亚克力制品,斩业星熊,亚克力制品,18,16.8,14,0.5,0.7934920476158722,13,13,0,24.0,6.0,15.0,22.0,0,37.0,P2-暂不补货,0.0,True
斩业星熊-通行证,斩业星熊,通行证,14,12.48,7,0.25,0.5181877251716008,36,36,0,0.0,4.0,8.0,11.0,0,36.0,P2-暂不补货,0.0,True
斩业星熊-吧唧（徽章）,斩业星熊,吧唧（徽章）,12,5.4,9,0.32142857142857145,0.5479640045336466,12,12,0,24.0,4.0,8.0,13.0,0,36.0,P2-暂不补货,0.0,True
斩业星熊-毛绒玩偶,斩业星熊,毛绒玩偶,40,61.44,5,0.17857142857142858,0.4755948656056709,31,31,0,0.0,5.0,13.0,15.0,0,31.0,P2-暂不补货,0.0,True
斩业星熊-手办模玩,斩业星熊,手办模玩,90,433.38,12,0.42857142857142855,0.7901510136288027,20,20,0,47.0,13.0,52.0,58.0,0,67.0,P2-暂不补货,0.0,True
斩业星熊-装饰摆件,斩业星熊,装饰摆件,25,37.38,9,0.32142857142857145,0.6118321864193027,30,30,0,0.0,6.0,15.0,19.0,0,30.0,P2-暂不补货,0.0,True
斩业星熊-日用生活,斩业星熊,日用生活,30,45.54,9,0.32142857142857145,0.6696362433535826,35,35,0,0.0,7.0,17.0,22.0,0,35.0,P2-暂不补货,0.0,True
怒潮凛冬-亚克力制品,怒潮凛冬,亚克力制品,18,16.8,9,0.32142857142857145,0.6696362433535826,35,35,0,0.0,5.0,11.0,16.0,0,35.0,P2-暂不补货,0.0,True
怒潮凛冬-通行证,怒潮凛冬,通行证,14,12.48,10,0.35714285714285715,0.67846699279881,25,25,0,0.0,5.0,10.0,15.0,0,25.0,P2-暂不补货,0.0,True
怒潮凛冬-吧唧（徽章）,怒潮凛冬,吧唧（徽章）,12,5.4,7,0.25,0.4409585518440984,34,34,0,0.0,3.0,6.0,10.0,0,34.0,P2-暂不补货,0.0,True
怒潮凛冬-毛绒玩偶,怒潮凛冬,毛绒玩偶,40,61.44,10,0.35714285714285715,0.6214848238238696,24,24,0,24.0,7.0,22.0,27.0,0,48.0,P2-暂不补货,0.0,True
怒潮凛冬-手办模玩,怒潮凛冬,手办模玩,90,433.38,7,0.25,0.6454972243679028,18,18,0,44.0,11.0,34.0,37.0,0,62.0,P2-暂不补货,0.0,True
怒潮凛冬-装饰摆件,怒潮凛冬,装饰摆件,25,37.38,8,0.2857142857142857,0.5345224838248488,20,20,0,0.0,5.0,13.0,17.0,0,20.0,P2-暂不补货,0.0,True
怒潮凛冬-日用生活,怒潮凛冬,日用生活,30,45.54,9,0.32142857142857145,0.5479640045336466,19,19,0,24.0,5.0,15.0,20.0,0,43.0,P2-暂不补货,0.0,True
塑心-亚克力制品,塑心,亚克力制品,18,16.8,14,0.5,0.7453559924999299,27,27,0,0.0,6.0,15.0,22.0,0,27.0,P2-暂不补货,0.0,True
塑心-通行证,塑心,通行证,14,12.48,8,0.2857142857142857,0.5998236072282916,19,19,0,0.0,4.0,8.0,12.0,0,19.0,P2-暂不补货,0.0,True
塑心-吧唧（徽章）,塑心,吧唧（徽章）,12,5.4,13,0.4642857142857143,0.9222413461394477,11,11,0,24.0,6.0,12.0,19.0,0,35.0,P2-暂不补货,0.0,True
塑心-毛绒玩偶,塑心,毛绒玩偶,40,61.44,9,0.32142857142857145,0.7228324650199193,18,18,0,25.0,8.0,21.0,26.0,0,43.0,P2-暂不补货,0.0,True
塑心-手办模玩,塑心,手办模玩,90,433.38,7,0.25,0.44095855184409843,24,24,0,44.0,7.0,30.0,33.0,0,68.0,P2-暂不补货,0.0,True
塑心-日用生活,塑心,日用生活,30,45.54,6,0.21428571428571427,0.41785544701867244,20,20,0,24.0,4.0,11.0,14.0,0,44.0,P2-暂不补货,0.0,True
佩佩-通行证,佩佩,通行证,14,12.48,7,0.25,0.5181877251716008,21,21,0,0.0,4.0,8.0,11.0,0,21.0,P2-暂不补货,0.0,True
佩佩-吧唧（徽章）,佩佩,吧唧（徽章）,12,5.4,7,0.25,0.5181877251716008,15,15,0,0.0,3.0,6.0,10.0,0,15.0,P2-暂不补货,0.0,True
佩佩-毛绒玩偶,佩佩,毛绒玩偶,40,61.44,10,0.35714285714285715,0.6214848238238697,28,28,0,0.0,7.0,22.0,27.0,0,28.0,P2-暂不补货,0.0,True
佩佩-装饰摆件,佩佩,装饰摆件,25,37.38,9,0.32142857142857145,0.6696362433535825,15,15,0,24.0,6.0,15.0,19.0,0,39.0,P2-暂不补货,0.0,True
佩佩-日用生活,佩佩,日用生活,30,45.54,15,0.5357142857142857,0.8811668550592598,15,15,0,24.0,8.0,25.0,32.0,0,39.0,P2-暂不补货,0.0,True
娜斯提-亚克力制品,娜斯提,亚克力制品,18,16.8,9,0.32142857142857145,0.5479640045336466,14,14,0,24.0,4.0,10.0,15.0,0,38.0,P2-暂不补货,0.0,True
娜斯提-通行证,娜斯提,通行证,14,12.48,10,0.35714285714285715,0.6214848238238695,20,20,0,0.0,4.0,9.0,14.0,0,20.0,P2-暂不补货,0.0,True
娜斯提-吧唧（徽章）,娜斯提,吧唧（徽章）,12,5.4,11,0.39285714285714285,0.8751417118804337,27,27,0,0.0,6.0,11.0,17.0,0,27.0,P2-暂不补货,0.0,True
娜斯提-毛绒玩偶,娜斯提,毛绒玩偶,40,61.44,3,0.10714285714285714,0.31497039417435607,37,37,0,0.0,4.0,9.0,10.0,0,37.0,P2-暂不补货,0.0,True
娜斯提-手办模玩,娜斯提,手办模玩,90,433.38,8,0.2857142857142857,0.7126966450997985,16,16,0,46.0,12.0,38.0,42.0,0,62.0,P2-暂不补货,0.0,True
娜斯提-装饰摆件,娜斯提,装饰摆件,25,37.38,8,0.2857142857142857,0.4600437062282361,36,36,0,0.0,4.0,12.0,16.0,0,36.0,P2-暂不补货,0.0,True
娜斯提-日用生活,娜斯提,日用生活,30,45.54,5,0.17857142857142858,0.4755948656056709,26,26,0,0.0,5.0,11.0,13.0,0,26.0,P2-暂不补货,0.0,True
谬因-亚克力制品,谬因,亚克力制品,18,16.8,9,0.32142857142857145,0.5479640045336466,15,15,0,24.0,4.0,10.0,15.0,0,39.0,P2-暂不补货,0.0,True
谬因-通行证,谬因,通行证,14,12.48,6,0.21428571428571427,0.4986754943620637,24,24,0,0.0,4.0,7.0,10.0,0,24.0,P2-暂不补货,0.0,True
谬因-吧唧（徽章）,谬因,吧唧（徽章）,12,5.4,8,0.2857142857142857,0.5345224838248488,33,33,0,0.0,4.0,8.0,12.0,0,33.0,P2-暂不补货,0.0,True
谬因-毛绒玩偶,谬因,毛绒玩偶,40,61.44,12,0.42857142857142855,0.6900655593423541,19,19,0,24.0,8.0,26.0,32.0,0,43.0,P2-暂不补货,0.0,True
谬因-手办模玩,谬因,手办模玩,90,433.38,3,0.10714285714285714,0.314970394174356,22,22,0,43.0,5.0,15.0,17.0,0,65.0,P2-暂不补货,0.0,True
谬因-装饰摆件,谬因,装饰摆件,25,37.38,14,0.5,0.8388704928078611,16,16,0,24.0,7.0,20.0,27.0,0,40.0,P2-暂不补货,0.0,True
谬因-日用生活,谬因,日用生活,30,45.54,14,0.5,0.8388704928078612,19,19,0,24.0,8.0,23.0,30.0,0,43.0,P2-暂不补货,0.0,True
缇缇-亚克力制品,缇缇,亚克力制品,18,16.8,11,0.39285714285714285,0.6288900106557946,10,10,0,24.0,5.0,13.0,18.0,0,34.0,P2-暂不补货,0.0,True
缇缇-通行证,缇缇,通行证,14,12.48,5,0.17857142857142858,0.3900210277874798,25,25,0,0.0,3.0,6.0,8.0,0,25.0,P2-暂不补货,0.0,True
缇缇-吧唧（徽章）,缇缇,吧唧（徽章）,12,5.4,5,0.17857142857142858,0.3900210277874798,26,26,0,0.0,3.0,6.0,8.0,0,26.0,P2-暂不补货,0.0,True
缇缇-毛绒玩偶,缇缇,毛绒玩偶,40,61.44,11,0.39285714285714285,0.6288900106557946,13,13,0,24.0,7.0,23.0,29.0,0,37.0,P2-暂不补货,0.0,True
缇缇-装饰摆件,缇缇,装饰摆件,25,37.38,8,0.2857142857142857,0.7126966450997985,21,21,0,0.0,6.0,14.0,18.0,0,21.0,P2-暂不补货,0.0,True
缇缇-日用生活,缇缇,日用生活,30,45.54,9,0.32142857142857145,0.5479640045336467,13,13,0,24.0,5.0,15.0,20.0,0,37.0,P2-暂不补货,0.0,True
