operator,scenario,scenario_score,scenario_rank,scenario_rank_best,scenario_rank_worst,scenario_rank_mean,scenario_rank_std,scenario_rank_range
新约能天使,balanced,94.57854676710606,1.0,1.0,1.0,1.0,0.0,0.0
维什戴尔,balanced,92.49980012791812,2.0,2.0,2.0,2.0,0.0,0.0
凯尔希·思衡托,balanced,81.8859070935342,3.0,3.0,13.0,5.0,4.47213595499958,10.0
凛御银灰,balanced,77.046783625731,4.0,3.0,7.0,4.6,1.51657508881031,4.0
阿米娅,balanced,76.10089542692677,5.0,4.0,9.0,5.8,1.9235384061671346,5.0
塞雷娅,balanced,75.2761232811001,6.0,6.0,10.0,6.8,1.7888543819998317,4.0
予愿安洁莉娜,balanced,74.72227178114778,7.0,4.0,22.0,10.2,7.463243262818116,18.0
焰狐龙梓兰,balanced,71.51749430072356,8.0,8.0,12.0,10.8,1.788854381999832,4.0
赤刃明霄陈,balanced,71.38061254831995,9.0,8.0,17.0,11.2,4.086563348340509,9.0
浊心斯卡蒂,balanced,71.32225375759513,10.0,7.0,18.0,10.6,4.505552130427524,11.0
能天使,balanced,70.26213223536935,11.0,9.0,19.0,12.2,4.147288270665544,10.0
玛恩纳,balanced,69.05090741925169,12.0,12.0,16.0,13.6,1.6733200530681511,4.0
史尔特尔,balanced,68.5421330348577,13.0,4.0,26.0,14.0,8.031189202104505,22.0
望,balanced,67.11968480523342,14.0,8.0,20.0,14.2,4.266145801540309,12.0
棘刺,balanced,65.48808762392069,15.0,5.0,32.0,17.2,9.757048734120374,27.0
逻各斯,balanced,65.22005916213622,16.0,15.0,18.0,16.6,1.341640786499874,3.0
结城理,balanced,65.13618792744573,17.0,11.0,23.0,16.8,4.266145801540309,12.0
凯尔希,balanced,64.46284377998082,18.0,10.0,30.0,19.2,7.259476565152615,20.0
维娜·维多利亚,balanced,62.062840717613234,19.0,9.0,37.0,22.4,10.382677881933928,28.0
荒芜拉普兰德,balanced,61.97696955430005,20.0,19.0,28.0,21.6,3.6469165057620936,9.0
令,balanced,61.13717220978574,21.0,11.0,36.0,21.8,9.311283477587825,25.0
纯烬艾雅法拉,balanced,60.52998314996531,22.0,10.0,38.0,24.2,10.305338422390601,28.0
W,balanced,60.390625,23.0,22.0,24.0,23.0,0.7071067811865476,2.0
斩业星熊,balanced,60.33026067994845,24.0,13.0,29.0,21.8,6.058052492344384,16.0
德克萨斯,balanced,60.13251519027823,25.0,8.0,39.0,23.4,11.458621208504974,31.0
Mon3tr,balanced,58.97204876598275,26.0,24.0,26.0,25.2,0.8366600265340757,2.0
泥岩,balanced,58.669951231212025,27.0,25.0,27.0,25.8,0.8366600265340756,2.0
死芒,balanced,58.123203488948356,28.0,15.0,30.0,24.6,5.941380311005179,15.0
酒神,balanced,57.134701159678855,29.0,7.0,34.0,24.2,10.52140675005011,27.0
重岳,balanced,56.208097928436906,30.0,28.0,31.0,29.6,1.1401754250991376,3.0
真言,balanced,54.30949549013777,31.0,21.0,32.0,28.6,4.505552130427524,11.0
归溟幽灵鲨,balanced,53.202844682327274,32.0,21.0,40.0,32.0,6.9641941385920605,19.0
幽灵鲨,balanced,48.15837863767189,33.0,20.0,51.0,34.4,11.036303729057115,31.0
银灰,balanced,47.11014950431724,34.0,27.0,41.0,34.0,5.0,14.0
温蒂,balanced,44.81671730092741,35.0,34.0,41.0,36.0,2.9154759474226504,7.0
斯卡蒂,balanced,44.31653741605373,36.0,33.0,44.0,37.2,4.086563348340509,11.0
司霆惊蛰,balanced,44.17489344831004,37.0,30.0,41.0,36.4,3.9749213828703587,11.0
贝洛内,balanced,42.208791753394785,38.0,34.0,42.0,38.2,2.863564212655271,8.0
拉普兰德,balanced,41.654641029740965,39.0,36.0,49.0,40.4,5.029910535983716,13.0
塑心,balanced,41.051937753989485,40.0,33.0,43.0,39.2,3.768288736283354,10.0
缪尔赛思,balanced,40.71599368560983,41.0,38.0,46.0,41.4,2.9664793948382644,8.0
佩佩,balanced,39.7291109128754,42.0,31.0,45.0,40.0,5.3385391260156565,14.0
黍,balanced,39.633233632436024,43.0,31.0,50.0,43.2,7.563068160475615,19.0
娜斯提,balanced,37.4353751610665,44.0,28.0,49.0,41.6,7.956129712366435,21.0
缄默德克萨斯,balanced,34.68574685300822,45.0,39.0,54.0,46.2,5.449770637375485,15.0
缇缇,balanced,33.61383685201704,46.0,32.0,55.0,44.8,8.228000972289685,23.0
锏,balanced,32.81120083146786,47.0,44.0,47.0,46.4,1.3416407864998738,3.0
谬因,balanced,32.08871047675686,48.0,35.0,53.0,46.0,6.670832032063167,18.0
铃兰,balanced,31.344739366805243,49.0,45.0,52.0,48.4,2.8809720581775866,7.0
诗怀雅,balanced,29.519307643108405,50.0,43.0,54.0,49.2,4.08656334834051,11.0
煌,balanced,28.90210265430125,51.0,44.0,57.0,50.4,4.669047011971501,13.0
怒潮凛冬,balanced,28.363613836852014,52.0,42.0,52.0,49.8,4.381780460041329,10.0
艾雅法拉,balanced,27.137731851614962,53.0,48.0,55.0,52.0,2.9154759474226504,7.0
余,balanced,26.89528199028645,54.0,47.0,56.0,52.6,3.3615472627943217,9.0
夕,balanced,23.380536456667734,55.0,50.0,58.0,54.8,2.949576240750525,8.0
伊芙利特,balanced,22.62362088263511,56.0,52.0,58.0,55.2,2.2803508501982757,6.0
霍尔海雅,balanced,18.736508634473935,57.0,53.0,59.0,56.8,2.280350850198276,6.0
陈,balanced,18.079029421170453,58.0,56.0,59.0,57.6,1.1401754250991383,3.0
年,balanced,16.275683562519987,59.0,57.0,60.0,58.8,1.0954451150103326,3.0
夜莺,balanced,14.762551966741285,60.0,55.0,60.0,59.0,2.23606797749979,5.0
新约能天使,commerce_led,97.04908192090394,1.0,1.0,1.0,1.0,0.0,0.0
维什戴尔,commerce_led,92.82838983050848,2.0,2.0,2.0,2.0,0.0,0.0
凛御银灰,commerce_led,76.90476190476191,3.0,3.0,7.0,4.6,1.51657508881031,4.0
阿米娅,commerce_led,76.22881355932203,4.0,4.0,9.0,5.8,1.9235384061671346,5.0
予愿安洁莉娜,commerce_led,75.17433414043585,5.0,4.0,22.0,10.2,7.463243262818116,18.0
塞雷娅,commerce_led,74.90087772397094,6.0,6.0,10.0,6.8,1.7888543819998317,4.0
浊心斯卡蒂,commerce_led,72.53707627118644,7.0,7.0,18.0,10.6,4.505552130427524,11.0
赤刃明霄陈,commerce_led,71.60048426150121,8.0,8.0,17.0,11.2,4.086563348340509,9.0
能天使,commerce_led,71.45959443099274,9.0,9.0,19.0,12.2,4.147288270665544,10.0
焰狐龙梓兰,commerce_led,71.44471347861179,10.0,8.0,12.0,10.8,1.788854381999832,4.0
史尔特尔,commerce_led,70.98970944309929,11.0,4.0,26.0,14.0,8.031189202104505,22.0
玛恩纳,commerce_led,68.64482445520582,12.0,12.0,16.0,13.6,1.6733200530681511,4.0
凯尔希·思衡托,commerce_led,67.6617231638418,13.0,3.0,13.0,5.0,4.47213595499958,10.0
望,commerce_led,66.80266343825667,14.0,8.0,20.0,14.2,4.266145801540309,12.0
逻各斯,commerce_led,64.87136803874093,15.0,15.0,18.0,16.6,1.341640786499874,3.0
结城理,commerce_led,64.78450363196127,16.0,11.0,23.0,16.8,4.266145801540309,12.0
令,commerce_led,63.76891646489105,17.0,11.0,36.0,21.8,9.311283477587825,25.0
德克萨斯,commerce_led,63.70611380145279,18.0,8.0,39.0,23.4,11.458621208504974,31.0
棘刺,commerce_led,63.07203389830507,19.0,5.0,32.0,17.2,9.757048734120374,27.0
维娜·维多利亚,commerce_led,62.67473769168685,20.0,9.0,37.0,22.4,10.382677881933928,28.0
凯尔希,commerce_led,62.54766949152543,21.0,10.0,30.0,19.2,7.259476565152615,20.0
纯烬艾雅法拉,commerce_led,61.23405972558516,22.0,10.0,38.0,24.2,10.305338422390601,28.0
W,commerce_led,60.390625,23.0,22.0,24.0,23.0,0.7071067811865476,2.0
斩业星熊,commerce_led,59.85794995964487,24.0,13.0,29.0,21.8,6.058052492344384,16.0
Mon3tr,commerce_led,58.961259079903144,25.0,24.0,26.0,25.2,0.8366600265340757,2.0
泥岩,commerce_led,58.84155569007264,26.0,25.0,27.0,25.8,0.8366600265340756,2.0
死芒,commerce_led,57.72800645682001,27.0,15.0,30.0,24.6,5.941380311005179,15.0
荒芜拉普兰德,commerce_led,56.61423022598869,28.0,19.0,28.0,21.6,3.6469165057620936,9.0
酒神,commerce_led,56.41162227602906,29.0,7.0,34.0,24.2,10.52140675005011,27.0
重岳,commerce_led,56.290960451977405,30.0,28.0,31.0,29.6,1.1401754250991376,3.0
真言,commerce_led,53.978611783696536,31.0,21.0,32.0,28.6,4.505552130427524,11.0
归溟幽灵鲨,commerce_led,53.71630347054076,32.0,21.0,40.0,32.0,6.9641941385920605,19.0
幽灵鲨,commerce_led,51.49818401937046,33.0,20.0,51.0,34.4,11.036303729057115,31.0
温蒂,commerce_led,46.13347457627118,34.0,34.0,41.0,36.0,2.9154759474226504,7.0
银灰,commerce_led,45.88150726392252,35.0,27.0,41.0,34.0,5.0,14.0
斯卡蒂,commerce_led,45.78616828087167,36.0,33.0,44.0,37.2,4.086563348340509,11.0
司霆惊蛰,commerce_led,43.820419693301055,37.0,30.0,41.0,36.4,3.9749213828703587,11.0
拉普兰德,commerce_led,43.567645278450364,38.0,36.0,49.0,40.4,5.029910535983716,13.0
贝洛内,commerce_led,41.92211460855529,39.0,34.0,42.0,38.2,2.863564212655271,8.0
缪尔赛思,commerce_led,41.045133538777606,40.0,38.0,46.0,41.4,2.9664793948382644,8.0
塑心,commerce_led,40.6545601291364,41.0,33.0,43.0,39.2,3.768288736283354,10.0
佩佩,commerce_led,39.232445520581116,42.0,31.0,45.0,40.0,5.3385391260156565,14.0
黍,commerce_led,39.00051361068311,43.0,31.0,50.0,43.2,7.563068160475615,19.0
娜斯提,commerce_led,36.83494753833737,44.0,28.0,49.0,41.6,7.956129712366435,21.0
缄默德克萨斯,commerce_led,35.142453591606134,45.0,39.0,54.0,46.2,5.449770637375485,15.0
缇缇,commerce_led,32.92171105730427,46.0,32.0,55.0,44.8,8.228000972289685,23.0
锏,commerce_led,32.62560532687651,47.0,44.0,47.0,46.4,1.3416407864998738,3.0
谬因,commerce_led,31.534301856335752,48.0,35.0,53.0,46.0,6.670832032063167,18.0
煌,commerce_led,30.98819612590799,49.0,44.0,57.0,50.4,4.669047011971501,13.0
铃兰,commerce_led,30.59322033898305,50.0,45.0,52.0,48.4,2.8809720581775866,7.0
诗怀雅,commerce_led,28.34897094430993,51.0,43.0,54.0,49.2,4.08656334834051,11.0
怒潮凛冬,commerce_led,28.06577885391445,52.0,42.0,52.0,49.8,4.381780460041329,10.0
余,commerce_led,27.179580306698952,53.0,47.0,56.0,52.6,3.3615472627943217,9.0
艾雅法拉,commerce_led,26.277996368038735,54.0,48.0,55.0,52.0,2.9154759474226504,7.0
夕,commerce_led,25.06431598062954,55.0,50.0,58.0,54.8,2.949576240750525,8.0
伊芙利特,commerce_led,21.533746973365616,56.0,52.0,58.0,55.2,2.2803508501982757,6.0
陈,commerce_led,19.01180387409201,57.0,56.0,59.0,57.6,1.1401754250991383,3.0
霍尔海雅,commerce_led,18.059170702179177,58.0,53.0,59.0,56.8,2.280350850198276,6.0
年,commerce_led,16.909049636803875,59.0,57.0,60.0,58.8,1.0954451150103326,3.0
夜莺,commerce_led,13.698547215496367,60.0,55.0,60.0,59.0,2.23606797749979,5.0
新约能天使,community_led,91.52471751412429,1.0,1.0,1.0,1.0,0.0,0.0
维什戴尔,community_led,90.65148305084746,2.0,2.0,2.0,2.0,0.0,0.0
凯尔希·思衡托,community_led,83.01129943502826,3.0,3.0,13.0,5.0,4.47213595499958,10.0
凛御银灰,community_led,80.95238095238095,4.0,3.0,7.0,4.6,1.51657508881031,4.0
棘刺,community_led,79.07838983050847,5.0,5.0,32.0,17.2,9.757048734120374,27.0
塞雷娅,community_led,77.38687953995156,6.0,6.0,10.0,6.8,1.7888543819998317,4.0
酒神,community_led,77.01937046004844,7.0,7.0,34.0,24.2,10.52140675005011,27.0
望,community_led,75.83777239709444,8.0,8.0,20.0,14.2,4.266145801540309,12.0
阿米娅,community_led,75.38135593220339,9.0,4.0,9.0,5.8,1.9235384061671346,5.0
凯尔希,community_led,75.23569915254238,10.0,10.0,30.0,19.2,7.259476565152615,20.0
结城理,community_led,74.80750605326877,11.0,11.0,23.0,16.8,4.266145801540309,12.0
焰狐龙梓兰,community_led,73.51896690879741,12.0,8.0,12.0,10.8,1.788854381999832,4.0
斩业星熊,community_led,73.31880548829702,13.0,13.0,29.0,21.8,6.058052492344384,16.0
玛恩纳,community_led,71.33512409200969,14.0,12.0,16.0,13.6,1.6733200530681511,4.0
死芒,community_led,68.9911218724778,15.0,15.0,30.0,24.6,5.941380311005179,15.0
逻各斯,community_led,67.18144673123487,16.0,15.0,18.0,16.6,1.341640786499874,3.0
赤刃明霄陈,community_led,65.33414043583535,17.0,8.0,17.0,11.2,4.086563348340509,9.0
浊心斯卡蒂,community_led,64.48887711864408,18.0,7.0,18.0,10.6,4.505552130427524,11.0
能天使,community_led,63.52640738498789,19.0,9.0,19.0,12.2,4.147288270665544,10.0
荒芜拉普兰德,community_led,63.49187853107344,20.0,19.0,28.0,21.6,3.6469165057620936,9.0
真言,community_led,63.408797417272005,21.0,21.0,32.0,28.6,4.505552130427524,11.0
予愿安洁莉娜,community_led,62.2905569007264,22.0,4.0,22.0,10.2,7.463243262818116,18.0
W,community_led,60.390625,23.0,22.0,24.0,23.0,0.7071067811865476,2.0
Mon3tr,community_led,59.26876513317191,24.0,24.0,26.0,25.2,0.8366600265340757,2.0
泥岩,community_led,57.704676150121074,25.0,25.0,27.0,25.8,0.8366600265340756,2.0
史尔特尔,community_led,54.774515738498785,26.0,4.0,26.0,14.0,8.031189202104505,22.0
银灰,community_led,54.02126210653754,27.0,27.0,41.0,34.0,5.0,14.0
娜斯提,community_led,53.947134786117836,28.0,28.0,49.0,41.6,7.956129712366435,21.0
重岳,community_led,53.92937853107345,29.0,28.0,31.0,29.6,1.1401754250991376,3.0
司霆惊蛰,community_led,53.92292171105731,30.0,30.0,41.0,36.4,3.9749213828703587,11.0
佩佩,community_led,53.38740920096853,31.0,31.0,45.0,40.0,5.3385391260156565,14.0
缇缇,community_led,52.647296206618236,32.0,32.0,55.0,44.8,8.228000972289685,23.0
塑心,community_led,51.97982243744956,33.0,33.0,43.0,39.2,3.768288736283354,10.0
贝洛内,community_led,50.09241323648104,34.0,34.0,42.0,38.2,2.863564212655271,8.0
谬因,community_led,47.334947538337374,35.0,35.0,53.0,46.0,6.670832032063167,18.0
令,community_led,46.3336107748184,36.0,11.0,36.0,21.8,9.311283477587825,25.0
维娜·维多利亚,community_led,45.235673930589186,37.0,9.0,37.0,22.4,10.382677881933928,28.0
纯烬艾雅法拉,community_led,41.1678773204197,38.0,10.0,38.0,24.2,10.305338422390601,28.0
德克萨斯,community_led,40.03102300242131,39.0,8.0,39.0,23.4,11.458621208504974,31.0
归溟幽灵鲨,community_led,39.08272800645682,40.0,21.0,40.0,32.0,6.9641941385920605,19.0
温蒂,community_led,37.40995762711865,41.0,34.0,41.0,36.0,2.9154759474226504,7.0
怒潮凛冬,community_led,36.55407586763519,42.0,42.0,52.0,49.8,4.381780460041329,10.0
诗怀雅,community_led,36.102451573849876,43.0,43.0,54.0,49.2,4.08656334834051,11.0
斯卡蒂,community_led,36.04986380145279,44.0,33.0,44.0,37.2,4.086563348340509,11.0
铃兰,community_led,35.57203389830509,45.0,45.0,52.0,48.4,2.8809720581775866,7.0
缪尔赛思,community_led,35.10196955430006,46.0,38.0,46.0,41.4,2.9664793948382644,8.0
锏,community_led,33.855175544794186,47.0,44.0,47.0,46.4,1.3416407864998738,3.0
艾雅法拉,community_led,31.973743946731233,48.0,48.0,55.0,52.0,2.9154759474226504,7.0
拉普兰德,community_led,30.89399213075061,49.0,36.0,49.0,40.4,5.029910535983716,13.0
黍,community_led,30.359070935342125,50.0,31.0,50.0,43.2,7.563068160475615,19.0
幽灵鲨,community_led,29.371973365617436,51.0,20.0,51.0,34.4,11.036303729057115,31.0
伊芙利特,community_led,28.754161622276026,52.0,52.0,58.0,55.2,2.2803508501982757,6.0
霍尔海雅,community_led,22.546534503631964,53.0,53.0,59.0,56.8,2.280350850198276,6.0
缄默德克萨斯,community_led,22.126311541565784,54.0,39.0,54.0,46.2,5.449770637375485,15.0
夜莺,community_led,20.74757869249395,55.0,55.0,60.0,59.0,2.23606797749979,5.0
余,community_led,19.077078288942698,56.0,47.0,56.0,52.6,3.3615472627943217,9.0
煌,community_led,17.167826876513317,57.0,44.0,57.0,50.4,4.669047011971501,13.0
夕,community_led,13.909276634382566,58.0,50.0,58.0,54.8,2.949576240750525,8.0
陈,community_led,12.832173123486683,59.0,56.0,59.0,57.6,1.1401754250991383,3.0
年,community_led,12.712999394673124,60.0,57.0,60.0,58.8,1.0954451150103326,3.0
新约能天使,content_led,95.38488700564972,1.0,1.0,1.0,1.0,0.0,0.0
维什戴尔,content_led,92.28416313559322,2.0,2.0,2.0,2.0,0.0,0.0
凯尔希·思衡托,content_led,86.47951977401131,3.0,3.0,13.0,5.0,4.47213595499958,10.0
予愿安洁莉娜,content_led,81.61622276029057,4.0,4.0,22.0,10.2,7.463243262818116,18.0
阿米娅,content_led,76.01694915254237,5.0,4.0,9.0,5.8,1.9235384061671346,5.0
塞雷娅,content_led,75.52237817796609,6.0,6.0,10.0,6.8,1.7888543819998317,4.0
凛御银灰,content_led,74.8809523809524,7.0,3.0,7.0,4.6,1.51657508881031,4.0
赤刃明霄陈,content_led,74.73365617433414,8.0,8.0,17.0,11.2,4.086563348340509,9.0
维娜·维多利亚,content_led,71.39426957223567,9.0,9.0,37.0,22.4,10.382677881933928,28.0
纯烬艾雅法拉,content_led,71.2671509281679,10.0,10.0,38.0,24.2,10.305338422390601,28.0
浊心斯卡蒂,content_led,70.52502648305084,11.0,7.0,18.0,10.6,4.505552130427524,11.0
焰狐龙梓兰,content_led,70.40758676351896,12.0,8.0,12.0,10.8,1.788854381999832,4.0
能天使,content_led,69.47629766949152,13.0,9.0,19.0,12.2,4.147288270665544,10.0
玛恩纳,content_led,69.31739936440678,14.0,12.0,16.0,13.6,1.6733200530681511,4.0
棘刺,content_led,67.07362288135592,15.0,5.0,32.0,17.2,9.757048734120374,27.0
史尔特尔,content_led,66.93591101694915,16.0,4.0,26.0,14.0,8.031189202104505,22.0
凯尔希,content_led,65.71967690677967,17.0,10.0,30.0,19.2,7.259476565152615,20.0
逻各斯,content_led,65.4488877118644,18.0,15.0,18.0,16.6,1.341640786499874,3.0
荒芜拉普兰德,content_led,63.09675141242937,19.0,19.0,28.0,21.6,3.6469165057620936,9.0
望,content_led,62.28510895883779,20.0,8.0,20.0,14.2,4.266145801540309,12.0
归溟幽灵鲨,content_led,61.033091202582725,21.0,21.0,40.0,32.0,6.9641941385920605,19.0
W,content_led,60.390625,22.0,22.0,24.0,23.0,0.7071067811865476,2.0
结城理,content_led,59.77300242130751,23.0,11.0,23.0,16.8,4.266145801540309,12.0
令,content_led,59.41009004237288,24.0,11.0,36.0,21.8,9.311283477587825,25.0
Mon3tr,content_led,58.80750605326876,25.0,24.0,26.0,25.2,0.8366600265340757,2.0
泥岩,content_led,58.55733580508474,26.0,25.0,27.0,25.8,0.8366600265340756,2.0
德克萨斯,content_led,57.78734110169491,27.0,8.0,39.0,23.4,11.458621208504974,31.0
重岳,content_led,57.471751412429384,28.0,28.0,31.0,29.6,1.1401754250991376,3.0
斩业星熊,content_led,53.127522195318804,29.0,13.0,29.0,21.8,6.058052492344384,16.0
死芒,content_led,52.09644874899112,30.0,15.0,30.0,24.6,5.941380311005179,15.0
黍,content_led,49.654739485247966,31.0,31.0,50.0,43.2,7.563068160475615,19.0
真言,content_led,49.263518966908805,32.0,21.0,32.0,28.6,4.505552130427524,11.0
银灰,content_led,47.91644597457628,33.0,27.0,41.0,34.0,5.0,14.0
酒神,content_led,46.10774818401938,34.0,7.0,34.0,24.2,10.52140675005011,27.0
幽灵鲨,content_led,45.9666313559322,35.0,20.0,51.0,34.4,11.036303729057115,31.0
温蒂,content_led,43.95259533898305,36.0,34.0,41.0,36.0,2.9154759474226504,7.0
斯卡蒂,content_led,43.35209216101694,37.0,33.0,44.0,37.2,4.086563348340509,11.0
缪尔赛思,content_led,42.958843377275585,38.0,38.0,46.0,41.4,2.9664793948382644,8.0
缄默德克萨斯,content_led,41.65052461662631,39.0,39.0,54.0,46.2,5.449770637375485,15.0
拉普兰德,content_led,40.39923199152542,40.0,36.0,49.0,40.4,5.029910535983716,13.0
司霆惊蛰,content_led,38.76916868442292,41.0,30.0,41.0,36.4,3.9749213828703587,11.0
贝洛内,content_led,37.83696529459242,42.0,34.0,42.0,38.2,2.863564212655271,8.0
塑心,content_led,34.99192897497982,43.0,33.0,43.0,39.2,3.768288736283354,10.0
锏,content_led,32.93299788135593,44.0,44.0,47.0,46.4,1.3416407864998738,3.0
佩佩,content_led,32.15496368038741,45.0,31.0,45.0,40.0,5.3385391260156565,14.0
铃兰,content_led,31.837923728813557,46.0,45.0,52.0,48.4,2.8809720581775866,7.0
余,content_led,31.230831315577074,47.0,47.0,56.0,52.6,3.3615472627943217,9.0
诗怀雅,content_led,30.287341101694906,48.0,43.0,54.0,49.2,4.08656334834051,11.0
娜斯提,content_led,28.27885391444714,49.0,28.0,49.0,41.6,7.956129712366435,21.0
艾雅法拉,content_led,27.701933262711858,50.0,48.0,55.0,52.0,2.9154759474226504,7.0
煌,content_led,27.53310381355932,51.0,44.0,57.0,50.4,4.669047011971501,13.0
怒潮凛冬,content_led,23.82163034705408,52.0,42.0,52.0,49.8,4.381780460041329,10.0
谬因,content_led,23.63397901533495,53.0,35.0,53.0,46.0,6.670832032063167,18.0
伊芙利特,content_led,23.338850635593218,54.0,52.0,58.0,55.2,2.2803508501982757,6.0
缇缇,content_led,23.058918482647297,55.0,32.0,55.0,44.8,8.228000972289685,23.0
夕,content_led,22.275556144067796,56.0,50.0,58.0,54.8,2.949576240750525,8.0
霍尔海雅,content_led,19.181011652542374,57.0,53.0,59.0,56.8,2.280350850198276,6.0
陈,content_led,17.466896186440678,58.0,56.0,59.0,57.6,1.1401754250991383,3.0
年,content_led,15.860037076271185,59.0,57.0,60.0,58.8,1.0954451150103326,3.0
夜莺,content_led,15.460805084745763,60.0,55.0,60.0,59.0,2.23606797749979,5.0
新约能天使,survey_led,94.01581920903953,1.0,1.0,1.0,1.0,0.0,0.0
维什戴尔,survey_led,93.91684322033899,2.0,2.0,2.0,2.0,0.0,0.0
凯尔希·思衡托,survey_led,81.76723163841808,3.0,3.0,13.0,5.0,4.47213595499958,10.0
史尔特尔,survey_led,79.09730629539952,4.0,4.0,26.0,14.0,8.031189202104505,22.0
凛御银灰,survey_led,77.91666666666666,5.0,3.0,7.0,4.6,1.51657508881031,4.0
阿米娅,survey_led,76.65254237288136,6.0,4.0,9.0,5.8,1.9235384061671346,5.0
浊心斯卡蒂,survey_led,76.56117584745763,7.0,7.0,18.0,10.6,4.505552130427524,11.0
德克萨斯,survey_led,75.54365920096852,8.0,8.0,39.0,23.4,11.458621208504974,31.0
能天使,survey_led,75.42618795399515,9.0,9.0,19.0,12.2,4.147288270665544,10.0
塞雷娅,survey_led,73.65787681598063,10.0,6.0,10.0,6.8,1.7888543819998317,4.0
令,survey_led,72.48656930992736,11.0,11.0,36.0,21.8,9.311283477587825,25.0
焰狐龙梓兰,survey_led,71.96327683615817,12.0,8.0,12.0,10.8,1.788854381999832,4.0
予愿安洁莉娜,survey_led,71.95338983050848,13.0,4.0,22.0,10.2,7.463243262818116,18.0
赤刃明霄陈,survey_led,70.03389830508475,14.0,8.0,17.0,11.2,4.086563348340509,9.0
望,survey_led,69.0614406779661,15.0,8.0,20.0,14.2,4.266145801540309,12.0
玛恩纳,survey_led,67.29967463680389,16.0,12.0,16.0,13.6,1.6733200530681511,4.0
结城理,survey_led,67.29025423728814,17.0,11.0,23.0,16.8,4.266145801540309,12.0
逻各斯,survey_led,63.71632869249395,18.0,15.0,18.0,16.6,1.341640786499874,3.0
斩业星熊,survey_led,63.22316384180791,19.0,13.0,29.0,21.8,6.058052492344384,16.0
幽灵鲨,survey_led,62.56128934624697,20.0,20.0,51.0,34.4,11.036303729057115,31.0
荒芜拉普兰德,survey_led,62.154802259887,21.0,19.0,28.0,21.6,3.6469165057620936,9.0
酒神,survey_led,61.5635593220339,22.0,7.0,34.0,24.2,10.52140675005011,27.0
死芒,survey_led,60.543785310734464,23.0,15.0,30.0,24.6,5.941380311005179,15.0
W,survey_led,60.390625,24.0,22.0,24.0,23.0,0.7071067811865476,2.0
泥岩,survey_led,59.40999546004843,25.0,25.0,27.0,25.8,0.8366600265340756,2.0
Mon3tr,survey_led,59.03813559322033,26.0,24.0,26.0,25.2,0.8366600265340757,2.0
维娜·维多利亚,survey_led,58.31497175141242,27.0,9.0,37.0,22.4,10.382677881933928,28.0
真言,survey_led,56.336158192090394,28.0,21.0,32.0,28.6,4.505552130427524,11.0
纯烬艾雅法拉,survey_led,56.21751412429379,29.0,10.0,38.0,24.2,10.305338422390601,28.0
凯尔希,survey_led,56.20365466101696,30.0,10.0,30.0,19.2,7.259476565152615,20.0
重岳,survey_led,55.70056497175141,31.0,28.0,31.0,29.6,1.1401754250991376,3.0
棘刺,survey_led,55.068855932203384,32.0,5.0,32.0,17.2,9.757048734120374,27.0
斯卡蒂,survey_led,50.65432052058112,33.0,33.0,44.0,37.2,4.086563348340509,11.0
温蒂,survey_led,50.49523305084746,34.0,34.0,41.0,36.0,2.9154759474226504,7.0
归溟幽灵鲨,survey_led,50.057909604519764,35.0,21.0,40.0,32.0,6.9641941385920605,19.0
拉普兰德,survey_led,49.90447185230025,36.0,36.0,49.0,40.4,5.029910535983716,13.0
司霆惊蛰,survey_led,46.34604519774012,37.0,30.0,41.0,36.4,3.9749213828703587,11.0
贝洛内,survey_led,43.96468926553672,38.0,34.0,42.0,38.2,2.863564212655271,8.0
塑心,survey_led,43.48587570621469,39.0,33.0,43.0,39.2,3.768288736283354,10.0
佩佩,survey_led,42.771186440677965,40.0,31.0,45.0,40.0,5.3385391260156565,14.0
银灰,survey_led,41.81162984261502,41.0,27.0,41.0,34.0,5.0,14.0
缪尔赛思,survey_led,41.25398226616448,42.0,38.0,46.0,41.4,2.9664793948382644,8.0
娜斯提,survey_led,41.112994350282484,43.0,28.0,49.0,41.6,7.956129712366435,21.0
煌,survey_led,37.898380750605334,44.0,44.0,57.0,50.4,4.669047011971501,13.0
缇缇,survey_led,37.85310734463276,45.0,32.0,55.0,44.8,8.228000972289685,23.0
谬因,survey_led,35.48446327683615,46.0,35.0,53.0,46.0,6.670832032063167,18.0
锏,survey_led,32.010820217917676,47.0,44.0,47.0,46.4,1.3416407864998738,3.0
缄默德克萨斯,survey_led,31.888418079096045,48.0,39.0,54.0,46.2,5.449770637375485,15.0
黍,survey_led,31.432517263025744,49.0,31.0,50.0,43.2,7.563068160475615,19.0
夕,survey_led,30.641835653753027,50.0,50.0,58.0,54.8,2.949576240750525,8.0
怒潮凛冬,survey_led,30.187853107344633,51.0,42.0,52.0,49.8,4.381780460041329,10.0
铃兰,survey_led,28.103813559322038,52.0,45.0,52.0,48.4,2.8809720581775866,7.0
余,survey_led,25.153954802259886,53.0,47.0,56.0,52.6,3.3615472627943217,9.0
诗怀雅,survey_led,24.47223062953995,54.0,43.0,54.0,49.2,4.08656334834051,11.0
艾雅法拉,survey_led,23.430122578692494,55.0,48.0,55.0,52.0,2.9154759474226504,7.0
陈,survey_led,22.101619249394677,56.0,56.0,59.0,57.6,1.1401754250991383,3.0
年,survey_led,19.00707475786925,57.0,57.0,60.0,58.8,1.0954451150103326,3.0
伊芙利特,survey_led,17.92353964891041,58.0,52.0,58.0,55.2,2.2803508501982757,6.0
霍尔海雅,survey_led,15.815488801452787,59.0,53.0,59.0,56.8,2.280350850198276,6.0
夜莺,survey_led,10.17403147699758,60.0,55.0,60.0,59.0,2.23606797749979,5.0
