operator,cross_platform_heat,merch_opportunity_score,confidence_score,bilibili_campaign_views,bilibili_weighted_campaign_views,preference_mentions,weighted_preference_score,first_choice_count,mention_share,skland_content_count,skland_total_views,skland_median_views,skland_total_engagement,skland_interaction_rate,skland_top_content_title,skland_top_content_views,taobao_observed,organic_sku_count,sales_proxy_min,median_price,commercial_heat_score,commerce_confidence_score,content_signal,survey_signal,skland_signal,commerce_signal,scenario_rank_best,scenario_rank_worst,scenario_rank_mean,scenario_rank_std,scenario_rank_range,demand_score,evidence_source_count,evidence_confidence,demand_rank,demand_tier,decision_note
新约能天使,71.93333333333332,69.03666666666666,56.66666666666666,34875843.0,31807694.7565,,,,,16.0,72918.0,694.5,4027.0,0.1445453271725607,六星干员速评【斩业星熊】——新约能天使或成最大赢家？新熊11秒锁血18w输出,27067.0,True,1.0,100.0,104.0,61.42857142857143,68.0,97.66666666666666,,87.3728813559322,100.0,1.0,1.0,1.0,0.0,0.0,94.58,3,70.93,1,核心商业角色,保留观察并补充证据
维什戴尔,,,,,,43.0,91.0,15.0,0.176954732510288,38.0,59880.0,897.0,5402.0,0.1147799683086902,最强的分队与最强的带队——蓝图维什戴尔运营思路,8689.0,,,,,,,,96.09375,88.47457627118644,,2.0,2.0,2.0,0.0,0.0,92.5,2,80.0,2,核心商业角色,用户意愿较强但供给样本不足，优先补采正版SKU
凯尔希·思衡托,69.25,68.4125,56.66666666666666,19570318.0,17733953.931,,,,,7.0,77575.0,2565.0,4798.0,0.0938519866468045,【7周年直播】直播回顾~新干员：凯尔希·思衡托！可露希尔！,43911.0,True,1.0,100.0,69.0,46.42857142857143,68.0,94.33333333333333,,85.08474576271186,50.0,3.0,13.0,5.0,4.47213595499958,10.0,81.89,3,61.93,3,核心商业角色,保留观察并补充证据
凛御银灰,57.23333333333333,54.255,56.66666666666666,19599523.0,16945159.2069,,,,,13.0,64548.0,1232.0,5219.0,0.0783773491580102,凛御银灰组合搭配指南,24477.0,False,0.0,0.0,0.0,0.0,10.0,70.83333333333334,,84.99999999999999,,3.0,7.0,4.6,1.51657508881031,4.0,77.05,2,56.5,4,核心商业角色,保留观察并补充证据
阿米娅,,,,,,27.0,54.0,10.0,0.1111111111111111,14.0,37167.0,1502.5,7893.0,0.162050621808499,【人物志】阿米娅——我会直面，那通向未来的过去,9137.0,,,,,,,,77.5,74.53389830508475,,4.0,9.0,5.8,1.9235384061671346,5.0,76.1,2,71.0,5,核心商业角色,用户意愿较强但供给样本不足，优先补采正版SKU
塞雷娅,,,,,,25.0,52.0,8.0,0.102880658436214,9.0,55300.0,4869.0,5547.0,0.1196408170323296,音律联觉-购票入场注意点和新时装（蕾缪安/塞雷娅/死芒）特邀嘉宾MILI等人,20035.0,,,,,,,,71.171875,79.8728813559322,,6.0,10.0,6.8,1.7888543819998317,4.0,75.28,2,62.75,6,核心商业角色,用户意愿较强但供给样本不足，优先补采正版SKU
予愿安洁莉娜,62.05238095238095,70.445,83.33333333333333,17881769.0,15671307.5523,,,,,5.0,20305.0,3445.0,2282.0,0.1159189333867057,干员测评【予愿安洁莉娜】-全技能落地秒开，18w总伤飞天大C,9697.0,False,0.0,0.0,0.0,0.0,10.0,94.5,,49.40677966101695,,4.0,22.0,10.2,7.463243262818116,18.0,74.72,2,52.5,7,核心商业角色,保留观察并补充证据
焰狐龙梓兰,58.86666666666667,52.07333333333334,56.66666666666666,7735527.0,6761317.0396,,,,,12.0,46129.0,2023.5,3564.0,0.1890140286985282,干员测评【焰狐龙梓兰】-全技能落地秒开，再部署23s的狙,15730.0,False,0.0,0.0,0.0,0.0,10.0,68.33333333333333,,75.59322033898304,,8.0,12.0,10.8,1.788854381999832,4.0,71.52,2,55.0,8,核心商业角色,保留观察并补充证据
赤刃明霄陈,59.33333333333333,58.7,56.66666666666666,13115131.0,12796282.6842,,,,,5.0,25124.0,3156.0,8061.0,0.2463396886929888,一图流测评【赤刃明霄陈】——首个生命值百分比伤害！清杂攻坚无敌位移多位一体,15686.0,False,0.0,0.0,0.0,0.0,10.0,81.0,,59.06779661016949,,8.0,17.0,11.2,4.086563348340509,9.0,71.38,2,44.5,9,核心商业角色,保留观察并补充证据
浊心斯卡蒂,,,,,,32.0,65.0,12.0,0.1316872427983539,5.0,26675.0,3852.0,3617.0,0.1210235845079866,浊心斯卡蒂强度演变史,15204.0,,,,,,,,84.609375,56.440677966101696,,7.0,18.0,10.6,4.505552130427524,11.0,71.32,2,57.5,10,增长验证角色,用户意愿较强但供给样本不足，优先补采正版SKU
能天使,,,,,,35.0,65.0,10.0,0.1440329218106996,12.0,30027.0,1738.0,1557.0,0.1071581157376965,【2024.12】模组升级-综合推荐（史尔特尔、维娜、薇薇安娜、能天使）,6710.0,,,,,,,,83.359375,55.593220338983045,,9.0,19.0,12.2,4.147288270665544,10.0,70.26,2,68.0,11,增长验证角色,用户意愿较强但供给样本不足，优先补采正版SKU
玛恩纳,,,,,,24.0,49.0,8.0,0.0987654320987654,20.0,39054.0,322.5,3086.0,0.1563600181436072,【2025.05】模组升级-综合推荐（玛恩纳、新约能天使、蕾缪安、信仰搅拌机等）,17953.0,,,,,,,,64.609375,74.02542372881356,,12.0,16.0,13.6,1.6733200530681511,4.0,69.05,2,78.5,12,增长验证角色,保留观察并补充证据
史尔特尔,,,,,,40.0,85.0,18.0,0.1646090534979424,5.0,16214.0,1305.0,977.0,0.1348325789855644,六星干员攻略（史尔特尔）,7752.0,,,,,,,,95.3125,38.559322033898304,,4.0,26.0,14.0,8.031189202104505,22.0,68.54,2,57.5,13,增长验证角色,用户意愿较强但供给样本不足，优先补采正版SKU
望,52.1,52.52833333333333,56.66666666666666,5104859.0,4523919.1779,,,,,1.0,78266.0,78266.0,44234.0,0.5651751718498454,一图流测评【望】——围棋戴尔！拥有8炮的散装爆裂黎明！,78266.0,False,0.0,0.0,0.0,0.0,10.0,53.25000000000001,,84.87288135593221,,8.0,20.0,14.2,4.266145801540309,12.0,67.12,2,38.5,14,增长验证角色,保留观察并补充证据
棘刺,,,,,,15.0,32.0,7.0,0.0617283950617283,25.0,75381.0,1202.0,8412.0,0.1413193908632647,【明日方舟】浊燃行动620分镀层10人无潜能要求-简单好抄高容错！好猛的棘刺！,22283.0,,,,,,,,39.0625,95.08474576271185,,5.0,32.0,17.2,9.757048734120374,27.0,65.49,2,71.75,15,增长验证角色,保留观察并补充证据
逻各斯,,,,,,26.0,49.0,6.0,0.1069958847736625,29.0,38369.0,135.0,2093.0,0.1856333490473518,【2025.04】模组升级-综合推荐（伊内丝、逻各斯、泥岩、晓歌、寻澜）,9257.0,,,,,,,,61.40625,69.49152542372882,,15.0,18.0,16.6,1.341640786499874,3.0,65.22,2,80.0,16,增长验证角色,保留观察并补充证据
结城理,52.1,50.19499999999999,56.66666666666666,7695347.0,6696607.5231,,,,,7.0,69441.0,6431.0,26891.0,0.2086255272512789,「结城理」培养专精攻略一图流,27192.0,False,0.0,0.0,0.0,0.0,10.0,49.75000000000001,,84.83050847457626,,11.0,23.0,16.8,4.266145801540309,12.0,65.14,2,47.5,17,增长验证角色,保留观察并补充证据
凯尔希,,,,,,26.0,43.0,4.0,0.1069958847736625,20.0,69587.0,1519.0,4356.0,0.0875367552253219,【异格凯尔希】一些你可能不知道的小技巧&小知识,24550.0,,,,,,,,43.515625,87.92372881355934,,10.0,30.0,19.2,7.259476565152615,20.0,64.46,2,80.0,18,增长验证角色,保留观察并补充证据
维娜·维多利亚,60.266666666666666,61.45333333333333,56.66666666666666,7001136.0,6415018.2239,,,,,6.0,12130.0,1305.5,430.0,0.0317280815657378,六星干员简评【维娜·维多利亚🦁】7w真伤打4！全新版本的黄色幻神,6362.0,False,0.0,0.0,0.0,0.0,10.0,88.83333333333333,,27.796610169491526,,9.0,37.0,22.4,10.382677881933928,28.0,62.06,2,46.0,19,增长验证角色,保留观察并补充证据
荒芜拉普兰德,52.45,58.51916666666666,56.66666666666666,15078380.0,13140149.6917,,,,,10.0,36235.0,2023.5,2930.0,0.1067358037584822,【2024.11】模组升级-综合推荐（阿尔图罗、荒芜拉普兰德、忍冬等）,11137.0,True,1.0,100.0,69.0,46.42857142857143,68.0,64.66666666666666,,65.72033898305084,50.0,19.0,28.0,21.6,3.6469165057620936,9.0,61.98,3,64.93,20,增长验证角色,保留观察并补充证据
令,,,,,,32.0,67.0,14.0,0.1316872427983539,3.0,13117.0,3265.0,697.0,0.1727210425334497,【次生预案】前哨支点通关思路-机动密令干员核心（RM-4更新）,9829.0,,,,,,,,89.921875,28.89830508474576,,11.0,36.0,21.8,9.311283477587825,25.0,61.14,2,54.5,21,增长验证角色,用户意愿较强但供给样本不足，优先补采正版SKU
纯烬艾雅法拉,59.82380952380952,73.23142857142857,83.33333333333333,25210970.0,20718717.4865,,,,,3.0,9961.0,2782.0,479.0,0.094452194147981,【2024.08】模组升级-综合推荐（纯烬艾雅法拉、夜莺、凯尔希、傀影）,7135.0,False,0.0,0.0,0.0,0.0,10.0,91.33333333333334,,21.10169491525424,,10.0,38.0,24.2,10.305338422390601,28.0,60.53,2,49.5,22,小批量测试角色,保留观察并补充证据
W,,,,,,26.0,48.0,7.0,0.1069958847736625,,,,,,,,,,,,,,,60.390625,,,22.0,24.0,23.0,0.7071067811865476,2.0,60.39,1,70.0,23,小批量测试角色,保留观察并补充证据
斩业星熊,45.58095238095238,58.08166666666666,83.33333333333333,21957475.0,18009978.7485,,,,,22.0,56538.0,603.5,5787.0,0.2608754679542533,六星干员速评【斩业星熊】——新约能天使或成最大赢家？新熊11秒锁血18w输出,27067.0,False,0.0,0.0,0.0,0.0,10.0,39.666666666666664,,86.77966101694915,,13.0,29.0,21.8,6.058052492344384,16.0,60.33,2,75.0,24,小批量测试角色,保留观察并补充证据
德克萨斯,,,,,,44.0,97.0,17.0,0.1810699588477366,5.0,4917.0,1035.0,277.0,0.0754822143796124,从功能定位出发的全时期干员培养推荐②——回费之琴柳、德克萨斯,1777.0,,,,,,,,99.21875,16.35593220338983,,8.0,39.0,23.4,11.458621208504974,31.0,60.13,2,57.5,25,小批量测试角色,用户意愿较强但供给样本不足，优先补采正版SKU
Mon3tr,54.43333333333333,50.66166666666666,56.66666666666666,16051194.0,13526593.8694,,,,,13.0,34051.0,753.0,1337.0,0.0639031875312947,六星干员速评【Mon3tr】——超越榴莲针的攻速拐，5w真伤7k血上限的医疗干员,10566.0,False,0.0,0.0,0.0,0.0,10.0,58.49999999999999,,59.57627118644068,,24.0,26.0,25.2,0.8366600265340757,2.0,58.97,2,56.5,26,小批量测试角色,保留观察并补充证据
泥岩,,,,,,24.0,50.0,5.0,0.0987654320987654,17.0,26528.0,156.0,1692.0,0.1259238463873186,【2025.04】模组升级-综合推荐（伊内丝、逻各斯、泥岩、晓歌、寻澜）,9257.0,,,,,,,,60.546875,56.56779661016949,,25.0,27.0,25.8,0.8366600265340756,2.0,58.67,2,74.0,27,小批量测试角色,保留观察并补充证据
死芒,49.65,46.75916666666667,56.66666666666666,6632998.0,5695345.8667,,,,,34.0,54526.0,217.0,2422.0,0.3244831973845488,音律联觉-购票入场注意点和新时装（蕾缪安/塞雷娅/死芒）特邀嘉宾MILI等人,20035.0,False,0.0,0.0,0.0,0.0,10.0,40.83333333333333,,80.2542372881356,,15.0,30.0,24.6,5.941380311005179,15.0,58.12,2,67.0,28,小批量测试角色,保留观察并补充证据
酒神,46.15,44.60083333333333,56.66666666666666,7558156.0,6770042.805,,,,,36.0,144197.0,414.5,7850.0,0.171338650648744,明日方舟×小马宝莉联动，新肉鸽黑流树海，酒神复刻，新故事集，全息矩阵二期,30172.0,False,0.0,0.0,0.0,0.0,10.0,25.5,,97.62711864406779,,7.0,34.0,24.2,10.52140675005011,27.0,57.13,2,67.0,29,小批量测试角色,保留观察并补充证据
重岳,52.56666666666666,53.321666666666665,56.66666666666666,14614072.0,12435465.6163,,,,,10.0,20182.0,956.5,2153.0,0.1050921673632299,【2025.01】模组升级-综合推荐（佩佩、林、左乐、重岳、夕、森蚺）,7141.0,False,0.0,0.0,0.0,0.0,10.0,59.83333333333333,,51.567796610169495,,28.0,31.0,29.6,1.1401754250991376,3.0,56.21,2,52.0,30,小批量测试角色,保留观察并补充证据
真言,49.41666666666666,47.2375,56.66666666666666,8875372.0,7396867.544,,,,,14.0,41066.0,1065.0,2417.0,0.1009774171635499,6星本源术士真言技能解析，破隐匿！靠麻痹层数打伤害，和酒神爆条不冲突能打配合！,15658.0,False,0.0,0.0,0.0,0.0,10.0,39.83333333333333,,72.83898305084746,,21.0,32.0,28.6,4.505552130427524,11.0,54.31,2,58.0,31,小批量测试角色,保留观察并补充证据
归溟幽灵鲨,57.11666666666666,58.86916666666666,56.66666666666666,36274605.0,30752093.0636,,,,,4.0,11265.0,2706.0,486.0,0.0630175704828476,手把手教你玩深海猎人——归溟幽灵鲨篇,5829.0,False,0.0,0.0,0.0,0.0,10.0,75.66666666666666,,24.44915254237288,,21.0,40.0,32.0,6.9641941385920605,19.0,53.2,2,43.0,32,小批量测试角色,保留观察并补充证据
幽灵鲨,,,,,,29.0,65.0,13.0,0.1193415637860082,2.0,819.0,409.5,51.0,0.0595967369555179,【方舟五星图鉴07改】幽灵鲨-白发红眼长靴病娇精分修女！一分钟带你认识五星干员,730.0,,,,,,,,84.6875,7.245762711864407,,20.0,51.0,34.4,11.036303729057115,31.0,48.16,2,53.0,33,小批量测试角色,用户意愿较强但供给样本不足，优先补采正版SKU
银灰,,,,,,18.0,33.0,4.0,0.074074074074074,17.0,23090.0,265.0,4730.0,0.1821397443212517,六星干员攻略（银灰）,6847.0,,,,,,,,33.671875,62.16101694915255,,27.0,41.0,34.0,5.0,14.0,47.11,2,69.5,34,小批量测试角色,保留观察并补充证据
温蒂,,,,,,22.0,46.0,10.0,0.0905349794238683,9.0,8827.0,203.0,827.0,0.1444435714291958,六星干员攻略（温蒂）,5064.0,,,,,,,,59.21875,28.6864406779661,,34.0,41.0,36.0,2.9154759474226504,7.0,44.82,2,60.5,35,小批量测试角色,保留观察并补充证据
斯卡蒂,,,,,,24.0,46.0,10.0,0.0987654320987654,4.0,11282.0,2366.0,578.0,0.1211548556146365,手把手教你玩深海猎人——斯卡蒂篇,6512.0,,,,,,,,60.390625,26.313559322033896,,33.0,44.0,37.2,4.086563348340509,11.0,44.32,2,54.5,36,小批量测试角色,保留观察并补充证据
司霆惊蛰,47.55,44.064166666666665,56.66666666666666,12433364.0,9816198.683,,,,,9.0,40414.0,2786.0,1621.0,0.065264658124278,六星干员速评【司霆惊蛰】——理论22w总伤，但非常吃地图的解放者,17569.0,False,0.0,0.0,0.0,0.0,10.0,28.666666666666664,,64.02542372881356,,30.0,41.0,36.4,3.9749213828703587,11.0,44.17,2,50.5,37,小批量测试角色,保留观察并补充证据
贝洛内,47.78333333333333,42.41916666666667,56.66666666666666,5167314.0,4803242.0373,,,,,10.0,32416.0,1641.5,2102.0,0.1244805389016664,一图流测评【贝洛内】——9费打单23w，但更推荐有输出有控二技能,13308.0,False,0.0,0.0,0.0,0.0,10.0,29.666666666666664,,58.26271186440678,,34.0,42.0,38.2,2.863564212655271,8.0,42.21,2,52.0,38,小批量测试角色,保留观察并补充证据
拉普兰德,,,,,,27.0,49.0,6.0,0.1111111111111111,5.0,5515.0,661.0,371.0,0.1164797179412991,拉普兰德异格强度评测，食用指南,3075.0,,,,,,,,62.578125,18.220338983050848,,36.0,49.0,40.4,5.029910535983716,13.0,41.65,2,57.5,39,小批量测试角色,保留观察并补充证据
塑心,40.89999999999999,49.23833333333333,56.66666666666666,15479846.0,12848310.9857,,,,,18.0,33167.0,259.5,2098.0,0.1211855819500217,【2025.09】模组升级-综合推荐（母鸡卡联动干员、塑心、煌）,10697.0,False,0.0,0.0,0.0,0.0,10.0,23.666666666666664,,63.30508474576271,,33.0,43.0,39.2,3.768288736283354,10.0,41.05,2,64.0,40,低成本观察角色,保留观察并补充证据
缪尔赛思,48.95,55.7775,56.66666666666666,25289278.0,20973459.3959,17.0,34.0,7.0,0.0699588477366255,5.0,6247.0,652.0,1072.0,0.1557258387839931,关于干员缪尔赛思的一些使用心得与分享,3709.0,False,0.0,0.0,0.0,0.0,10.0,49.33333333333333,44.21875,25.76271186440678,,38.0,46.0,41.4,2.9664793948382644,8.0,40.72,3,61.83,41,低成本观察角色,保留观察并补充证据
佩佩,40.78333333333333,45.685833333333335,56.66666666666666,28300665.0,25175429.6605,,,,,23.0,37777.0,783.0,1980.0,0.1130249074880687,【2025.01】模组升级-综合推荐（佩佩、林、左乐、重岳、夕、森蚺）,7141.0,False,0.0,0.0,0.0,0.0,10.0,18.0,,67.54237288135593,,31.0,45.0,40.0,5.3385391260156565,14.0,39.73,2,67.0,42,低成本观察角色,保留观察并补充证据
黍,55.833333333333336,61.20833333333333,56.66666666666666,22000246.0,19788338.614400003,15.0,27.0,3.0,0.0617283950617283,3.0,6063.0,2842.0,282.0,0.0953522879472347,六星干员速评【黍】——新时代奶盾来了,3190.0,False,0.0,0.0,0.0,0.0,10.0,74.66666666666667,20.0,16.77966101694915,,31.0,50.0,43.2,7.563068160475615,19.0,39.63,3,58.83,43,低成本观察角色,内容热度高于购买意愿，先做概念测试而非直接备货
娜斯提,38.68333333333333,40.6575,56.66666666666666,5009469.0,4357480.9937,,,,,9.0,53410.0,2648.0,2161.0,0.0739131899099874,一图流测评【娜斯提】——+60%攻击的人造高台！,23196.0,False,0.0,0.0,0.0,0.0,10.0,11.166666666666668,,71.0593220338983,,28.0,49.0,41.6,7.956129712366435,21.0,37.44,2,50.5,44,低成本观察角色,保留观察并补充证据
缄默德克萨斯,51.04999999999999,54.38916666666666,56.66666666666666,28645455.0,24245242.9975,,,,,1.0,2695.0,2695.0,128.0,0.047495361781076,【限定干员测评#4】携带榜综合榜双料冠军？！缄默德克萨斯详细测评,2695.0,False,0.0,0.0,0.0,0.0,10.0,54.666666666666664,,9.110169491525424,,39.0,54.0,46.2,5.449770637375485,15.0,34.69,2,38.5,45,低成本观察角色,保留观察并补充证据
缇缇,32.733333333333334,36.23,56.66666666666666,8769341.0,6643430.905,,,,,13.0,41629.0,1060.0,2226.0,0.1195272148301807,【雅赛努斯复仇记】缇缇实装简评 10w总伤2k4hps沉睡法伤大c,12212.0,False,0.0,0.0,0.0,0.0,10.0,3.333333333333334,,72.3728813559322,,32.0,55.0,44.8,8.228000972289685,23.0,33.61,2,56.5,46,低成本观察角色,保留观察并补充证据
锏,,,,,,15.0,31.0,5.0,0.0617283950617283,3.0,15650.0,4903.0,913.0,0.0558399348069371,六星干员速评【锏】——短回转高爆发！那个三届冠军“黑骑士”，她终于来了,9537.0,,,,,,,,30.78125,35.08474576271186,,44.0,47.0,46.4,1.3416407864998738,3.0,32.81,2,46.25,47,低成本观察角色,保留观察并补充证据
谬因,37.633333333333326,39.01833333333333,56.66666666666666,10379238.0,8306177.6759,,,,,12.0,32878.0,1591.0,2891.0,0.1498230413983005,「谬因」培养专精推荐一图流,16264.0,False,0.0,0.0,0.0,0.0,10.0,7.833333333333334,,63.135593220338976,,35.0,53.0,46.0,6.670832032063167,18.0,32.09,2,55.0,48,低成本观察角色,保留观察并补充证据
铃兰,,,,,,15.0,27.0,4.0,0.0617283950617283,9.0,14929.0,682.0,1128.0,0.0987864457305391,六星干员攻略（铃兰）,3971.0,,,,,,,,23.125,40.550847457627114,,45.0,52.0,48.4,2.8809720581775866,7.0,31.34,2,55.25,49,低成本观察角色,保留观察并补充证据
诗怀雅,,,,,,11.0,24.0,5.0,0.0452674897119341,8.0,17285.0,2083.0,1437.0,0.1105529133464268,【2025.08】模组升级-综合推荐（遥、水陈、妮芙、烛煌、琳琅诗怀雅、佩佩,4795.0,,,,,,,,16.71875,43.85593220338982,,43.0,54.0,49.2,4.08656334834051,11.0,29.52,2,50.75,50,低成本观察角色,保留观察并补充证据
煌,,,,,,22.0,44.0,7.0,0.0905349794238683,1.0,20.0,20.0,2.0,0.1,【煌】悖论模拟攻略,20.0,,,,,,,,51.71875,3.3474576271186436,,44.0,57.0,50.4,4.669047011971501,13.0,28.9,2,48.5,51,低成本观察角色,保留观察并补充证据
怒潮凛冬,40.900000000000006,38.73833333333334,56.66666666666666,11603570.0,9976072.3859,,,,,9.0,19491.0,1430.0,1265.0,0.0740591861154747,一图流前瞻【怒潮凛冬】——新时代基石！dps3k的持续时间无限,6793.0,False,0.0,0.0,0.0,0.0,10.0,15.333333333333334,,45.04237288135593,,42.0,52.0,49.8,4.381780460041329,10.0,28.36,2,50.5,52,低成本观察角色,保留观察并补充证据
艾雅法拉,,,,,,13.0,26.0,4.0,0.0534979423868312,10.0,13678.0,377.0,759.0,0.1555438276003473,【2025.10】模组升级-综合推荐（娜仁图亚、真言、艾雅法拉、圣约送葬人）,6181.0,,,,,,,,17.734375,37.66949152542372,,48.0,55.0,52.0,2.9154759474226504,7.0,27.14,2,55.25,53,低成本观察角色,保留观察并补充证据
余,46.73333333333333,53.61333333333333,56.66666666666666,11285087.0,9578078.1413,,,,,1.0,3793.0,3793.0,232.0,0.0611653045083047,六星干员速评【余】——血量过万伤害7万，攻防一体的恐怖厨子,3793.0,False,0.0,0.0,0.0,0.0,10.0,39.33333333333333,,10.974576271186441,,47.0,56.0,52.6,3.3615472627943217,9.0,26.9,2,38.5,54,低成本观察角色,保留观察并补充证据
夕,,,,,,19.0,39.0,5.0,0.0781893004115226,1.0,14.0,14.0,3.0,0.2142857142857142,【夕】悖论模拟攻略,14.0,,,,,,,,41.796875,2.754237288135593,,50.0,58.0,54.8,2.949576240750525,8.0,23.38,2,46.25,55,低成本观察角色,保留观察并补充证据
伊芙利特,,,,,,12.0,22.0,4.0,0.0493827160493827,8.0,14279.0,1179.0,749.0,0.1183539745367618,卫戍协议强力万金油干员推荐（伊芙利特）,4658.0,,,,,,,,10.703125,35.974576271186436,,52.0,58.0,55.2,2.2803508501982757,6.0,22.62,2,51.5,56,低成本观察角色,保留观察并补充证据
霍尔海雅,,,,,,14.0,24.0,3.0,0.0576131687242798,3.0,12988.0,5167.0,489.0,0.0491884536121646,【2025.11】模组升级-综合推荐（初雪、斩熊、维娜、星源、灵知、霍尔海雅）,7427.0,,,,,,,,11.328125,27.033898305084747,,53.0,59.0,56.8,2.280350850198276,6.0,18.74,2,45.5,57,低成本观察角色,保留观察并补充证据
陈,,,,,,17.0,31.0,4.0,0.0699588477366255,2.0,673.0,336.5,62.0,0.2703240867893436,赤陈干员攻略，一陈当关万夫莫开,662.0,,,,,,,,28.28125,6.6525423728813555,,56.0,59.0,57.6,1.1401754250991383,3.0,18.08,2,46.25,58,低成本观察角色,保留观察并补充证据
年,,,,,,11.0,26.0,6.0,0.0452674897119341,1.0,1178.0,1178.0,131.0,0.1112054329371816,【回坑指南】7周年干员获取攻略,1178.0,,,,,,,,23.203125,8.516949152542372,,57.0,60.0,58.8,1.0954451150103326,3.0,16.28,2,40.25,59,低成本观察角色,保留观察并补充证据
夜莺,,,,,,9.0,17.0,2.0,0.037037037037037,7.0,10609.0,147.0,703.0,0.1283157526279167,【2024.08】模组升级-综合推荐（纯烬艾雅法拉、夜莺、凯尔希、傀影）,7135.0,,,,,,,,3.125,27.796610169491526,,55.0,60.0,59.0,2.23606797749979,5.0,14.76,2,47.75,60,低成本观察角色,保留观察并补充证据
