candidate_id,candidate_rank,operator_category_rank,operator,base_operator,category,pilot_score,cross_platform_heat,commercial_heat_score,confidence_score,weighted_preference_score,mention_share,operator_rank,survey_role_score,respondent_count,buyer_share,purchase_intent_mean,high_intent_share,median_acceptable_price,median_preorder_days,category_intent_score,targeted_respondent_count,targeted_purchase_intent_mean,targeted_high_intent_share,targeted_acceptable_price_median,evidence_status,decision_note,data_type,is_simulated
CAND-001,1,1,新约能天使,能天使,毛绒玩偶,69.0211169467787,71.93333333333332,61.42857142857143,56.66666666666666,65.0,0.1440329218106996,5.0,84.375,34,0.5588235294117647,3.588235294117647,0.5588235294117647,200.0,45.0,54.705882352941174,2,3.5,0.5,175.0,needs_targeted_research,需先补充角色×品类专项样本,decision_support_from_real_aggregate,False
CAND-002,2,2,新约能天使,能天使,亚克力制品,68.76175865800866,71.93333333333332,61.42857142857143,56.66666666666666,65.0,0.1440329218106996,5.0,84.375,44,0.4318181818181818,3.227272727272727,0.4090909090909091,100.0,45.0,53.40909090909092,2,2.0,0.0,60.0,needs_targeted_research,需先补充角色×品类专项样本,decision_support_from_real_aggregate,False
CAND-003,3,3,新约能天使,能天使,手办模玩,68.04234649122807,71.93333333333332,61.42857142857143,56.66666666666666,65.0,0.1440329218106996,5.0,84.375,38,0.5263157894736842,3.236842105263158,0.3947368421052631,1000.0,45.0,49.81203007518798,0,,,,needs_targeted_research,需先补充角色×品类专项样本,decision_support_from_real_aggregate,False
CAND-004,4,4,新约能天使,能天使,日用生活,67.96229341736695,71.93333333333332,61.42857142857143,56.66666666666666,65.0,0.1440329218106996,5.0,84.375,34,0.5294117647058824,3.5294117647058822,0.4705882352941176,200.0,45.0,49.41176470588234,1,2.0,0.0,300.0,needs_targeted_research,需先补充角色×品类专项样本,decision_support_from_real_aggregate,False
CAND-005,5,5,新约能天使,能天使,装饰摆件,67.3133899535424,71.93333333333332,61.42857142857143,56.66666666666666,65.0,0.1440329218106996,5.0,84.375,41,0.4390243902439024,3.1707317073170733,0.3170731707317073,150.0,45.0,46.16724738675958,2,2.0,0.0,125.0,needs_targeted_research,需先补充角色×品类专项样本,decision_support_from_real_aggregate,False
CAND-006,6,6,新约能天使,能天使,吧唧（徽章）,66.66029761904763,71.93333333333332,61.42857142857143,56.66666666666666,65.0,0.1440329218106996,5.0,84.375,32,0.40625,3.5625,0.5,50.0,45.0,42.901785714285715,2,3.5,0.5,35.0,needs_targeted_research,需先补充角色×品类专项样本,decision_support_from_real_aggregate,False
CAND-007,7,7,新约能天使,能天使,通行证,65.95136904761905,71.93333333333332,61.42857142857143,56.66666666666666,65.0,0.1440329218106996,5.0,84.375,20,0.3,3.4,0.55,70.0,75.0,39.357142857142854,1,3.0,0.0,50.0,needs_targeted_research,需先补充角色×品类专项样本,decision_support_from_real_aggregate,False
CAND-008,8,1,缄默德克萨斯,德克萨斯,毛绒玩偶,59.47534313725489,51.04999999999999,0.0,56.66666666666666,97.0,0.1810699588477366,1.0,100.0,34,0.5588235294117647,3.588235294117647,0.5588235294117647,200.0,45.0,54.705882352941174,2,4.0,1.0,175.0,needs_targeted_research,需先补充角色×品类专项样本,decision_support_from_real_aggregate,False
CAND-009,9,2,缄默德克萨斯,德克萨斯,亚克力制品,59.215984848484844,51.04999999999999,0.0,56.66666666666666,97.0,0.1810699588477366,1.0,100.0,44,0.4318181818181818,3.227272727272727,0.4090909090909091,100.0,45.0,53.40909090909092,6,2.1666666666666665,0.0,100.0,needs_targeted_research,需先补充角色×品类专项样本,decision_support_from_real_aggregate,False
CAND-010,10,3,缄默德克萨斯,德克萨斯,手办模玩,58.49657268170425,51.04999999999999,0.0,56.66666666666666,97.0,0.1810699588477366,1.0,100.0,38,0.5263157894736842,3.236842105263158,0.3947368421052631,1000.0,45.0,49.81203007518798,2,2.5,0.0,800.0,needs_targeted_research,需先补充角色×品类专项样本,decision_support_from_real_aggregate,False
CAND-011,11,4,缄默德克萨斯,德克萨斯,日用生活,58.41651960784313,51.04999999999999,0.0,56.66666666666666,97.0,0.1810699588477366,1.0,100.0,34,0.5294117647058824,3.5294117647058822,0.4705882352941176,200.0,45.0,49.41176470588234,1,4.0,1.0,300.0,needs_targeted_research,需先补充角色×品类专项样本,decision_support_from_real_aggregate,False
CAND-012,12,5,缄默德克萨斯,德克萨斯,装饰摆件,57.767616144018575,51.04999999999999,0.0,56.66666666666666,97.0,0.1810699588477366,1.0,100.0,41,0.4390243902439024,3.1707317073170733,0.3170731707317073,150.0,45.0,46.16724738675958,2,4.0,1.0,175.0,needs_targeted_research,需先补充角色×品类专项样本,decision_support_from_real_aggregate,False
CAND-013,13,1,归溟幽灵鲨,幽灵鲨,毛绒玩偶,57.692426470588224,57.11666666666666,0.0,56.66666666666666,65.0,0.1193415637860082,5.0,84.375,34,0.5588235294117647,3.588235294117647,0.5588235294117647,200.0,45.0,54.705882352941174,4,4.0,0.75,200.0,needs_targeted_research,需先补充角色×品类专项样本,decision_support_from_real_aggregate,False
CAND-014,14,2,归溟幽灵鲨,幽灵鲨,亚克力制品,57.43306818181818,57.11666666666666,0.0,56.66666666666666,65.0,0.1193415637860082,5.0,84.375,44,0.4318181818181818,3.227272727272727,0.4090909090909091,100.0,45.0,53.40909090909092,0,,,,needs_targeted_research,需先补充角色×品类专项样本,decision_support_from_real_aggregate,False
CAND-015,15,1,凯尔希·思衡托,凯尔希,毛绒玩偶,57.20695028011204,69.25,46.42857142857143,56.66666666666666,43.0,0.1069958847736625,18.0,46.875,34,0.5588235294117647,3.588235294117647,0.5588235294117647,200.0,45.0,54.705882352941174,1,3.0,0.0,200.0,needs_targeted_research,需先补充角色×品类专项样本,decision_support_from_real_aggregate,False
CAND-016,16,6,缄默德克萨斯,德克萨斯,吧唧（徽章）,57.1145238095238,51.04999999999999,0.0,56.66666666666666,97.0,0.1810699588477366,1.0,100.0,32,0.40625,3.5625,0.5,50.0,45.0,42.901785714285715,2,4.0,0.5,35.0,needs_targeted_research,需先补充角色×品类专项样本,decision_support_from_real_aggregate,False
CAND-017,17,2,凯尔希·思衡托,凯尔希,亚克力制品,56.947591991341994,69.25,46.42857142857143,56.66666666666666,43.0,0.1069958847736625,18.0,46.875,44,0.4318181818181818,3.227272727272727,0.4090909090909091,100.0,45.0,53.40909090909092,1,2.0,0.0,60.0,needs_targeted_research,需先补充角色×品类专项样本,decision_support_from_real_aggregate,False
CAND-018,18,3,归溟幽灵鲨,幽灵鲨,手办模玩,56.713656015037586,57.11666666666666,0.0,56.66666666666666,65.0,0.1193415637860082,5.0,84.375,38,0.5263157894736842,3.236842105263158,0.3947368421052631,1000.0,45.0,49.81203007518798,3,3.6666666666666665,0.6666666666666666,1000.0,needs_targeted_research,需先补充角色×品类专项样本,decision_support_from_real_aggregate,False
CAND-019,19,4,归溟幽灵鲨,幽灵鲨,日用生活,56.63360294117646,57.11666666666666,0.0,56.66666666666666,65.0,0.1193415637860082,5.0,84.375,34,0.5294117647058824,3.5294117647058822,0.4705882352941176,200.0,45.0,49.41176470588234,0,,,,needs_targeted_research,需先补充角色×品类专项样本,decision_support_from_real_aggregate,False
CAND-020,20,7,缄默德克萨斯,德克萨斯,通行证,56.40559523809523,51.04999999999999,0.0,56.66666666666666,97.0,0.1810699588477366,1.0,100.0,20,0.3,3.4,0.55,70.0,75.0,39.357142857142854,2,3.0,0.5,65.0,needs_targeted_research,需先补充角色×品类专项样本,decision_support_from_real_aggregate,False
CAND-021,21,3,凯尔希·思衡托,凯尔希,手办模玩,56.2281798245614,69.25,46.42857142857143,56.66666666666666,43.0,0.1069958847736625,18.0,46.875,38,0.5263157894736842,3.236842105263158,0.3947368421052631,1000.0,45.0,49.81203007518798,0,,,,needs_targeted_research,需先补充角色×品类专项样本,decision_support_from_real_aggregate,False
CAND-022,22,4,凯尔希·思衡托,凯尔希,日用生活,56.14812675070028,69.25,46.42857142857143,56.66666666666666,43.0,0.1069958847736625,18.0,46.875,34,0.5294117647058824,3.5294117647058822,0.4705882352941176,200.0,45.0,49.41176470588234,0,,,,needs_targeted_research,需先补充角色×品类专项样本,decision_support_from_real_aggregate,False
CAND-023,23,1,荒芜拉普兰德,拉普兰德,毛绒玩偶,56.014450280112044,52.45,46.42857142857143,56.66666666666666,49.0,0.1111111111111111,11.0,65.625,34,0.5588235294117647,3.588235294117647,0.5588235294117647,200.0,45.0,54.705882352941174,0,,,,needs_targeted_research,需先补充角色×品类专项样本,decision_support_from_real_aggregate,False
CAND-024,24,5,归溟幽灵鲨,幽灵鲨,装饰摆件,55.98469947735191,57.11666666666666,0.0,56.66666666666666,65.0,0.1193415637860082,5.0,84.375,41,0.4390243902439024,3.1707317073170733,0.3170731707317073,150.0,45.0,46.16724738675958,5,3.0,0.2,100.0,needs_targeted_research,需先补充角色×品类专项样本,decision_support_from_real_aggregate,False
CAND-025,25,2,荒芜拉普兰德,拉普兰德,亚克力制品,55.755091991342,52.45,46.42857142857143,56.66666666666666,49.0,0.1111111111111111,11.0,65.625,44,0.4318181818181818,3.227272727272727,0.4090909090909091,100.0,45.0,53.40909090909092,0,,,,needs_targeted_research,需先补充角色×品类专项样本,decision_support_from_real_aggregate,False
CAND-026,26,5,凯尔希·思衡托,凯尔希,装饰摆件,55.499223286875726,69.25,46.42857142857143,56.66666666666666,43.0,0.1069958847736625,18.0,46.875,41,0.4390243902439024,3.1707317073170733,0.3170731707317073,150.0,45.0,46.16724738675958,1,1.0,0.0,150.0,needs_targeted_research,需先补充角色×品类专项样本,decision_support_from_real_aggregate,False
CAND-027,27,6,归溟幽灵鲨,幽灵鲨,吧唧（徽章）,55.33160714285714,57.11666666666666,0.0,56.66666666666666,65.0,0.1193415637860082,5.0,84.375,32,0.40625,3.5625,0.5,50.0,45.0,42.901785714285715,1,3.0,0.0,60.0,needs_targeted_research,需先补充角色×品类专项样本,decision_support_from_real_aggregate,False
CAND-028,28,3,荒芜拉普兰德,拉普兰德,手办模玩,55.035679824561406,52.45,46.42857142857143,56.66666666666666,49.0,0.1111111111111111,11.0,65.625,38,0.5263157894736842,3.236842105263158,0.3947368421052631,1000.0,45.0,49.81203007518798,0,,,,needs_targeted_research,需先补充角色×品类专项样本,decision_support_from_real_aggregate,False
CAND-029,29,4,荒芜拉普兰德,拉普兰德,日用生活,54.95562675070028,52.45,46.42857142857143,56.66666666666666,49.0,0.1111111111111111,11.0,65.625,34,0.5294117647058824,3.5294117647058822,0.4705882352941176,200.0,45.0,49.41176470588234,1,3.0,0.0,200.0,needs_targeted_research,需先补充角色×品类专项样本,decision_support_from_real_aggregate,False
CAND-030,30,6,凯尔希·思衡托,凯尔希,吧唧（徽章）,54.84613095238095,69.25,46.42857142857143,56.66666666666666,43.0,0.1069958847736625,18.0,46.875,32,0.40625,3.5625,0.5,50.0,45.0,42.901785714285715,0,,,,needs_targeted_research,需先补充角色×品类专项样本,decision_support_from_real_aggregate,False
CAND-031,31,7,归溟幽灵鲨,幽灵鲨,通行证,54.622678571428565,57.11666666666666,0.0,56.66666666666666,65.0,0.1193415637860082,5.0,84.375,20,0.3,3.4,0.55,70.0,75.0,39.357142857142854,0,,,,needs_targeted_research,需先补充角色×品类专项样本,decision_support_from_real_aggregate,False
CAND-032,32,5,荒芜拉普兰德,拉普兰德,装饰摆件,54.30672328687573,52.45,46.42857142857143,56.66666666666666,49.0,0.1111111111111111,11.0,65.625,41,0.4390243902439024,3.1707317073170733,0.3170731707317073,150.0,45.0,46.16724738675958,2,4.0,0.5,350.0,needs_targeted_research,需先补充角色×品类专项样本,decision_support_from_real_aggregate,False
CAND-033,33,7,凯尔希·思衡托,凯尔希,通行证,54.13720238095238,69.25,46.42857142857143,56.66666666666666,43.0,0.1069958847736625,18.0,46.875,20,0.3,3.4,0.55,70.0,75.0,39.357142857142854,1,3.0,0.0,80.0,needs_targeted_research,需先补充角色×品类专项样本,decision_support_from_real_aggregate,False
CAND-034,34,6,荒芜拉普兰德,拉普兰德,吧唧（徽章）,53.65363095238096,52.45,46.42857142857143,56.66666666666666,49.0,0.1111111111111111,11.0,65.625,32,0.40625,3.5625,0.5,50.0,45.0,42.901785714285715,0,,,,needs_targeted_research,需先补充角色×品类专项样本,decision_support_from_real_aggregate,False
CAND-035,35,7,荒芜拉普兰德,拉普兰德,通行证,52.944702380952386,52.45,46.42857142857143,56.66666666666666,49.0,0.1111111111111111,11.0,65.625,20,0.3,3.4,0.55,70.0,75.0,39.357142857142854,3,3.333333333333333,0.3333333333333333,50.0,needs_targeted_research,需先补充角色×品类专项样本,decision_support_from_real_aggregate,False
CAND-036,36,1,凛御银灰,银灰,毛绒玩偶,46.01450980392156,57.23333333333333,0.0,56.66666666666666,33.0,0.074074074074074,21.0,37.5,34,0.5588235294117647,3.588235294117647,0.5588235294117647,200.0,45.0,54.705882352941174,0,,,,needs_targeted_research,需先补充角色×品类专项样本,decision_support_from_real_aggregate,False
CAND-037,37,2,凛御银灰,银灰,亚克力制品,45.75515151515151,57.23333333333333,0.0,56.66666666666666,33.0,0.074074074074074,21.0,37.5,44,0.4318181818181818,3.227272727272727,0.4090909090909091,100.0,45.0,53.40909090909092,0,,,,needs_targeted_research,需先补充角色×品类专项样本,decision_support_from_real_aggregate,False
CAND-038,38,3,凛御银灰,银灰,手办模玩,45.035739348370925,57.23333333333333,0.0,56.66666666666666,33.0,0.074074074074074,21.0,37.5,38,0.5263157894736842,3.236842105263158,0.3947368421052631,1000.0,45.0,49.81203007518798,1,3.0,0.0,1000.0,needs_targeted_research,需先补充角色×品类专项样本,decision_support_from_real_aggregate,False
CAND-039,39,4,凛御银灰,银灰,日用生活,44.955686274509794,57.23333333333333,0.0,56.66666666666666,33.0,0.074074074074074,21.0,37.5,34,0.5294117647058824,3.5294117647058822,0.4705882352941176,200.0,45.0,49.41176470588234,3,3.6666666666666665,0.3333333333333333,150.0,needs_targeted_research,需先补充角色×品类专项样本,decision_support_from_real_aggregate,False
CAND-040,40,1,赤刃明霄陈,陈,毛绒玩偶,44.79638480392156,59.33333333333333,0.0,56.66666666666666,31.0,0.0699588477366255,23.0,29.6875,34,0.5588235294117647,3.588235294117647,0.5588235294117647,200.0,45.0,54.705882352941174,1,5.0,1.0,300.0,needs_targeted_research,需先补充角色×品类专项样本,decision_support_from_real_aggregate,False
CAND-041,41,2,赤刃明霄陈,陈,亚克力制品,44.53702651515151,59.33333333333333,0.0,56.66666666666666,31.0,0.0699588477366255,23.0,29.6875,44,0.4318181818181818,3.227272727272727,0.4090909090909091,100.0,45.0,53.40909090909092,1,5.0,1.0,150.0,needs_targeted_research,需先补充角色×品类专项样本,decision_support_from_real_aggregate,False
CAND-042,42,1,纯烬艾雅法拉,艾雅法拉,毛绒玩偶,44.5097181372549,59.82380952380952,0.0,83.33333333333333,26.0,0.0534979423868312,27.0,17.1875,34,0.5588235294117647,3.588235294117647,0.5588235294117647,200.0,45.0,54.705882352941174,1,3.0,0.0,300.0,needs_targeted_research,需先补充角色×品类专项样本,decision_support_from_real_aggregate,False
CAND-043,43,5,凛御银灰,银灰,装饰摆件,44.30678281068524,57.23333333333333,0.0,56.66666666666666,33.0,0.074074074074074,21.0,37.5,41,0.4390243902439024,3.1707317073170733,0.3170731707317073,150.0,45.0,46.16724738675958,0,,,,needs_targeted_research,需先补充角色×品类专项样本,decision_support_from_real_aggregate,False
CAND-044,44,2,纯烬艾雅法拉,艾雅法拉,亚克力制品,44.250359848484855,59.82380952380952,0.0,83.33333333333333,26.0,0.0534979423868312,27.0,17.1875,44,0.4318181818181818,3.227272727272727,0.4090909090909091,100.0,45.0,53.40909090909092,0,,,,needs_targeted_research,需先补充角色×品类专项样本,decision_support_from_real_aggregate,False
CAND-045,45,1,缪尔赛思,缪尔赛思,毛绒玩偶,43.896593137254904,48.95,0.0,56.66666666666666,34.0,0.0699588477366255,20.0,40.625,34,0.5588235294117647,3.588235294117647,0.5588235294117647,200.0,45.0,54.705882352941174,0,,,,needs_targeted_research,需先补充角色×品类专项样本,decision_support_from_real_aggregate,False
CAND-046,46,3,赤刃明霄陈,陈,手办模玩,43.817614348370924,59.33333333333333,0.0,56.66666666666666,31.0,0.0699588477366255,23.0,29.6875,38,0.5263157894736842,3.236842105263158,0.3947368421052631,1000.0,45.0,49.81203007518798,1,4.0,1.0,800.0,needs_targeted_research,需先补充角色×品类专项样本,decision_support_from_real_aggregate,False
CAND-047,47,4,赤刃明霄陈,陈,日用生活,43.737561274509794,59.33333333333333,0.0,56.66666666666666,31.0,0.0699588477366255,23.0,29.6875,34,0.5294117647058824,3.5294117647058822,0.4705882352941176,200.0,45.0,49.41176470588234,1,4.0,1.0,300.0,needs_targeted_research,需先补充角色×品类专项样本,decision_support_from_real_aggregate,False
CAND-048,48,6,凛御银灰,银灰,吧唧（徽章）,43.65369047619047,57.23333333333333,0.0,56.66666666666666,33.0,0.074074074074074,21.0,37.5,32,0.40625,3.5625,0.5,50.0,45.0,42.901785714285715,0,,,,needs_targeted_research,需先补充角色×品类专项样本,decision_support_from_real_aggregate,False
CAND-049,49,2,缪尔赛思,缪尔赛思,亚克力制品,43.63723484848485,48.95,0.0,56.66666666666666,34.0,0.0699588477366255,20.0,40.625,44,0.4318181818181818,3.227272727272727,0.4090909090909091,100.0,45.0,53.40909090909092,0,,,,needs_targeted_research,需先补充角色×品类专项样本,decision_support_from_real_aggregate,False
CAND-050,50,3,纯烬艾雅法拉,艾雅法拉,手办模玩,43.53094768170426,59.82380952380952,0.0,83.33333333333333,26.0,0.0534979423868312,27.0,17.1875,38,0.5263157894736842,3.236842105263158,0.3947368421052631,1000.0,45.0,49.81203007518798,1,3.0,0.0,800.0,needs_targeted_research,需先补充角色×品类专项样本,decision_support_from_real_aggregate,False
CAND-051,51,4,纯烬艾雅法拉,艾雅法拉,日用生活,43.45089460784314,59.82380952380952,0.0,83.33333333333333,26.0,0.0534979423868312,27.0,17.1875,34,0.5294117647058824,3.5294117647058822,0.4705882352941176,200.0,45.0,49.41176470588234,1,3.0,0.0,150.0,needs_targeted_research,需先补充角色×品类专项样本,decision_support_from_real_aggregate,False
CAND-052,52,5,赤刃明霄陈,陈,装饰摆件,43.08865781068524,59.33333333333333,0.0,56.66666666666666,31.0,0.0699588477366255,23.0,29.6875,41,0.4390243902439024,3.1707317073170733,0.3170731707317073,150.0,45.0,46.16724738675958,0,,,,needs_targeted_research,需先补充角色×品类专项样本,decision_support_from_real_aggregate,False
CAND-053,53,7,凛御银灰,银灰,通行证,42.9447619047619,57.23333333333333,0.0,56.66666666666666,33.0,0.074074074074074,21.0,37.5,20,0.3,3.4,0.55,70.0,75.0,39.357142857142854,0,,,,needs_targeted_research,需先补充角色×品类专项样本,decision_support_from_real_aggregate,False
CAND-054,54,3,缪尔赛思,缪尔赛思,手办模玩,42.91782268170426,48.95,0.0,56.66666666666666,34.0,0.0699588477366255,20.0,40.625,38,0.5263157894736842,3.236842105263158,0.3947368421052631,1000.0,45.0,49.81203007518798,1,4.0,1.0,1000.0,needs_targeted_research,需先补充角色×品类专项样本,decision_support_from_real_aggregate,False
CAND-055,55,4,缪尔赛思,缪尔赛思,日用生活,42.837769607843136,48.95,0.0,56.66666666666666,34.0,0.0699588477366255,20.0,40.625,34,0.5294117647058824,3.5294117647058822,0.4705882352941176,200.0,45.0,49.41176470588234,0,,,,needs_targeted_research,需先补充角色×品类专项样本,decision_support_from_real_aggregate,False
CAND-056,56,5,纯烬艾雅法拉,艾雅法拉,装饰摆件,42.80199114401859,59.82380952380952,0.0,83.33333333333333,26.0,0.0534979423868312,27.0,17.1875,41,0.4390243902439024,3.1707317073170733,0.3170731707317073,150.0,45.0,46.16724738675958,1,3.0,0.0,400.0,needs_targeted_research,需先补充角色×品类专项样本,decision_support_from_real_aggregate,False
CAND-057,57,6,赤刃明霄陈,陈,吧唧（徽章）,42.43556547619047,59.33333333333333,0.0,56.66666666666666,31.0,0.0699588477366255,23.0,29.6875,32,0.40625,3.5625,0.5,50.0,45.0,42.901785714285715,0,,,,needs_targeted_research,需先补充角色×品类专项样本,decision_support_from_real_aggregate,False
CAND-058,58,5,缪尔赛思,缪尔赛思,装饰摆件,42.18886614401858,48.95,0.0,56.66666666666666,34.0,0.0699588477366255,20.0,40.625,41,0.4390243902439024,3.1707317073170733,0.3170731707317073,150.0,45.0,46.16724738675958,4,2.75,0.0,225.0,needs_targeted_research,需先补充角色×品类专项样本,decision_support_from_real_aggregate,False
CAND-059,59,6,纯烬艾雅法拉,艾雅法拉,吧唧（徽章）,42.148898809523814,59.82380952380952,0.0,83.33333333333333,26.0,0.0534979423868312,27.0,17.1875,32,0.40625,3.5625,0.5,50.0,45.0,42.901785714285715,0,,,,needs_targeted_research,需先补充角色×品类专项样本,decision_support_from_real_aggregate,False
CAND-060,60,1,黍,黍,毛绒玩偶,42.00888480392157,55.833333333333336,0.0,56.66666666666666,27.0,0.0617283950617283,25.0,23.4375,34,0.5588235294117647,3.588235294117647,0.5588235294117647,200.0,45.0,54.705882352941174,1,5.0,1.0,250.0,needs_targeted_research,需先补充角色×品类专项样本,decision_support_from_real_aggregate,False
CAND-061,61,2,黍,黍,亚克力制品,41.749526515151516,55.833333333333336,0.0,56.66666666666666,27.0,0.0617283950617283,25.0,23.4375,44,0.4318181818181818,3.227272727272727,0.4090909090909091,100.0,45.0,53.40909090909092,0,,,,needs_targeted_research,需先补充角色×品类专项样本,decision_support_from_real_aggregate,False
CAND-062,62,7,赤刃明霄陈,陈,通行证,41.7266369047619,59.33333333333333,0.0,56.66666666666666,31.0,0.0699588477366255,23.0,29.6875,20,0.3,3.4,0.55,70.0,75.0,39.357142857142854,0,,,,needs_targeted_research,需先补充角色×品类专项样本,decision_support_from_real_aggregate,False
CAND-063,63,6,缪尔赛思,缪尔赛思,吧唧（徽章）,41.53577380952381,48.95,0.0,56.66666666666666,34.0,0.0699588477366255,20.0,40.625,32,0.40625,3.5625,0.5,50.0,45.0,42.901785714285715,2,3.5,0.5,50.0,needs_targeted_research,需先补充角色×品类专项样本,decision_support_from_real_aggregate,False
CAND-064,64,7,纯烬艾雅法拉,艾雅法拉,通行证,41.43997023809524,59.82380952380952,0.0,83.33333333333333,26.0,0.0534979423868312,27.0,17.1875,20,0.3,3.4,0.55,70.0,75.0,39.357142857142854,0,,,,needs_targeted_research,需先补充角色×品类专项样本,decision_support_from_real_aggregate,False
CAND-065,65,3,黍,黍,手办模玩,41.03011434837093,55.833333333333336,0.0,56.66666666666666,27.0,0.0617283950617283,25.0,23.4375,38,0.5263157894736842,3.236842105263158,0.3947368421052631,1000.0,45.0,49.81203007518798,0,,,,needs_targeted_research,需先补充角色×品类专项样本,decision_support_from_real_aggregate,False
CAND-066,66,1,予愿安洁莉娜,安洁莉娜,毛绒玩偶,40.9928431372549,62.05238095238095,0.0,83.33333333333333,,,,0.0,34,0.5588235294117647,3.588235294117647,0.5588235294117647,200.0,45.0,54.705882352941174,0,,,,needs_targeted_research,需先补充角色×品类专项样本,decision_support_from_real_aggregate,False
CAND-067,67,4,黍,黍,日用生活,40.9500612745098,55.833333333333336,0.0,56.66666666666666,27.0,0.0617283950617283,25.0,23.4375,34,0.5294117647058824,3.5294117647058822,0.4705882352941176,200.0,45.0,49.41176470588234,0,,,,needs_targeted_research,需先补充角色×品类专项样本,decision_support_from_real_aggregate,False
CAND-068,68,7,缪尔赛思,缪尔赛思,通行证,40.82684523809524,48.95,0.0,56.66666666666666,34.0,0.0699588477366255,20.0,40.625,20,0.3,3.4,0.55,70.0,75.0,39.357142857142854,0,,,,needs_targeted_research,需先补充角色×品类专项样本,decision_support_from_real_aggregate,False
CAND-069,69,2,予愿安洁莉娜,安洁莉娜,亚克力制品,40.73348484848485,62.05238095238095,0.0,83.33333333333333,,,,0.0,44,0.4318181818181818,3.227272727272727,0.4090909090909091,100.0,45.0,53.40909090909092,0,,,,needs_targeted_research,需先补充角色×品类专项样本,decision_support_from_real_aggregate,False
CAND-070,70,5,黍,黍,装饰摆件,40.30115781068525,55.833333333333336,0.0,56.66666666666666,27.0,0.0617283950617283,25.0,23.4375,41,0.4390243902439024,3.1707317073170733,0.3170731707317073,150.0,45.0,46.16724738675958,1,3.0,0.0,400.0,needs_targeted_research,需先补充角色×品类专项样本,decision_support_from_real_aggregate,False
CAND-071,71,3,予愿安洁莉娜,安洁莉娜,手办模玩,40.01407268170426,62.05238095238095,0.0,83.33333333333333,,,,0.0,38,0.5263157894736842,3.236842105263158,0.3947368421052631,1000.0,45.0,49.81203007518798,0,,,,needs_targeted_research,需先补充角色×品类专项样本,decision_support_from_real_aggregate,False
CAND-072,72,4,予愿安洁莉娜,安洁莉娜,日用生活,39.93401960784313,62.05238095238095,0.0,83.33333333333333,,,,0.0,34,0.5294117647058824,3.5294117647058822,0.4705882352941176,200.0,45.0,49.41176470588234,0,,,,needs_targeted_research,需先补充角色×品类专项样本,decision_support_from_real_aggregate,False
CAND-073,73,6,黍,黍,吧唧（徽章）,39.648065476190474,55.833333333333336,0.0,56.66666666666666,27.0,0.0617283950617283,25.0,23.4375,32,0.40625,3.5625,0.5,50.0,45.0,42.901785714285715,0,,,,needs_targeted_research,需先补充角色×品类专项样本,decision_support_from_real_aggregate,False
CAND-074,74,5,予愿安洁莉娜,安洁莉娜,装饰摆件,39.28511614401858,62.05238095238095,0.0,83.33333333333333,,,,0.0,41,0.4390243902439024,3.1707317073170733,0.3170731707317073,150.0,45.0,46.16724738675958,0,,,,needs_targeted_research,需先补充角色×品类专项样本,decision_support_from_real_aggregate,False
CAND-075,75,7,黍,黍,通行证,38.9391369047619,55.833333333333336,0.0,56.66666666666666,27.0,0.0617283950617283,25.0,23.4375,20,0.3,3.4,0.55,70.0,75.0,39.357142857142854,1,5.0,1.0,80.0,needs_targeted_research,需先补充角色×品类专项样本,decision_support_from_real_aggregate,False
CAND-076,76,6,予愿安洁莉娜,安洁莉娜,吧唧（徽章）,38.63202380952381,62.05238095238095,0.0,83.33333333333333,,,,0.0,32,0.40625,3.5625,0.5,50.0,45.0,42.901785714285715,0,,,,needs_targeted_research,需先补充角色×品类专项样本,decision_support_from_real_aggregate,False
CAND-077,77,7,予愿安洁莉娜,安洁莉娜,通行证,37.923095238095236,62.05238095238095,0.0,83.33333333333333,,,,0.0,20,0.3,3.4,0.55,70.0,75.0,39.357142857142854,0,,,,needs_targeted_research,需先补充角色×品类专项样本,decision_support_from_real_aggregate,False
CAND-078,78,1,维娜·维多利亚,维娜·维多利亚,毛绒玩偶,37.70117647058823,60.266666666666666,0.0,56.66666666666666,,,,0.0,34,0.5588235294117647,3.588235294117647,0.5588235294117647,200.0,45.0,54.705882352941174,0,,,,needs_targeted_research,需先补充角色×品类专项样本,decision_support_from_real_aggregate,False
CAND-079,79,2,维娜·维多利亚,维娜·维多利亚,亚克力制品,37.44181818181818,60.266666666666666,0.0,56.66666666666666,,,,0.0,44,0.4318181818181818,3.227272727272727,0.4090909090909091,100.0,45.0,53.40909090909092,0,,,,needs_targeted_research,需先补充角色×品类专项样本,decision_support_from_real_aggregate,False
CAND-080,80,1,焰狐龙梓兰,焰狐龙梓兰,毛绒玩偶,37.211176470588235,58.86666666666667,0.0,56.66666666666666,,,,0.0,34,0.5588235294117647,3.588235294117647,0.5588235294117647,200.0,45.0,54.705882352941174,0,,,,needs_targeted_research,需先补充角色×品类专项样本,decision_support_from_real_aggregate,False
CAND-081,81,2,焰狐龙梓兰,焰狐龙梓兰,亚克力制品,36.95181818181818,58.86666666666667,0.0,56.66666666666666,,,,0.0,44,0.4318181818181818,3.227272727272727,0.4090909090909091,100.0,45.0,53.40909090909092,0,,,,needs_targeted_research,需先补充角色×品类专项样本,decision_support_from_real_aggregate,False
CAND-082,82,3,维娜·维多利亚,维娜·维多利亚,手办模玩,36.72240601503759,60.266666666666666,0.0,56.66666666666666,,,,0.0,38,0.5263157894736842,3.236842105263158,0.3947368421052631,1000.0,45.0,49.81203007518798,0,,,,needs_targeted_research,需先补充角色×品类专项样本,decision_support_from_real_aggregate,False
CAND-083,83,4,维娜·维多利亚,维娜·维多利亚,日用生活,36.64235294117646,60.266666666666666,0.0,56.66666666666666,,,,0.0,34,0.5294117647058824,3.5294117647058822,0.4705882352941176,200.0,45.0,49.41176470588234,0,,,,needs_targeted_research,需先补充角色×品类专项样本,decision_support_from_real_aggregate,False
CAND-084,84,3,焰狐龙梓兰,焰狐龙梓兰,手办模玩,36.23240601503759,58.86666666666667,0.0,56.66666666666666,,,,0.0,38,0.5263157894736842,3.236842105263158,0.3947368421052631,1000.0,45.0,49.81203007518798,0,,,,needs_targeted_research,需先补充角色×品类专项样本,decision_support_from_real_aggregate,False
CAND-085,85,4,焰狐龙梓兰,焰狐龙梓兰,日用生活,36.15235294117647,58.86666666666667,0.0,56.66666666666666,,,,0.0,34,0.5294117647058824,3.5294117647058822,0.4705882352941176,200.0,45.0,49.41176470588234,0,,,,needs_targeted_research,需先补充角色×品类专项样本,decision_support_from_real_aggregate,False
CAND-086,86,5,维娜·维多利亚,维娜·维多利亚,装饰摆件,35.99344947735191,60.266666666666666,0.0,56.66666666666666,,,,0.0,41,0.4390243902439024,3.1707317073170733,0.3170731707317073,150.0,45.0,46.16724738675958,0,,,,needs_targeted_research,需先补充角色×品类专项样本,decision_support_from_real_aggregate,False
CAND-087,87,1,Mon3tr,Mon3tr,毛绒玩偶,35.659509803921566,54.43333333333333,0.0,56.66666666666666,,,,0.0,34,0.5588235294117647,3.588235294117647,0.5588235294117647,200.0,45.0,54.705882352941174,0,,,,needs_targeted_research,需先补充角色×品类专项样本,decision_support_from_real_aggregate,False
CAND-088,88,5,焰狐龙梓兰,焰狐龙梓兰,装饰摆件,35.503449477351914,58.86666666666667,0.0,56.66666666666666,,,,0.0,41,0.4390243902439024,3.1707317073170733,0.3170731707317073,150.0,45.0,46.16724738675958,0,,,,needs_targeted_research,需先补充角色×品类专项样本,decision_support_from_real_aggregate,False
CAND-089,89,2,Mon3tr,Mon3tr,亚克力制品,35.400151515151514,54.43333333333333,0.0,56.66666666666666,,,,0.0,44,0.4318181818181818,3.227272727272727,0.4090909090909091,100.0,45.0,53.40909090909092,0,,,,needs_targeted_research,需先补充角色×品类专项样本,decision_support_from_real_aggregate,False
CAND-090,90,6,维娜·维多利亚,维娜·维多利亚,吧唧（徽章）,35.34035714285714,60.266666666666666,0.0,56.66666666666666,,,,0.0,32,0.40625,3.5625,0.5,50.0,45.0,42.901785714285715,0,,,,needs_targeted_research,需先补充角色×品类专项样本,decision_support_from_real_aggregate,False
CAND-091,91,1,斩业星熊,星熊,毛绒玩偶,35.2278431372549,45.58095238095238,0.0,83.33333333333333,,,,0.0,34,0.5588235294117647,3.588235294117647,0.5588235294117647,200.0,45.0,54.705882352941174,0,,,,needs_targeted_research,需先补充角色×品类专项样本,decision_support_from_real_aggregate,False
CAND-092,92,1,重岳,重岳,毛绒玩偶,35.00617647058823,52.56666666666666,0.0,56.66666666666666,,,,0.0,34,0.5588235294117647,3.588235294117647,0.5588235294117647,200.0,45.0,54.705882352941174,0,,,,needs_targeted_research,需先补充角色×品类专项样本,decision_support_from_real_aggregate,False
CAND-093,93,2,斩业星熊,星熊,亚克力制品,34.968484848484856,45.58095238095238,0.0,83.33333333333333,,,,0.0,44,0.4318181818181818,3.227272727272727,0.4090909090909091,100.0,45.0,53.40909090909092,0,,,,needs_targeted_research,需先补充角色×品类专项样本,decision_support_from_real_aggregate,False
CAND-094,94,6,焰狐龙梓兰,焰狐龙梓兰,吧唧（徽章）,34.85035714285714,58.86666666666667,0.0,56.66666666666666,,,,0.0,32,0.40625,3.5625,0.5,50.0,45.0,42.901785714285715,0,,,,needs_targeted_research,需先补充角色×品类专项样本,decision_support_from_real_aggregate,False
CAND-095,95,1,望,望,毛绒玩偶,34.8428431372549,52.1,0.0,56.66666666666666,,,,0.0,34,0.5588235294117647,3.588235294117647,0.5588235294117647,200.0,45.0,54.705882352941174,0,,,,needs_targeted_research,需先补充角色×品类专项样本,decision_support_from_real_aggregate,False
CAND-096,96,1,结城理,结城理,毛绒玩偶,34.8428431372549,52.1,0.0,56.66666666666666,,,,0.0,34,0.5588235294117647,3.588235294117647,0.5588235294117647,200.0,45.0,54.705882352941174,0,,,,needs_targeted_research,需先补充角色×品类专项样本,decision_support_from_real_aggregate,False
CAND-097,97,2,重岳,重岳,亚克力制品,34.74681818181818,52.56666666666666,0.0,56.66666666666666,,,,0.0,44,0.4318181818181818,3.227272727272727,0.4090909090909091,100.0,45.0,53.40909090909092,0,,,,needs_targeted_research,需先补充角色×品类专项样本,decision_support_from_real_aggregate,False
CAND-098,98,3,Mon3tr,Mon3tr,手办模玩,34.68073934837093,54.43333333333333,0.0,56.66666666666666,,,,0.0,38,0.5263157894736842,3.236842105263158,0.3947368421052631,1000.0,45.0,49.81203007518798,0,,,,needs_targeted_research,需先补充角色×品类专项样本,decision_support_from_real_aggregate,False
CAND-099,99,7,维娜·维多利亚,维娜·维多利亚,通行证,34.631428571428565,60.266666666666666,0.0,56.66666666666666,,,,0.0,20,0.3,3.4,0.55,70.0,75.0,39.357142857142854,0,,,,needs_targeted_research,需先补充角色×品类专项样本,decision_support_from_real_aggregate,False
CAND-100,100,4,Mon3tr,Mon3tr,日用生活,34.6006862745098,54.43333333333333,0.0,56.66666666666666,,,,0.0,34,0.5294117647058824,3.5294117647058822,0.4705882352941176,200.0,45.0,49.41176470588234,0,,,,needs_targeted_research,需先补充角色×品类专项样本,decision_support_from_real_aggregate,False
CAND-101,101,2,望,望,亚克力制品,34.58348484848485,52.1,0.0,56.66666666666666,,,,0.0,44,0.4318181818181818,3.227272727272727,0.4090909090909091,100.0,45.0,53.40909090909092,0,,,,needs_targeted_research,需先补充角色×品类专项样本,decision_support_from_real_aggregate,False
CAND-102,102,2,结城理,结城理,亚克力制品,34.58348484848485,52.1,0.0,56.66666666666666,,,,0.0,44,0.4318181818181818,3.227272727272727,0.4090909090909091,100.0,45.0,53.40909090909092,0,,,,needs_targeted_research,需先补充角色×品类专项样本,decision_support_from_real_aggregate,False
CAND-103,103,3,斩业星熊,星熊,手办模玩,34.24907268170426,45.58095238095238,0.0,83.33333333333333,,,,0.0,38,0.5263157894736842,3.236842105263158,0.3947368421052631,1000.0,45.0,49.81203007518798,0,,,,needs_targeted_research,需先补充角色×品类专项样本,decision_support_from_real_aggregate,False
CAND-104,104,4,斩业星熊,星熊,日用生活,34.16901960784314,45.58095238095238,0.0,83.33333333333333,,,,0.0,34,0.5294117647058824,3.5294117647058822,0.4705882352941176,200.0,45.0,49.41176470588234,0,,,,needs_targeted_research,需先补充角色×品类专项样本,decision_support_from_real_aggregate,False
CAND-105,105,7,焰狐龙梓兰,焰狐龙梓兰,通行证,34.14142857142857,58.86666666666667,0.0,56.66666666666666,,,,0.0,20,0.3,3.4,0.55,70.0,75.0,39.357142857142854,0,,,,needs_targeted_research,需先补充角色×品类专项样本,decision_support_from_real_aggregate,False
CAND-106,106,3,重岳,重岳,手办模玩,34.02740601503759,52.56666666666666,0.0,56.66666666666666,,,,0.0,38,0.5263157894736842,3.236842105263158,0.3947368421052631,1000.0,45.0,49.81203007518798,0,,,,needs_targeted_research,需先补充角色×品类专项样本,decision_support_from_real_aggregate,False
CAND-107,107,1,死芒,死芒,毛绒玩偶,33.9853431372549,49.65,0.0,56.66666666666666,,,,0.0,34,0.5588235294117647,3.588235294117647,0.5588235294117647,200.0,45.0,54.705882352941174,0,,,,needs_targeted_research,需先补充角色×品类专项样本,decision_support_from_real_aggregate,False
CAND-108,108,5,Mon3tr,Mon3tr,装饰摆件,33.951782810685245,54.43333333333333,0.0,56.66666666666666,,,,0.0,41,0.4390243902439024,3.1707317073170733,0.3170731707317073,150.0,45.0,46.16724738675958,0,,,,needs_targeted_research,需先补充角色×品类专项样本,decision_support_from_real_aggregate,False
CAND-109,109,4,重岳,重岳,日用生活,33.94735294117646,52.56666666666666,0.0,56.66666666666666,,,,0.0,34,0.5294117647058824,3.5294117647058822,0.4705882352941176,200.0,45.0,49.41176470588234,0,,,,needs_targeted_research,需先补充角色×品类专项样本,decision_support_from_real_aggregate,False
CAND-110,110,1,真言,真言,毛绒玩偶,33.90367647058823,49.41666666666666,0.0,56.66666666666666,,,,0.0,34,0.5588235294117647,3.588235294117647,0.5588235294117647,200.0,45.0,54.705882352941174,0,,,,needs_targeted_research,需先补充角色×品类专项样本,decision_support_from_real_aggregate,False
CAND-111,111,3,望,望,手办模玩,33.86407268170426,52.1,0.0,56.66666666666666,,,,0.0,38,0.5263157894736842,3.236842105263158,0.3947368421052631,1000.0,45.0,49.81203007518798,0,,,,needs_targeted_research,需先补充角色×品类专项样本,decision_support_from_real_aggregate,False
CAND-112,112,3,结城理,结城理,手办模玩,33.86407268170426,52.1,0.0,56.66666666666666,,,,0.0,38,0.5263157894736842,3.236842105263158,0.3947368421052631,1000.0,45.0,49.81203007518798,0,,,,needs_targeted_research,需先补充角色×品类专项样本,decision_support_from_real_aggregate,False
CAND-113,113,4,望,望,日用生活,33.784019607843135,52.1,0.0,56.66666666666666,,,,0.0,34,0.5294117647058824,3.5294117647058822,0.4705882352941176,200.0,45.0,49.41176470588234,0,,,,needs_targeted_research,需先补充角色×品类专项样本,decision_support_from_real_aggregate,False
CAND-114,114,4,结城理,结城理,日用生活,33.784019607843135,52.1,0.0,56.66666666666666,,,,0.0,34,0.5294117647058824,3.5294117647058822,0.4705882352941176,200.0,45.0,49.41176470588234,0,,,,needs_targeted_research,需先补充角色×品类专项样本,decision_support_from_real_aggregate,False
CAND-115,115,2,死芒,死芒,亚克力制品,33.72598484848485,49.65,0.0,56.66666666666666,,,,0.0,44,0.4318181818181818,3.227272727272727,0.4090909090909091,100.0,45.0,53.40909090909092,0,,,,needs_targeted_research,需先补充角色×品类专项样本,decision_support_from_real_aggregate,False
CAND-116,116,2,真言,真言,亚克力制品,33.64431818181818,49.41666666666666,0.0,56.66666666666666,,,,0.0,44,0.4318181818181818,3.227272727272727,0.4090909090909091,100.0,45.0,53.40909090909092,0,,,,needs_targeted_research,需先补充角色×品类专项样本,decision_support_from_real_aggregate,False
CAND-117,117,5,斩业星熊,星熊,装饰摆件,33.52011614401859,45.58095238095238,0.0,83.33333333333333,,,,0.0,41,0.4390243902439024,3.1707317073170733,0.3170731707317073,150.0,45.0,46.16724738675958,0,,,,needs_targeted_research,需先补充角色×品类专项样本,decision_support_from_real_aggregate,False
CAND-118,118,1,贝洛内,贝洛内,毛绒玩偶,33.332009803921565,47.78333333333333,0.0,56.66666666666666,,,,0.0,34,0.5588235294117647,3.588235294117647,0.5588235294117647,200.0,45.0,54.705882352941174,0,,,,needs_targeted_research,需先补充角色×品类专项样本,decision_support_from_real_aggregate,False
CAND-119,119,6,Mon3tr,Mon3tr,吧唧（徽章）,33.29869047619047,54.43333333333333,0.0,56.66666666666666,,,,0.0,32,0.40625,3.5625,0.5,50.0,45.0,42.901785714285715,0,,,,needs_targeted_research,需先补充角色×品类专项样本,decision_support_from_real_aggregate,False
CAND-120,120,5,重岳,重岳,装饰摆件,33.29844947735191,52.56666666666666,0.0,56.66666666666666,,,,0.0,41,0.4390243902439024,3.1707317073170733,0.3170731707317073,150.0,45.0,46.16724738675958,0,,,,needs_targeted_research,需先补充角色×品类专项样本,decision_support_from_real_aggregate,False
CAND-121,121,1,司霆惊蛰,司霆惊蛰,毛绒玩偶,33.2503431372549,47.55,0.0,56.66666666666666,,,,0.0,34,0.5588235294117647,3.588235294117647,0.5588235294117647,200.0,45.0,54.705882352941174,0,,,,needs_targeted_research,需先补充角色×品类专项样本,decision_support_from_real_aggregate,False
CAND-122,122,5,望,望,装饰摆件,33.13511614401858,52.1,0.0,56.66666666666666,,,,0.0,41,0.4390243902439024,3.1707317073170733,0.3170731707317073,150.0,45.0,46.16724738675958,0,,,,needs_targeted_research,需先补充角色×品类专项样本,decision_support_from_real_aggregate,False
CAND-123,123,5,结城理,结城理,装饰摆件,33.13511614401858,52.1,0.0,56.66666666666666,,,,0.0,41,0.4390243902439024,3.1707317073170733,0.3170731707317073,150.0,45.0,46.16724738675958,0,,,,needs_targeted_research,需先补充角色×品类专项样本,decision_support_from_real_aggregate,False
CAND-124,124,2,贝洛内,贝洛内,亚克力制品,33.07265151515151,47.78333333333333,0.0,56.66666666666666,,,,0.0,44,0.4318181818181818,3.227272727272727,0.4090909090909091,100.0,45.0,53.40909090909092,0,,,,needs_targeted_research,需先补充角色×品类专项样本,decision_support_from_real_aggregate,False
CAND-125,125,3,死芒,死芒,手办模玩,33.006572681704256,49.65,0.0,56.66666666666666,,,,0.0,38,0.5263157894736842,3.236842105263158,0.3947368421052631,1000.0,45.0,49.81203007518798,0,,,,needs_targeted_research,需先补充角色×品类专项样本,decision_support_from_real_aggregate,False
CAND-126,126,2,司霆惊蛰,司霆惊蛰,亚克力制品,32.99098484848485,47.55,0.0,56.66666666666666,,,,0.0,44,0.4318181818181818,3.227272727272727,0.4090909090909091,100.0,45.0,53.40909090909092,0,,,,needs_targeted_research,需先补充角色×品类专项样本,decision_support_from_real_aggregate,False
CAND-127,127,1,余,余,毛绒玩偶,32.964509803921565,46.73333333333333,0.0,56.66666666666666,,,,0.0,34,0.5588235294117647,3.588235294117647,0.5588235294117647,200.0,45.0,54.705882352941174,0,,,,needs_targeted_research,需先补充角色×品类专项样本,decision_support_from_real_aggregate,False
CAND-128,128,4,死芒,死芒,日用生活,32.92651960784313,49.65,0.0,56.66666666666666,,,,0.0,34,0.5294117647058824,3.5294117647058822,0.4705882352941176,200.0,45.0,49.41176470588234,0,,,,needs_targeted_research,需先补充角色×品类专项样本,decision_support_from_real_aggregate,False
CAND-129,129,3,真言,真言,手办模玩,32.924906015037585,49.41666666666666,0.0,56.66666666666666,,,,0.0,38,0.5263157894736842,3.236842105263158,0.3947368421052631,1000.0,45.0,49.81203007518798,0,,,,needs_targeted_research,需先补充角色×品类专项样本,decision_support_from_real_aggregate,False
CAND-130,130,6,斩业星熊,星熊,吧唧（徽章）,32.867023809523815,45.58095238095238,0.0,83.33333333333333,,,,0.0,32,0.40625,3.5625,0.5,50.0,45.0,42.901785714285715,0,,,,needs_targeted_research,需先补充角色×品类专项样本,decision_support_from_real_aggregate,False
CAND-131,131,4,真言,真言,日用生活,32.84485294117646,49.41666666666666,0.0,56.66666666666666,,,,0.0,34,0.5294117647058824,3.5294117647058822,0.4705882352941176,200.0,45.0,49.41176470588234,0,,,,needs_targeted_research,需先补充角色×品类专项样本,decision_support_from_real_aggregate,False
CAND-132,132,1,酒神,酒神,毛绒玩偶,32.7603431372549,46.15,0.0,56.66666666666666,,,,0.0,34,0.5588235294117647,3.588235294117647,0.5588235294117647,200.0,45.0,54.705882352941174,0,,,,needs_targeted_research,需先补充角色×品类专项样本,decision_support_from_real_aggregate,False
CAND-133,133,2,余,余,亚克力制品,32.70515151515151,46.73333333333333,0.0,56.66666666666666,,,,0.0,44,0.4318181818181818,3.227272727272727,0.4090909090909091,100.0,45.0,53.40909090909092,0,,,,needs_targeted_research,需先补充角色×品类专项样本,decision_support_from_real_aggregate,False
CAND-134,134,6,重岳,重岳,吧唧（徽章）,32.64535714285714,52.56666666666666,0.0,56.66666666666666,,,,0.0,32,0.40625,3.5625,0.5,50.0,45.0,42.901785714285715,0,,,,needs_targeted_research,需先补充角色×品类专项样本,decision_support_from_real_aggregate,False
CAND-135,135,7,Mon3tr,Mon3tr,通行证,32.5897619047619,54.43333333333333,0.0,56.66666666666666,,,,0.0,20,0.3,3.4,0.55,70.0,75.0,39.357142857142854,0,,,,needs_targeted_research,需先补充角色×品类专项样本,decision_support_from_real_aggregate,False
CAND-136,136,2,酒神,酒神,亚克力制品,32.50098484848485,46.15,0.0,56.66666666666666,,,,0.0,44,0.4318181818181818,3.227272727272727,0.4090909090909091,100.0,45.0,53.40909090909092,0,,,,needs_targeted_research,需先补充角色×品类专项样本,decision_support_from_real_aggregate,False
CAND-137,137,6,望,望,吧唧（徽章）,32.48202380952381,52.1,0.0,56.66666666666666,,,,0.0,32,0.40625,3.5625,0.5,50.0,45.0,42.901785714285715,0,,,,needs_targeted_research,需先补充角色×品类专项样本,decision_support_from_real_aggregate,False
CAND-138,138,6,结城理,结城理,吧唧（徽章）,32.48202380952381,52.1,0.0,56.66666666666666,,,,0.0,32,0.40625,3.5625,0.5,50.0,45.0,42.901785714285715,0,,,,needs_targeted_research,需先补充角色×品类专项样本,decision_support_from_real_aggregate,False
CAND-139,139,3,贝洛内,贝洛内,手办模玩,32.35323934837093,47.78333333333333,0.0,56.66666666666666,,,,0.0,38,0.5263157894736842,3.236842105263158,0.3947368421052631,1000.0,45.0,49.81203007518798,0,,,,needs_targeted_research,需先补充角色×品类专项样本,decision_support_from_real_aggregate,False
CAND-140,140,5,死芒,死芒,装饰摆件,32.27761614401858,49.65,0.0,56.66666666666666,,,,0.0,41,0.4390243902439024,3.1707317073170733,0.3170731707317073,150.0,45.0,46.16724738675958,0,,,,needs_targeted_research,需先补充角色×品类专项样本,decision_support_from_real_aggregate,False
CAND-141,141,4,贝洛内,贝洛内,日用生活,32.2731862745098,47.78333333333333,0.0,56.66666666666666,,,,0.0,34,0.5294117647058824,3.5294117647058822,0.4705882352941176,200.0,45.0,49.41176470588234,0,,,,needs_targeted_research,需先补充角色×品类专项样本,decision_support_from_real_aggregate,False
CAND-142,142,3,司霆惊蛰,司霆惊蛰,手办模玩,32.27157268170426,47.55,0.0,56.66666666666666,,,,0.0,38,0.5263157894736842,3.236842105263158,0.3947368421052631,1000.0,45.0,49.81203007518798,0,,,,needs_targeted_research,需先补充角色×品类专项样本,decision_support_from_real_aggregate,False
CAND-143,143,5,真言,真言,装饰摆件,32.19594947735191,49.41666666666666,0.0,56.66666666666666,,,,0.0,41,0.4390243902439024,3.1707317073170733,0.3170731707317073,150.0,45.0,46.16724738675958,0,,,,needs_targeted_research,需先补充角色×品类专项样本,decision_support_from_real_aggregate,False
CAND-144,144,4,司霆惊蛰,司霆惊蛰,日用生活,32.191519607843134,47.55,0.0,56.66666666666666,,,,0.0,34,0.5294117647058824,3.5294117647058822,0.4705882352941176,200.0,45.0,49.41176470588234,0,,,,needs_targeted_research,需先补充角色×品类专项样本,decision_support_from_real_aggregate,False
CAND-145,145,7,斩业星熊,星熊,通行证,32.158095238095235,45.58095238095238,0.0,83.33333333333333,,,,0.0,20,0.3,3.4,0.55,70.0,75.0,39.357142857142854,0,,,,needs_targeted_research,需先补充角色×品类专项样本,decision_support_from_real_aggregate,False
CAND-146,146,3,余,余,手办模玩,31.98573934837092,46.73333333333333,0.0,56.66666666666666,,,,0.0,38,0.5263157894736842,3.236842105263158,0.3947368421052631,1000.0,45.0,49.81203007518798,0,,,,needs_targeted_research,需先补充角色×品类专项样本,decision_support_from_real_aggregate,False
CAND-147,147,7,重岳,重岳,通行证,31.936428571428564,52.56666666666666,0.0,56.66666666666666,,,,0.0,20,0.3,3.4,0.55,70.0,75.0,39.357142857142854,0,,,,needs_targeted_research,需先补充角色×品类专项样本,decision_support_from_real_aggregate,False
CAND-148,148,4,余,余,日用生活,31.905686274509797,46.73333333333333,0.0,56.66666666666666,,,,0.0,34,0.5294117647058824,3.5294117647058822,0.4705882352941176,200.0,45.0,49.41176470588234,0,,,,needs_targeted_research,需先补充角色×品类专项样本,decision_support_from_real_aggregate,False
CAND-149,149,3,酒神,酒神,手办模玩,31.78157268170426,46.15,0.0,56.66666666666666,,,,0.0,38,0.5263157894736842,3.236842105263158,0.3947368421052631,1000.0,45.0,49.81203007518798,0,,,,needs_targeted_research,需先补充角色×品类专项样本,decision_support_from_real_aggregate,False
CAND-150,150,7,望,望,通行证,31.773095238095237,52.1,0.0,56.66666666666666,,,,0.0,20,0.3,3.4,0.55,70.0,75.0,39.357142857142854,0,,,,needs_targeted_research,需先补充角色×品类专项样本,decision_support_from_real_aggregate,False
CAND-151,151,7,结城理,结城理,通行证,31.773095238095237,52.1,0.0,56.66666666666666,,,,0.0,20,0.3,3.4,0.55,70.0,75.0,39.357142857142854,0,,,,needs_targeted_research,需先补充角色×品类专项样本,decision_support_from_real_aggregate,False
CAND-152,152,4,酒神,酒神,日用生活,31.70151960784313,46.15,0.0,56.66666666666666,,,,0.0,34,0.5294117647058824,3.5294117647058822,0.4705882352941176,200.0,45.0,49.41176470588234,0,,,,needs_targeted_research,需先补充角色×品类专项样本,decision_support_from_real_aggregate,False
CAND-153,153,6,死芒,死芒,吧唧（徽章）,31.624523809523808,49.65,0.0,56.66666666666666,,,,0.0,32,0.40625,3.5625,0.5,50.0,45.0,42.901785714285715,0,,,,needs_targeted_research,需先补充角色×品类专项样本,decision_support_from_real_aggregate,False
CAND-154,154,5,贝洛内,贝洛内,装饰摆件,31.624282810685244,47.78333333333333,0.0,56.66666666666666,,,,0.0,41,0.4390243902439024,3.1707317073170733,0.3170731707317073,150.0,45.0,46.16724738675958,0,,,,needs_targeted_research,需先补充角色×品类专项样本,decision_support_from_real_aggregate,False
CAND-155,155,6,真言,真言,吧唧（徽章）,31.542857142857137,49.41666666666666,0.0,56.66666666666666,,,,0.0,32,0.40625,3.5625,0.5,50.0,45.0,42.901785714285715,0,,,,needs_targeted_research,需先补充角色×品类专项样本,decision_support_from_real_aggregate,False
CAND-156,156,5,司霆惊蛰,司霆惊蛰,装饰摆件,31.54261614401858,47.55,0.0,56.66666666666666,,,,0.0,41,0.4390243902439024,3.1707317073170733,0.3170731707317073,150.0,45.0,46.16724738675958,0,,,,needs_targeted_research,需先补充角色×品类专项样本,decision_support_from_real_aggregate,False
CAND-157,157,5,余,余,装饰摆件,31.256782810685245,46.73333333333333,0.0,56.66666666666666,,,,0.0,41,0.4390243902439024,3.1707317073170733,0.3170731707317073,150.0,45.0,46.16724738675958,0,,,,needs_targeted_research,需先补充角色×品类专项样本,decision_support_from_real_aggregate,False
CAND-158,158,5,酒神,酒神,装饰摆件,31.05261614401858,46.15,0.0,56.66666666666666,,,,0.0,41,0.4390243902439024,3.1707317073170733,0.3170731707317073,150.0,45.0,46.16724738675958,0,,,,needs_targeted_research,需先补充角色×品类专项样本,decision_support_from_real_aggregate,False
CAND-159,159,6,贝洛内,贝洛内,吧唧（徽章）,30.971190476190472,47.78333333333333,0.0,56.66666666666666,,,,0.0,32,0.40625,3.5625,0.5,50.0,45.0,42.901785714285715,0,,,,needs_targeted_research,需先补充角色×品类专项样本,decision_support_from_real_aggregate,False
CAND-160,160,1,怒潮凛冬,凛冬,毛绒玩偶,30.9228431372549,40.900000000000006,0.0,56.66666666666666,,,,0.0,34,0.5588235294117647,3.588235294117647,0.5588235294117647,200.0,45.0,54.705882352941174,0,,,,needs_targeted_research,需先补充角色×品类专项样本,decision_support_from_real_aggregate,False
CAND-161,161,1,塑心,塑心,毛绒玩偶,30.922843137254894,40.89999999999999,0.0,56.66666666666666,,,,0.0,34,0.5588235294117647,3.588235294117647,0.5588235294117647,200.0,45.0,54.705882352941174,0,,,,needs_targeted_research,需先补充角色×品类专项样本,decision_support_from_real_aggregate,False
CAND-162,162,7,死芒,死芒,通行证,30.915595238095236,49.65,0.0,56.66666666666666,,,,0.0,20,0.3,3.4,0.55,70.0,75.0,39.357142857142854,0,,,,needs_targeted_research,需先补充角色×品类专项样本,decision_support_from_real_aggregate,False
CAND-163,163,6,司霆惊蛰,司霆惊蛰,吧唧（徽章）,30.88952380952381,47.55,0.0,56.66666666666666,,,,0.0,32,0.40625,3.5625,0.5,50.0,45.0,42.901785714285715,0,,,,needs_targeted_research,需先补充角色×品类专项样本,decision_support_from_real_aggregate,False
CAND-164,164,1,佩佩,佩佩,毛绒玩偶,30.882009803921562,40.78333333333333,0.0,56.66666666666666,,,,0.0,34,0.5588235294117647,3.588235294117647,0.5588235294117647,200.0,45.0,54.705882352941174,0,,,,needs_targeted_research,需先补充角色×品类专项样本,decision_support_from_real_aggregate,False
CAND-165,165,7,真言,真言,通行证,30.833928571428565,49.41666666666666,0.0,56.66666666666666,,,,0.0,20,0.3,3.4,0.55,70.0,75.0,39.357142857142854,0,,,,needs_targeted_research,需先补充角色×品类专项样本,decision_support_from_real_aggregate,False
CAND-166,166,2,怒潮凛冬,凛冬,亚克力制品,30.66348484848485,40.900000000000006,0.0,56.66666666666666,,,,0.0,44,0.4318181818181818,3.227272727272727,0.4090909090909091,100.0,45.0,53.40909090909092,0,,,,needs_targeted_research,需先补充角色×品类专项样本,decision_support_from_real_aggregate,False
CAND-167,167,2,塑心,塑心,亚克力制品,30.66348484848485,40.89999999999999,0.0,56.66666666666666,,,,0.0,44,0.4318181818181818,3.227272727272727,0.4090909090909091,100.0,45.0,53.40909090909092,0,,,,needs_targeted_research,需先补充角色×品类专项样本,decision_support_from_real_aggregate,False
CAND-168,168,2,佩佩,佩佩,亚克力制品,30.622651515151517,40.78333333333333,0.0,56.66666666666666,,,,0.0,44,0.4318181818181818,3.227272727272727,0.4090909090909091,100.0,45.0,53.40909090909092,0,,,,needs_targeted_research,需先补充角色×品类专项样本,decision_support_from_real_aggregate,False
CAND-169,169,6,余,余,吧唧（徽章）,30.603690476190472,46.73333333333333,0.0,56.66666666666666,,,,0.0,32,0.40625,3.5625,0.5,50.0,45.0,42.901785714285715,0,,,,needs_targeted_research,需先补充角色×品类专项样本,decision_support_from_real_aggregate,False
CAND-170,170,6,酒神,酒神,吧唧（徽章）,30.399523809523807,46.15,0.0,56.66666666666666,,,,0.0,32,0.40625,3.5625,0.5,50.0,45.0,42.901785714285715,0,,,,needs_targeted_research,需先补充角色×品类专项样本,decision_support_from_real_aggregate,False
CAND-171,171,7,贝洛内,贝洛内,通行证,30.2622619047619,47.78333333333333,0.0,56.66666666666666,,,,0.0,20,0.3,3.4,0.55,70.0,75.0,39.357142857142854,0,,,,needs_targeted_research,需先补充角色×品类专项样本,decision_support_from_real_aggregate,False
CAND-172,172,7,司霆惊蛰,司霆惊蛰,通行证,30.180595238095236,47.55,0.0,56.66666666666666,,,,0.0,20,0.3,3.4,0.55,70.0,75.0,39.357142857142854,0,,,,needs_targeted_research,需先补充角色×品类专项样本,decision_support_from_real_aggregate,False
CAND-173,173,1,娜斯提,娜斯提,毛绒玩偶,30.147009803921563,38.68333333333333,0.0,56.66666666666666,,,,0.0,34,0.5588235294117647,3.588235294117647,0.5588235294117647,200.0,45.0,54.705882352941174,0,,,,needs_targeted_research,需先补充角色×品类专项样本,decision_support_from_real_aggregate,False
CAND-174,174,3,怒潮凛冬,凛冬,手办模玩,29.944072681704263,40.900000000000006,0.0,56.66666666666666,,,,0.0,38,0.5263157894736842,3.236842105263158,0.3947368421052631,1000.0,45.0,49.81203007518798,0,,,,needs_targeted_research,需先补充角色×品类专项样本,decision_support_from_real_aggregate,False
CAND-175,175,3,塑心,塑心,手办模玩,29.944072681704256,40.89999999999999,0.0,56.66666666666666,,,,0.0,38,0.5263157894736842,3.236842105263158,0.3947368421052631,1000.0,45.0,49.81203007518798,0,,,,needs_targeted_research,需先补充角色×品类专项样本,decision_support_from_real_aggregate,False
CAND-176,176,3,佩佩,佩佩,手办模玩,29.903239348370924,40.78333333333333,0.0,56.66666666666666,,,,0.0,38,0.5263157894736842,3.236842105263158,0.3947368421052631,1000.0,45.0,49.81203007518798,0,,,,needs_targeted_research,需先补充角色×品类专项样本,decision_support_from_real_aggregate,False
CAND-177,177,7,余,余,通行证,29.8947619047619,46.73333333333333,0.0,56.66666666666666,,,,0.0,20,0.3,3.4,0.55,70.0,75.0,39.357142857142854,0,,,,needs_targeted_research,需先补充角色×品类专项样本,decision_support_from_real_aggregate,False
CAND-178,178,2,娜斯提,娜斯提,亚克力制品,29.887651515151518,38.68333333333333,0.0,56.66666666666666,,,,0.0,44,0.4318181818181818,3.227272727272727,0.4090909090909091,100.0,45.0,53.40909090909092,0,,,,needs_targeted_research,需先补充角色×品类专项样本,decision_support_from_real_aggregate,False
CAND-179,179,4,怒潮凛冬,凛冬,日用生活,29.864019607843133,40.900000000000006,0.0,56.66666666666666,,,,0.0,34,0.5294117647058824,3.5294117647058822,0.4705882352941176,200.0,45.0,49.41176470588234,0,,,,needs_targeted_research,需先补充角色×品类专项样本,decision_support_from_real_aggregate,False
CAND-180,180,4,塑心,塑心,日用生活,29.864019607843133,40.89999999999999,0.0,56.66666666666666,,,,0.0,34,0.5294117647058824,3.5294117647058822,0.4705882352941176,200.0,45.0,49.41176470588234,0,,,,needs_targeted_research,需先补充角色×品类专项样本,decision_support_from_real_aggregate,False
CAND-181,181,4,佩佩,佩佩,日用生活,29.8231862745098,40.78333333333333,0.0,56.66666666666666,,,,0.0,34,0.5294117647058824,3.5294117647058822,0.4705882352941176,200.0,45.0,49.41176470588234,0,,,,needs_targeted_research,需先补充角色×品类专项样本,decision_support_from_real_aggregate,False
CAND-182,182,1,谬因,谬因,毛绒玩偶,29.779509803921563,37.633333333333326,0.0,56.66666666666666,,,,0.0,34,0.5588235294117647,3.588235294117647,0.5588235294117647,200.0,45.0,54.705882352941174,0,,,,needs_targeted_research,需先补充角色×品类专项样本,decision_support_from_real_aggregate,False
CAND-183,183,7,酒神,酒神,通行证,29.690595238095234,46.15,0.0,56.66666666666666,,,,0.0,20,0.3,3.4,0.55,70.0,75.0,39.357142857142854,0,,,,needs_targeted_research,需先补充角色×品类专项样本,decision_support_from_real_aggregate,False
CAND-184,184,2,谬因,谬因,亚克力制品,29.52015151515151,37.633333333333326,0.0,56.66666666666666,,,,0.0,44,0.4318181818181818,3.227272727272727,0.4090909090909091,100.0,45.0,53.40909090909092,0,,,,needs_targeted_research,需先补充角色×品类专项样本,decision_support_from_real_aggregate,False
CAND-185,185,5,怒潮凛冬,凛冬,装饰摆件,29.21511614401858,40.900000000000006,0.0,56.66666666666666,,,,0.0,41,0.4390243902439024,3.1707317073170733,0.3170731707317073,150.0,45.0,46.16724738675958,0,,,,needs_targeted_research,需先补充角色×品类专项样本,decision_support_from_real_aggregate,False
CAND-186,186,5,塑心,塑心,装饰摆件,29.21511614401858,40.89999999999999,0.0,56.66666666666666,,,,0.0,41,0.4390243902439024,3.1707317073170733,0.3170731707317073,150.0,45.0,46.16724738675958,0,,,,needs_targeted_research,需先补充角色×品类专项样本,decision_support_from_real_aggregate,False
CAND-187,187,5,佩佩,佩佩,装饰摆件,29.17428281068525,40.78333333333333,0.0,56.66666666666666,,,,0.0,41,0.4390243902439024,3.1707317073170733,0.3170731707317073,150.0,45.0,46.16724738675958,0,,,,needs_targeted_research,需先补充角色×品类专项样本,decision_support_from_real_aggregate,False
CAND-188,188,3,娜斯提,娜斯提,手办模玩,29.168239348370925,38.68333333333333,0.0,56.66666666666666,,,,0.0,38,0.5263157894736842,3.236842105263158,0.3947368421052631,1000.0,45.0,49.81203007518798,0,,,,needs_targeted_research,需先补充角色×品类专项样本,decision_support_from_real_aggregate,False
CAND-189,189,4,娜斯提,娜斯提,日用生活,29.088186274509802,38.68333333333333,0.0,56.66666666666666,,,,0.0,34,0.5294117647058824,3.5294117647058822,0.4705882352941176,200.0,45.0,49.41176470588234,0,,,,needs_targeted_research,需先补充角色×品类专项样本,decision_support_from_real_aggregate,False
CAND-190,190,3,谬因,谬因,手办模玩,28.800739348370925,37.633333333333326,0.0,56.66666666666666,,,,0.0,38,0.5263157894736842,3.236842105263158,0.3947368421052631,1000.0,45.0,49.81203007518798,0,,,,needs_targeted_research,需先补充角色×品类专项样本,decision_support_from_real_aggregate,False
CAND-191,191,4,谬因,谬因,日用生活,28.720686274509795,37.633333333333326,0.0,56.66666666666666,,,,0.0,34,0.5294117647058824,3.5294117647058822,0.4705882352941176,200.0,45.0,49.41176470588234,0,,,,needs_targeted_research,需先补充角色×品类专项样本,decision_support_from_real_aggregate,False
CAND-192,192,6,怒潮凛冬,凛冬,吧唧（徽章）,28.562023809523808,40.900000000000006,0.0,56.66666666666666,,,,0.0,32,0.40625,3.5625,0.5,50.0,45.0,42.901785714285715,0,,,,needs_targeted_research,需先补充角色×品类专项样本,decision_support_from_real_aggregate,False
CAND-193,193,6,塑心,塑心,吧唧（徽章）,28.562023809523808,40.89999999999999,0.0,56.66666666666666,,,,0.0,32,0.40625,3.5625,0.5,50.0,45.0,42.901785714285715,0,,,,needs_targeted_research,需先补充角色×品类专项样本,decision_support_from_real_aggregate,False
CAND-194,194,6,佩佩,佩佩,吧唧（徽章）,28.521190476190476,40.78333333333333,0.0,56.66666666666666,,,,0.0,32,0.40625,3.5625,0.5,50.0,45.0,42.901785714285715,0,,,,needs_targeted_research,需先补充角色×品类专项样本,decision_support_from_real_aggregate,False
CAND-195,195,5,娜斯提,娜斯提,装饰摆件,28.43928281068525,38.68333333333333,0.0,56.66666666666666,,,,0.0,41,0.4390243902439024,3.1707317073170733,0.3170731707317073,150.0,45.0,46.16724738675958,0,,,,needs_targeted_research,需先补充角色×品类专项样本,decision_support_from_real_aggregate,False
CAND-196,196,5,谬因,谬因,装饰摆件,28.071782810685242,37.633333333333326,0.0,56.66666666666666,,,,0.0,41,0.4390243902439024,3.1707317073170733,0.3170731707317073,150.0,45.0,46.16724738675958,0,,,,needs_targeted_research,需先补充角色×品类专项样本,decision_support_from_real_aggregate,False
CAND-197,197,1,缇缇,缇缇,毛绒玩偶,28.064509803921567,32.733333333333334,0.0,56.66666666666666,,,,0.0,34,0.5588235294117647,3.588235294117647,0.5588235294117647,200.0,45.0,54.705882352941174,0,,,,needs_targeted_research,需先补充角色×品类专项样本,decision_support_from_real_aggregate,False
CAND-198,198,7,怒潮凛冬,凛冬,通行证,27.853095238095236,40.900000000000006,0.0,56.66666666666666,,,,0.0,20,0.3,3.4,0.55,70.0,75.0,39.357142857142854,0,,,,needs_targeted_research,需先补充角色×品类专项样本,decision_support_from_real_aggregate,False
CAND-199,199,7,塑心,塑心,通行证,27.853095238095236,40.89999999999999,0.0,56.66666666666666,,,,0.0,20,0.3,3.4,0.55,70.0,75.0,39.357142857142854,0,,,,needs_targeted_research,需先补充角色×品类专项样本,decision_support_from_real_aggregate,False
CAND-200,200,7,佩佩,佩佩,通行证,27.812261904761904,40.78333333333333,0.0,56.66666666666666,,,,0.0,20,0.3,3.4,0.55,70.0,75.0,39.357142857142854,0,,,,needs_targeted_research,需先补充角色×品类专项样本,decision_support_from_real_aggregate,False
CAND-201,201,2,缇缇,缇缇,亚克力制品,27.805151515151515,32.733333333333334,0.0,56.66666666666666,,,,0.0,44,0.4318181818181818,3.227272727272727,0.4090909090909091,100.0,45.0,53.40909090909092,0,,,,needs_targeted_research,需先补充角色×品类专项样本,decision_support_from_real_aggregate,False
CAND-202,202,6,娜斯提,娜斯提,吧唧（徽章）,27.786190476190477,38.68333333333333,0.0,56.66666666666666,,,,0.0,32,0.40625,3.5625,0.5,50.0,45.0,42.901785714285715,0,,,,needs_targeted_research,需先补充角色×品类专项样本,decision_support_from_real_aggregate,False
CAND-203,203,6,谬因,谬因,吧唧（徽章）,27.41869047619047,37.633333333333326,0.0,56.66666666666666,,,,0.0,32,0.40625,3.5625,0.5,50.0,45.0,42.901785714285715,0,,,,needs_targeted_research,需先补充角色×品类专项样本,decision_support_from_real_aggregate,False
CAND-204,204,3,缇缇,缇缇,手办模玩,27.08573934837093,32.733333333333334,0.0,56.66666666666666,,,,0.0,38,0.5263157894736842,3.236842105263158,0.3947368421052631,1000.0,45.0,49.81203007518798,0,,,,needs_targeted_research,需先补充角色×品类专项样本,decision_support_from_real_aggregate,False
CAND-205,205,7,娜斯提,娜斯提,通行证,27.077261904761905,38.68333333333333,0.0,56.66666666666666,,,,0.0,20,0.3,3.4,0.55,70.0,75.0,39.357142857142854,0,,,,needs_targeted_research,需先补充角色×品类专项样本,decision_support_from_real_aggregate,False
CAND-206,206,4,缇缇,缇缇,日用生活,27.0056862745098,32.733333333333334,0.0,56.66666666666666,,,,0.0,34,0.5294117647058824,3.5294117647058822,0.4705882352941176,200.0,45.0,49.41176470588234,0,,,,needs_targeted_research,需先补充角色×品类专项样本,decision_support_from_real_aggregate,False
CAND-207,207,7,谬因,谬因,通行证,26.709761904761898,37.633333333333326,0.0,56.66666666666666,,,,0.0,20,0.3,3.4,0.55,70.0,75.0,39.357142857142854,0,,,,needs_targeted_research,需先补充角色×品类专项样本,decision_support_from_real_aggregate,False
CAND-208,208,5,缇缇,缇缇,装饰摆件,26.356782810685246,32.733333333333334,0.0,56.66666666666666,,,,0.0,41,0.4390243902439024,3.1707317073170733,0.3170731707317073,150.0,45.0,46.16724738675958,0,,,,needs_targeted_research,需先补充角色×品类专项样本,decision_support_from_real_aggregate,False
CAND-209,209,6,缇缇,缇缇,吧唧（徽章）,25.703690476190474,32.733333333333334,0.0,56.66666666666666,,,,0.0,32,0.40625,3.5625,0.5,50.0,45.0,42.901785714285715,0,,,,needs_targeted_research,需先补充角色×品类专项样本,decision_support_from_real_aggregate,False
CAND-210,210,7,缇缇,缇缇,通行证,24.9947619047619,32.733333333333334,0.0,56.66666666666666,,,,0.0,20,0.3,3.4,0.55,70.0,75.0,39.357142857142854,0,,,,needs_targeted_research,需先补充角色×品类专项样本,decision_support_from_real_aggregate,False
