snapshot_at,query,query_scope,target_operator,sort,collection_method,item_id,url,rank,raw_text,price,sales_proxy_min,sales_proxy_censored,category,rights_type,fulfillment_type,free_shipping,return_insurance,fast_dispatch,operator_mentions,operator_mention_count,target_relevance,ip_scope,source_file,is_simulated,rank_weight,numeric_sales_available
2026-09-02T11:55:00+08:00,明日方舟 周边,market_baseline,,销量,logged_in_visible_search_snapshot,1030292586188,https://item.taobao.com/item.htm?id=1030292586188,1,明日方舟通行证挂绳黑色挂绳挂钩挂扣挂件周边官挂现货保护套卡套 在售 12岁以上 ¥ 6 .9 400+人收货 山东 滨州 退货宝 48小时内发 包邮 万事屋の,6.9,400.0,True,亚克力立牌,未标明,现货/在售,True,True,True,,0,1.0,arknights,taobao_arknights_market_baseline_2026-09-02.json,False,1.0,True
2026-09-02T11:55:00+08:00,明日方舟 周边,market_baseline,,销量,logged_in_visible_search_snapshot,1065694412211,https://item.taobao.com/item.htm?id=1065694412211,2,明日方舟周边龙泡泡小笼泡毛绒玩偶公仔包包钥匙挂件送女生日礼物 龙泡泡 毛绒公仔 绒布 ¥ 26 .59 优惠后 300+人收货 浙江 金华 超级立减15% 48小时内发 包邮 王林祥的百宝箱,26.59,300.0,True,毛绒抱枕,未标明,现货/在售,True,False,True,,0,1.0,arknights,taobao_arknights_market_baseline_2026-09-02.json,False,0.6309297535714575,True
2026-09-02T11:55:00+08:00,明日方舟 周边,market_baseline,,销量,logged_in_visible_search_snapshot,1074401899214,https://item.taobao.com/item.htm?id=1074401899214,3,明日方舟周边阿米娅山山兔毛绒玩偶朝陇山包包钥匙可爱小玩偶挂件 品牌新客补贴，当日有效 阿米娅 毛绒公仔 绒布 ¥ 29 .87 首单价 300+人收货 浙江 金华 直降3元 48小时内发 包邮 王林祥的百宝箱,29.87,300.0,True,毛绒抱枕,未标明,现货/在售,True,False,True,,0,1.0,arknights,taobao_arknights_market_baseline_2026-09-02.json,False,0.5,True
2026-09-02T11:55:00+08:00,明日方舟 周边,market_baseline,,销量,logged_in_visible_search_snapshot,948765508943,https://item.taobao.com/item.htm?id=948765508943,4,【正版官谷】明日方舟山山兔逻各斯拉普兰德凯尔希澄闪 正版周边 荒芜拉普兰德逻各斯澄闪 毛绒公仔 现货 ¥ 69 200+人收货 江苏 无锡 退货宝 48小时内发 公益宝贝 舟游纪,69.0,200.0,True,毛绒抱枕,官方/授权,现货/在售,False,True,True,凯尔希·思衡托|荒芜拉普兰德,2,1.0,arknights,taobao_arknights_market_baseline_2026-09-02.json,False,0.43067655807339306,True
2026-09-02T11:55:00+08:00,明日方舟 周边,market_baseline,,销量,logged_in_visible_search_snapshot,991098521939,https://item.taobao.com/item.htm?id=991098521939,5,0826尾款 明日方舟 日服6周年fes 值日担当 徽章立牌 周边补款 官方正版 阿米娅 亚克力 ¥ 106 100+人收货 广东 东莞 包邮 梦谷小屋,106.0,100.0,True,徽章吧唧,官方/授权,预售/补款,True,False,False,,0,1.0,arknights,taobao_arknights_market_baseline_2026-09-02.json,False,0.38685280723454163,True
2026-09-02T11:55:00+08:00,明日方舟 周边,market_baseline,,销量,logged_in_visible_search_snapshot,823963830706,https://item.taobao.com/item.htm?id=823963830706,6,明日方舟镭射扑克牌维什戴尔佩佩逻各斯黍塑心花切收藏卡牌周边 扑克牌 维什 ¥ 28 .41 补贴后 100+人收货 安徽 合肥 淘金币已抵1.49元 退货宝 包邮 6年老店 漫游丶文创空间,28.41,100.0,True,其他周边,未标明,未标明,True,True,False,佩佩|塑心,2,1.0,arknights,taobao_arknights_market_baseline_2026-09-02.json,False,0.3562071871080222,True
2026-09-02T11:55:00+08:00,明日方舟 周边,market_baseline,,销量,logged_in_visible_search_snapshot,1047482947398,https://item.taobao.com/item.htm?id=1047482947398,7,明日方舟特蕾西忠心唤醒钥匙抽拉蛋扣二次元可爱书包背包亚克力 ¥ 12 100+人收货 浙江 温州 包邮 奕造周边定制,12.0,100.0,True,亚克力立牌,未标明,未标明,True,False,False,,0,1.0,arknights,taobao_arknights_market_baseline_2026-09-02.json,False,0.3333333333333333,True
2026-09-02T11:55:00+08:00,明日方舟 周边,market_baseline,,销量,logged_in_visible_search_snapshot,976192942192,https://item.taobao.com/item.htm?id=976192942192,8,明日方舟周边便符界园肉鸽魔改亚克力通行证挂件收藏送朋友钥匙扣 界园肉鸽 亚克力 在售 ¥ 6 .87 补贴后 100+人收货 江西 上饶 超级立减10% 淘金币已抵0.15元 退货宝 新起点文化百货用品店,6.87,100.0,True,亚克力立牌,未标明,现货/在售,False,True,False,,0,1.0,arknights,taobao_arknights_market_baseline_2026-09-02.json,False,0.31546487678572877,True
2026-09-02T11:55:00+08:00,明日方舟 周边,market_baseline,,销量,logged_in_visible_search_snapshot,1066058147311,https://item.taobao.com/item.htm?id=1066058147311,9,明日方舟周边黍龙泡泡毛绒玩偶小笼泡挂件可爱毛绒公仔生日礼物女 毛绒公仔 绒布 在售 ¥ 32 .81 100+人收货 浙江 金华 超级立减15% 包邮 公益宝贝 王林祥的百宝箱,32.81,100.0,True,毛绒抱枕,未标明,现货/在售,True,False,False,,0,1.0,arknights,taobao_arknights_market_baseline_2026-09-02.json,False,0.3010299956639812,True
2026-09-02T11:55:00+08:00,明日方舟 周边,market_baseline,,销量,logged_in_visible_search_snapshot,1043523130588,https://item.taobao.com/item.htm?id=1043523130588,10,明日方舟Q版维维美手办维什戴尔W模型潮玩摆件gk美少女雕像周边 现货 14周岁以上 ¥ 18 .9 优惠后 100+人收货 福建 厦门 退货宝 48小时内发 包邮 小桃动漫周边小店,18.9,100.0,True,其他周边,未标明,现货/在售,True,True,True,,0,1.0,arknights,taobao_arknights_market_baseline_2026-09-02.json,False,0.2890648263178879,True
2026-09-02T11:55:00+08:00,明日方舟 周边,market_baseline,,销量,logged_in_visible_search_snapshot,991101209717,https://item.taobao.com/item.htm?id=991101209717,11,0826尾款 明日方舟 日服6周年fes SP名扎ID卡亚克力徽章 周边补款 官方正版 阿米娅 亚克力 ¥ 212 100+人收货 广东 东莞 包邮 梦谷小屋,212.0,100.0,True,徽章吧唧,官方/授权,预售/补款,True,False,False,,0,1.0,arknights,taobao_arknights_market_baseline_2026-09-02.json,False,0.27894294565112987,True
2026-09-02T11:55:00+08:00,明日方舟 周边,market_baseline,,销量,logged_in_visible_search_snapshot,1044858909914,https://item.taobao.com/item.htm?id=1044858909914,12,明日方舟终末地通行证保护壳外壳硬壳防刮彩窗亚克力二次元周边 ¥ 16 100+人收货 浙江 温州 退货宝 48小时内发 包邮 棉花糖弹弹,16.0,100.0,True,亚克力立牌,未标明,现货/在售,True,True,True,,0,1.0,endfield,taobao_arknights_market_baseline_2026-09-02.json,False,0.27023815442731974,True
2026-09-02T11:55:00+08:00,明日方舟 周边,market_baseline,,销量,logged_in_visible_search_snapshot,923244694850,https://item.taobao.com/item.htm?id=923244694850,13,明日方舟罗德岛龙门币COS道具杰西卡富婆手游周边实体上礼红包 龙门币 游戏道具模型 DIY ¥ 4 .83 100+人收货 浙江 金华 48小时内发 包邮 汐冉漫潮,4.83,100.0,True,其他周边,未标明,现货/在售,True,False,True,,0,1.0,arknights,taobao_arknights_market_baseline_2026-09-02.json,False,0.26264953503719357,True
2026-09-02T11:55:00+08:00,明日方舟 周边,market_baseline,,销量,logged_in_visible_search_snapshot,1064807929821,https://item.taobao.com/item.htm?id=1064807929821,14,（现货）正版场贩明日方舟2026音律联觉-昔时我见通行证正版周边 明日方舟 现货 明日方舟通行证 ¥ 15 100+人收货 浙江 金华 48小时内发 洋芋谷子小屋,15.0,100.0,True,亚克力立牌,官方/授权,现货/在售,False,False,True,,0,1.0,arknights,taobao_arknights_market_baseline_2026-09-02.json,False,0.2559580248098155,True
2026-09-02T11:55:00+08:00,明日方舟 周边,market_baseline,,销量,logged_in_visible_search_snapshot,908407294162,https://item.taobao.com/item.htm?id=908407294162,15,明日方舟罗德岛人事部笔记本周边道具 罗德岛 DIY 青少年 ¥ 14 .55 补贴后 100+人收货 山东 菏泽 淘金币已抵0.45元 退货宝 48小时内发 泰拉补给站,14.55,100.0,True,生活数码,未标明,现货/在售,False,True,True,,0,1.0,arknights,taobao_arknights_market_baseline_2026-09-02.json,False,0.25,True
2026-09-02T11:55:00+08:00,明日方舟 周边,market_baseline,,销量,logged_in_visible_search_snapshot,1051887554404,https://item.taobao.com/item.htm?id=1051887554404,16,明日方舟终末地周边宏山电网士气章魔术贴徽章背包衣服装饰 异界小屋 在售 常规发售 ¥ 15 100+人收货 江苏 南京 退货宝 48小时内发 包邮 异界小屋,15.0,100.0,True,徽章吧唧,未标明,现货/在售,True,True,True,,0,1.0,endfield,taobao_arknights_market_baseline_2026-09-02.json,False,0.24465054211822604,True
2026-09-02T11:55:00+08:00,明日方舟 周边,market_baseline,,销量,logged_in_visible_search_snapshot,816019959819,https://item.taobao.com/item.htm?id=816019959819,17,"明日方舟技巧概要笔记本周边道具 博士,凯尔西,阿米娅 DIY 青少年 ¥ 14 .55 补贴后 100+人收货 山东 菏泽 淘金币已抵0.45元 退货宝 48小时内发 泰拉补给站",14.55,100.0,True,生活数码,未标明,现货/在售,False,True,True,凯尔希·思衡托,1,1.0,arknights,taobao_arknights_market_baseline_2026-09-02.json,False,0.23981246656813146,True
2026-09-02T11:55:00+08:00,明日方舟 周边,market_baseline,,销量,logged_in_visible_search_snapshot,989772699900,https://item.taobao.com/item.htm?id=989772699900,18,0905尾款 明日方舟 日服6周年fes 脸颊贴贴磁吸团子挂件 周边补款 官方正版 圣约能天使 布 ¥ 104 100+人收货 广东 东莞 包邮 梦谷小屋,104.0,100.0,True,毛绒抱枕,官方/授权,预售/补款,True,False,False,新约能天使,1,1.0,arknights,taobao_arknights_market_baseline_2026-09-02.json,False,0.23540891336663824,True
2026-09-02T11:55:00+08:00,明日方舟 周边,market_baseline,,销量,logged_in_visible_search_snapshot,1059684053451,https://item.taobao.com/item.htm?id=1059684053451,19,终末地通行证带扣明日方舟通用平替挂绳三角扣魔术贴挂件配件周边 钥匙扣/小挂件 尼龙 在售 ¥ 4 .5 100+人收货 浙江 嘉兴 48小时内发 包邮 塑料骑士的小店,4.5,100.0,True,亚克力立牌,未标明,现货/在售,True,False,True,,0,1.0,endfield,taobao_arknights_market_baseline_2026-09-02.json,False,0.23137821315975915,True
2026-09-02T11:55:00+08:00,明日方舟 周边,market_baseline,,销量,logged_in_visible_search_snapshot,990330470001,https://item.taobao.com/item.htm?id=990330470001,20,0826尾款 明日方舟 日服6周年fes 芭蕾核心 徽章立牌 周边补款 官方正版 阿米娅 亚克力 ¥ 106 100+人收货 广东 东莞 包邮 梦谷小屋,106.0,100.0,True,徽章吧唧,官方/授权,预售/补款,True,False,False,,0,1.0,arknights,taobao_arknights_market_baseline_2026-09-02.json,False,0.227670248696953,True
2026-09-02T11:55:00+08:00,明日方舟 周边,market_baseline,,销量,logged_in_visible_search_snapshot,989763195959,https://item.taobao.com/item.htm?id=989763195959,21,0826尾款 明日方舟 日服6周年fes 放松片刻 徽章立牌 周边补款 官方正版 阿米娅 亚克力 ¥ 106 100+人收货 广东 东莞 梦谷小屋,106.0,100.0,True,徽章吧唧,官方/授权,预售/补款,False,False,False,,0,1.0,arknights,taobao_arknights_market_baseline_2026-09-02.json,False,0.22424382421757544,True
2026-09-02T11:55:00+08:00,明日方舟 周边,market_baseline,,销量,logged_in_visible_search_snapshot,948994836298,https://item.taobao.com/item.htm?id=948994836298,22,明日方舟x罗森联动周边立牌年款新岁溢锦程令黍阿米娅高颜值自制 明日方舟 现货 阿米娅 ¥ 7 .11 优惠后 100+人收货 浙江 金华 超级立减10% 48小时内发 包邮 10年老店 课桌小宇宙,7.11,100.0,True,亚克力立牌,未标明,现货/在售,True,False,True,,0,1.0,arknights,taobao_arknights_market_baseline_2026-09-02.json,False,0.22106472945750374,True
2026-09-02T11:55:00+08:00,明日方舟 周边,market_baseline,,销量,logged_in_visible_search_snapshot,1056791162275,https://item.taobao.com/item.htm?id=1056791162275,23,正版卡游×明日方舟流光绘礼收藏卡第1弹荧光徐梦动漫周边卡牌 入选IP收藏卡牌店铺 榜 徐梦 在售 卡游 ¥ 139 优惠后 100+人收货 广东 深圳 24小时内发 退货宝 包邮 蓝天动漫卡牌玩具,139.0,100.0,True,其他周边,官方/授权,现货/在售,True,True,False,,0,1.0,arknights,taobao_arknights_market_baseline_2026-09-02.json,False,0.21810429198553155,True
2026-09-02T11:55:00+08:00,明日方舟 周边,market_baseline,,销量,logged_in_visible_search_snapshot,1055168804190,https://item.taobao.com/item.htm?id=1055168804190,24,新款创意方舟周边不要弃养猫猫属性毛绒玩偶二次元创意爆款小礼物 不要弃养 毛绒 ¥ 9 .9 99人收货 浙江 金华 包邮 空白杂货店,9.9,99.0,False,毛绒抱枕,未标明,未标明,True,False,False,,0,0.0,other,taobao_arknights_market_baseline_2026-09-02.json,False,0.21533827903669653,True
2026-09-02T11:55:00+08:00,明日方舟 周边,market_baseline,,销量,logged_in_visible_search_snapshot,1043268310315,https://item.taobao.com/item.htm?id=1043268310315,25,明日方舟Q版维维美手办维什戴尔W模型潮玩摆件gk美少女雕像周边 现货 PVC 15周岁以上 ¥ 18 .9 优惠后 98人收货 广东 中山 退货宝 包邮 娜美动漫手办周边,18.9,98.0,False,其他周边,未标明,现货/在售,True,True,False,,0,1.0,arknights,taobao_arknights_market_baseline_2026-09-02.json,False,0.21274605355336318,True
2026-09-02T11:55:00+08:00,明日方舟 周边,market_baseline,,销量,logged_in_visible_search_snapshot,991110969935,https://item.taobao.com/item.htm?id=991110969935,26,0826尾款 明日方舟 日服6周年fes 整合运动组合立牌 再贩周边补款 官方正版 阿米娅 布 ¥ 123 96人收货 广东 东莞 包邮 梦谷小屋,123.0,96.0,False,亚克力立牌,官方/授权,预售/补款,True,False,False,,0,1.0,arknights,taobao_arknights_market_baseline_2026-09-02.json,False,0.2103099178571525,True
2026-09-02T11:55:00+08:00,明日方舟 周边,market_baseline,,销量,logged_in_visible_search_snapshot,1012838094517,https://item.taobao.com/item.htm?id=1012838094517,27,【明日方舟·花钱&衡钱】金属珐琅界园志异肉鸽挂件痛包漫展周边 ¥ 18 95人收货 福建 泉州 退货宝 包邮 5年老店 吃谷联盟,18.0,95.0,False,其他周边,未标明,未标明,True,True,False,,0,1.0,arknights,taobao_arknights_market_baseline_2026-09-02.json,False,0.20801459767650948,True
2026-09-02T11:55:00+08:00,明日方舟 周边,market_baseline,,销量,logged_in_visible_search_snapshot,597525028979,https://item.taobao.com/item.htm?id=597525028979,28,动漫游戏周边二次元明日能天使阿米娅罗德岛眼罩睡眠遮光冰敷 ¥ 15 .68 补贴后 91人收货 广东 江门 淘金币已抵0.32元 退货宝 48小时内发 18年老店 T恤世家个性订制diy,15.68,91.0,False,其他周边,未标明,现货/在售,False,True,True,新约能天使,1,0.0,other,taobao_arknights_market_baseline_2026-09-02.json,False,0.20584683246043448,True
2026-09-02T11:55:00+08:00,明日方舟 周边,market_baseline,,销量,logged_in_visible_search_snapshot,1068416679495,https://item.taobao.com/item.htm?id=1068416679495,29,明日方舟终末地周边陈千语徽章士气章魔术贴织唛布贴背包衣服装饰 陈千语 徽章 ¥ 15 89人收货 江苏 南京 退货宝 48小时内发 包邮 异界小屋,15.0,89.0,False,徽章吧唧,未标明,现货/在售,True,True,True,,0,1.0,endfield,taobao_arknights_market_baseline_2026-09-02.json,False,0.2037950470905062,True
2026-09-02T11:55:00+08:00,明日方舟 周边,market_baseline,,销量,logged_in_visible_search_snapshot,949905120460,https://item.taobao.com/item.htm?id=949905120460,30,通行证保护膜明日方舟镭射保护套透明软套挂件便宜卡套周边二次元 钥匙扣/小挂件 明日方舟 塑料 ¥ 3 .9 89人收货 浙江 嘉兴 48小时内发 包邮 塑料骑士的小店,3.9,89.0,False,亚克力立牌,未标明,现货/在售,True,False,True,,0,1.0,arknights,taobao_arknights_market_baseline_2026-09-02.json,False,0.20184908658209985,True
2026-09-02T11:55:00+08:00,明日方舟 周边,market_baseline,,销量,logged_in_visible_search_snapshot,1048831428301,https://item.taobao.com/item.htm?id=1048831428301,31,终末地洛茜小众香氛配饰角色印象香氛奇葩猎奇体味二次元袜子周边 洛茜 抱枕/靠垫 真丝 ¥ 25 .8 补贴后 88人收货 河南 郑州 超级立减10% 12期 淘金币已抵1.2元 4D破壁社,25.8,88.0,False,毛绒抱枕,未标明,未标明,False,False,False,,0,0.0,endfield,taobao_arknights_market_baseline_2026-09-02.json,False,0.2,True
2026-09-02T11:55:00+08:00,明日方舟 周边,market_baseline,,销量,logged_in_visible_search_snapshot,1065243841321,https://item.taobao.com/item.htm?id=1065243841321,32,明日方舟红山动物园联动周边帽子包挂饰夏萌同栖款可爱小包挂件女 钥匙扣/小挂件 绒布 在售 ¥ 26 .59 优惠后 87人收货 浙江 金华 超级立减15% 48小时内发 包邮 王林祥的百宝箱,26.59,87.0,False,其他周边,未标明,现货/在售,True,False,True,,0,1.0,arknights,taobao_arknights_market_baseline_2026-09-02.json,False,0.19823986317056053,True
2026-09-02T11:55:00+08:00,明日方舟 周边,market_baseline,,销量,logged_in_visible_search_snapshot,1066720116463,https://item.taobao.com/item.htm?id=1066720116463,33,明日方舟终末地 蚀刻章 三位一体镀层 亚克力冰箱贴 同人周边 终末地 DIY 男女通用 ¥ 39 .2 补贴后 86人收货 浙江 金华 淘金币已抵0.8元 退货宝 包邮 盐辛水产,39.2,86.0,False,亚克力立牌,同人原创,未标明,True,True,False,,0,1.0,endfield,taobao_arknights_market_baseline_2026-09-02.json,False,0.1965616322328226,True
2026-09-02T11:55:00+08:00,明日方舟 周边,market_baseline,,销量,logged_in_visible_search_snapshot,1034076539031,https://item.taobao.com/item.htm?id=1034076539031,34,万代明日方舟Pajamars Mofu睡衣玩偶服系列盲盒潮玩周边摆件礼物 端盒 现货 联名系列 ¥ 48 .9 优惠后 86人收货 广东 广州 48小时内发 包邮 奇趣潮玩盲盒铺,48.9,86.0,False,毛绒抱枕,官方/授权,现货/在售,True,False,True,,0,1.0,arknights,taobao_arknights_market_baseline_2026-09-02.json,False,0.1949590218937863,True
2026-09-02T11:46:26+08:00,明日方舟 新约能天使 周边,targeted,新约能天使,销量,logged_in_visible_search_snapshot,989772699900,https://item.taobao.com/item.htm?id=989772699900,1,0905尾款 明日方舟 日服6周年fes 脸颊贴贴磁吸团子挂件 周边补款 官方正版 圣约能天使 布 ¥ 104 100+人收货 广东 东莞 包邮 梦谷小屋,104.0,100.0,True,毛绒抱枕,官方/授权,预售/补款,True,False,False,新约能天使,1,1.0,arknights,taobao_new_exusiai_sales_snapshot_2026-09-02.json,False,1.0,True
2026-09-02T11:46:26+08:00,明日方舟 新约能天使 周边,targeted,新约能天使,销量,logged_in_visible_search_snapshot,990339882996,https://item.taobao.com/item.htm?id=990339882996,2,0906尾款 明日方舟 日服6周年fes Q版警示看板夹vol4弹 周边补款 官方正版 阿米娅 亚克力 ¥ 44 46人收货 广东 东莞 梦谷小屋,44.0,46.0,False,亚克力立牌,官方/授权,预售/补款,False,False,False,,0,0.0,arknights,taobao_new_exusiai_sales_snapshot_2026-09-02.json,False,0.6309297535714575,True
2026-09-02T11:46:26+08:00,明日方舟 新约能天使 周边,targeted,新约能天使,销量,logged_in_visible_search_snapshot,991793004291,https://item.taobao.com/item.htm?id=991793004291,3,0826尾款 明日方舟 日服6周年fes 卡片风 亚克力挂件 周边补款 官方正版 阿米娅 亚克力 ¥ 78 28人收货 广东 东莞 梦谷小屋,78.0,28.0,False,亚克力立牌,官方/授权,预售/补款,False,False,False,,0,0.0,arknights,taobao_new_exusiai_sales_snapshot_2026-09-02.json,False,0.5,True
2026-09-02T11:46:26+08:00,明日方舟 新约能天使 周边,targeted,新约能天使,销量,logged_in_visible_search_snapshot,995038309265,https://item.taobao.com/item.htm?id=995038309265,4,明日方舟通行证48.0 新约能天使一对 维什戴尔塑心 黍 代餐三层 蕾缪安 亚克力 在售 ¥ 38 .32 补贴后 26人收货 浙江 金华 淘金币已抵1.18元 退货宝 48小时内发 精选动漫周边,38.32,26.0,False,亚克力立牌,未标明,现货/在售,False,True,True,新约能天使|塑心|黍,3,1.0,arknights,taobao_new_exusiai_sales_snapshot_2026-09-02.json,False,0.43067655807339306,True
2026-09-02T11:46:26+08:00,明日方舟 新约能天使 周边,targeted,新约能天使,销量,logged_in_visible_search_snapshot,995727507003,https://item.taobao.com/item.htm?id=995727507003,5,明日方舟 凯尔希26.0通行证挂件一对精一精二亚克力周边认证礼物 凯尔希 亚克力 在售 ¥ 44 优惠后 21人收货 山东 滨州 退货宝 包邮 万事屋の,44.0,21.0,False,亚克力立牌,未标明,现货/在售,True,True,False,凯尔希·思衡托,1,0.0,arknights,taobao_new_exusiai_sales_snapshot_2026-09-02.json,False,0.38685280723454163,True
2026-09-02T11:46:26+08:00,明日方舟 新约能天使 周边,targeted,新约能天使,销量,logged_in_visible_search_snapshot,950224795262,https://item.taobao.com/item.htm?id=950224795262,6,辉夜白兔原创新约能天使明日方舟二次元游戏周边可定制等身抱枕套 新约能天使 抱枕/靠垫 毛绒 ¥ 69 优惠后 15人收货 浙江 金华 包邮 辉夜白兔の抱枕小屋,69.0,15.0,False,毛绒抱枕,同人原创,未标明,True,False,False,新约能天使,1,1.0,arknights,taobao_new_exusiai_sales_snapshot_2026-09-02.json,False,0.3562071871080222,True
2026-09-02T11:46:26+08:00,明日方舟 新约能天使 周边,targeted,新约能天使,销量,logged_in_visible_search_snapshot,1055817716227,https://item.taobao.com/item.htm?id=1055817716227,7,明日方舟同人二创银灰周边能天使挂件罗格斯阿米娅拉普兰德大立牌 罗格斯 吊饰/挂件 ¥ 18 .9 12人收货 广东 深圳 48小时内发 包邮 穆葵小店,18.9,12.0,False,亚克力立牌,同人原创,现货/在售,True,False,True,荒芜拉普兰德|新约能天使|凛御银灰,3,0.45,arknights,taobao_new_exusiai_sales_snapshot_2026-09-02.json,False,0.3333333333333333,True
2026-09-02T11:46:26+08:00,明日方舟 新约能天使 周边,targeted,新约能天使,销量,logged_in_visible_search_snapshot,1052812808029,https://item.taobao.com/item.htm?id=1052812808029,8,新约能天使明日方舟元喵创造社原厂热升华动漫游戏二次元周边键帽 在售 12岁以上 12岁及以上 ¥ 85 优惠后 12人收货 福建 厦门 48小时内发 包邮 元喵创造社YMiao,85.0,12.0,False,生活数码,未标明,现货/在售,True,False,True,新约能天使,1,1.0,arknights,taobao_new_exusiai_sales_snapshot_2026-09-02.json,False,0.31546487678572877,True
2026-09-02T11:46:26+08:00,明日方舟 新约能天使 周边,targeted,新约能天使,销量,logged_in_visible_search_snapshot,920525753802,https://item.taobao.com/item.htm?id=920525753802,9,ARK 新约能天使 二游谷子周边游戏鼠标垫桌垫键盘垫可定制 鼠标垫 14周岁以上 ¥ 11 .64 补贴后 12人收货 浙江 金华 淘金币已抵0.36元 包邮 御萌宅品原创动漫周边,11.64,12.0,False,生活数码,同人原创,未标明,True,False,False,新约能天使,1,1.0,other,taobao_new_exusiai_sales_snapshot_2026-09-02.json,False,0.3010299956639812,True
2026-09-02T11:46:26+08:00,明日方舟 新约能天使 周边,targeted,新约能天使,销量,logged_in_visible_search_snapshot,996810327723,https://item.taobao.com/item.htm?id=996810327723,10,正版同人原创奇思妙想手作明日方舟新约能天使手链手绳周边非DIY ¥ 15 .06 补贴后 10人收货 广东 广州 淘金币已抵0.34元 包邮 公益宝贝 奇思妙想手作,15.06,10.0,False,生活数码,同人原创,未标明,True,False,False,新约能天使,1,1.0,arknights,taobao_new_exusiai_sales_snapshot_2026-09-02.json,False,0.2890648263178879,True
2026-09-02T11:46:26+08:00,明日方舟 新约能天使 周边,targeted,新约能天使,销量,logged_in_visible_search_snapshot,934621870094,https://item.taobao.com/item.htm?id=934621870094,11,现货丨明日方舟新约能天使蕾缪安周边挂件吧唧流麻徽章镭射塔罗拍 入选明日方舟衍生店铺 榜 徽章/纽扣 新约能天使、蕾缪安 多材质 ¥ 5 .34 补贴后 9人收货 河北 张家口 淘金币已抵0.16元 6年老店 星屑剧团,5.34,9.0,False,徽章吧唧,未标明,现货/在售,False,False,False,新约能天使,1,1.0,arknights,taobao_new_exusiai_sales_snapshot_2026-09-02.json,False,0.27894294565112987,True
2026-09-02T11:46:26+08:00,明日方舟 新约能天使 周边,targeted,新约能天使,销量,logged_in_visible_search_snapshot,1000488284508,https://item.taobao.com/item.htm?id=1000488284508,12,小软糖·明日方舟同人周边挂件徽章小卡酒神余W逻各斯普瑞赛斯 亚克力 在售 同人版 ¥ 7 9人收货 贵州 贵阳 11年老店 呜喵王的店,7.0,9.0,False,徽章吧唧,同人原创,现货/在售,False,False,False,酒神,1,0.0,arknights,taobao_new_exusiai_sales_snapshot_2026-09-02.json,False,0.27023815442731974,True
2026-09-02T11:46:26+08:00,明日方舟 新约能天使 周边,targeted,新约能天使,销量,logged_in_visible_search_snapshot,955652255777,https://item.taobao.com/item.htm?id=955652255777,13,明日方舟同人周边蕾缪安新约能天使色纸亚克力挂件摇摇乐仓鼠饭团 蕾缪安 亚克力 同人版 ¥ 16 6人收货 上海 可口大米仓,16.0,6.0,False,亚克力立牌,同人原创,未标明,False,False,False,新约能天使,1,1.0,arknights,taobao_new_exusiai_sales_snapshot_2026-09-02.json,False,0.26264953503719357,True
2026-09-02T11:46:26+08:00,明日方舟 新约能天使 周边,targeted,新约能天使,销量,logged_in_visible_search_snapshot,998178276972,https://item.taobao.com/item.htm?id=998178276972,14,明日方舟周边同人空弦10cm棉花娃娃二次元游戏毛绒玩偶公仔送女生 入选棉花美娃娃店铺 榜 空弦 毛绒公仔 男女通用 ¥ 23 .8 6人收货 河北 保定 48小时内发 包邮 娃妈优选店,23.8,6.0,False,毛绒抱枕,同人原创,现货/在售,True,False,True,,0,0.0,arknights,taobao_new_exusiai_sales_snapshot_2026-09-02.json,False,0.2559580248098155,True
2026-09-02T11:46:26+08:00,明日方舟 新约能天使 周边,targeted,新约能天使,销量,logged_in_visible_search_snapshot,968738826958,https://item.taobao.com/item.htm?id=968738826958,15,辉夜白兔原创新约能天使明日方舟二次元游戏周边可定制等身抱枕套 新约能天使 抱枕/靠垫 毛绒 ¥ 69 优惠后 5人收货 浙江 金华 包邮 辉夜白兔の抱枕小屋,69.0,5.0,False,毛绒抱枕,同人原创,未标明,True,False,False,新约能天使,1,1.0,arknights,taobao_new_exusiai_sales_snapshot_2026-09-02.json,False,0.25,True
2026-09-02T11:46:26+08:00,明日方舟 新约能天使 周边,targeted,新约能天使,销量,logged_in_visible_search_snapshot,1033638763436,https://item.taobao.com/item.htm?id=1033638763436,16,明日方舟同人能天使亚克力立牌摆件游戏周边钥匙扣挂件送生日礼物 能天使 亚克力 在售 ¥ 6 .9 5人收货 浙江 杭州 包邮 茉茉の小店,6.9,5.0,False,亚克力立牌,同人原创,现货/在售,True,False,False,新约能天使,1,0.45,arknights,taobao_new_exusiai_sales_snapshot_2026-09-02.json,False,0.24465054211822604,True
2026-09-02T11:46:26+08:00,明日方舟 新约能天使 周边,targeted,新约能天使,销量,logged_in_visible_search_snapshot,1001746368089,https://item.taobao.com/item.htm?id=1001746368089,17,【现货】小乐相册 | 明日方舟 能天使 2025生贺企划 同人周边 徽章/纽扣 能天使 徽章 ¥ 5 5人收货 上海 7年老店 Luby Cafe,5.0,5.0,False,徽章吧唧,同人原创,现货/在售,False,False,False,新约能天使,1,0.45,arknights,taobao_new_exusiai_sales_snapshot_2026-09-02.json,False,0.23981246656813146,True
2026-09-02T11:46:26+08:00,明日方舟 新约能天使 周边,targeted,新约能天使,销量,logged_in_visible_search_snapshot,1027432207191,https://item.taobao.com/item.htm?id=1027432207191,18,苹果乐毛绒挂件明日方舟游戏周边 新约能天使毛绒挂件 ¥ 41 .88 4人收货 浙江 金华 包邮 哲猫生活馆,41.88,4.0,False,毛绒抱枕,未标明,未标明,True,False,False,新约能天使,1,1.0,arknights,taobao_new_exusiai_sales_snapshot_2026-09-02.json,False,0.23540891336663824,True
2026-09-02T11:46:26+08:00,明日方舟 新约能天使 周边,targeted,新约能天使,销量,logged_in_visible_search_snapshot,991484145689,https://item.taobao.com/item.htm?id=991484145689,19,明日方舟 m3通行证一对 47.0 mon3tr 拉普兰德新约能天使代餐三层 拉普兰德 1 在售 ¥ 38 .16 补贴后 4人收货 河南 郑州 淘金币已抵1.17元 退货宝 48小时内发 精选动漫周边,38.16,4.0,False,亚克力立牌,未标明,现货/在售,False,True,True,Mon3tr|荒芜拉普兰德|新约能天使,3,1.0,arknights,taobao_new_exusiai_sales_snapshot_2026-09-02.json,False,0.23137821315975915,True
2026-09-02T11:46:26+08:00,明日方舟 新约能天使 周边,targeted,新约能天使,销量,logged_in_visible_search_snapshot,1017330437805,https://item.taobao.com/item.htm?id=1017330437805,20,苹果乐毛绒挂件明日方舟游戏周边 新约能天使毛绒挂件 限量发售 苹果乐 ¥ 42 .8 4人收货 广东 深圳 包邮 玫瑰西瓜冰,42.8,4.0,False,毛绒抱枕,未标明,未标明,True,False,False,新约能天使,1,1.0,arknights,taobao_new_exusiai_sales_snapshot_2026-09-02.json,False,0.227670248696953,True
2026-09-02T11:46:26+08:00,明日方舟 新约能天使 周边,targeted,新约能天使,销量,logged_in_visible_search_snapshot,994155895716,https://item.taobao.com/item.htm?id=994155895716,21,明日方舟周边同人幽灵鲨属性10cm凯尔希棉花娃娃游戏玩偶毛绒挂件 入选棉花美娃娃店铺 榜 帕拉斯 毛绒公仔 男女通用 ¥ 23 .8 4人收货 河北 保定 包邮 娃妈优选店,23.8,4.0,False,毛绒抱枕,同人原创,未标明,True,False,False,凯尔希·思衡托|归溟幽灵鲨,2,0.0,arknights,taobao_new_exusiai_sales_snapshot_2026-09-02.json,False,0.22424382421757544,True
2026-09-02T11:46:26+08:00,明日方舟 新约能天使 周边,targeted,新约能天使,销量,logged_in_visible_search_snapshot,926483003272,https://item.taobao.com/item.htm?id=926483003272,22,灵梦次元社明日方舟新约能天使PBT热升华动漫周边二次元键盘键帽 入选二次元键帽店铺 榜 键盘 在售 8周岁以上 ¥ 90 优惠后 3人收货 福建 厦门 包邮 灵梦次元社,90.0,3.0,False,生活数码,未标明,现货/在售,True,False,False,新约能天使,1,1.0,arknights,taobao_new_exusiai_sales_snapshot_2026-09-02.json,False,0.22106472945750374,True
2026-09-02T11:46:26+08:00,明日方舟 新约能天使 周边,targeted,新约能天使,销量,logged_in_visible_search_snapshot,1010999701769,https://item.taobao.com/item.htm?id=1010999701769,23,【现货】明日方舟通行认证48.0系列蕾缪安新约能天使酒神周边挂件 新约能天使 亚克力 在售 ¥ 45 .4 补贴后 3人收货 北京 淘金币已抵1.4元 48小时内发 包邮 日系谷子补给站,45.4,3.0,False,亚克力立牌,未标明,现货/在售,True,False,True,新约能天使|酒神,2,1.0,arknights,taobao_new_exusiai_sales_snapshot_2026-09-02.json,False,0.21810429198553155,True
2026-09-02T11:46:26+08:00,明日方舟 新约能天使 周边,targeted,新约能天使,销量,logged_in_visible_search_snapshot,916798377958,https://item.taobao.com/item.htm?id=916798377958,24,现货丨明日方舟岁家余周边徽章拍立得镭射明信片色纸云母界园吧唧 徽章/纽扣 新约能天使、蕾缪安 亚克力 ¥ 5 .34 补贴后 3人收货 北京 淘金币已抵0.16元 6年老店 星屑剧团,5.34,3.0,False,徽章吧唧,未标明,现货/在售,False,False,False,新约能天使,1,1.0,arknights,taobao_new_exusiai_sales_snapshot_2026-09-02.json,False,0.21533827903669653,True
2026-09-02T11:46:26+08:00,明日方舟 新约能天使 周边,targeted,新约能天使,销量,logged_in_visible_search_snapshot,918949083498,https://item.taobao.com/item.htm?id=918949083498,25,ARK 新约能天使 蕾缪安 周边多彩马克杯水杯瓷杯可定制 ¥ 20 .37 补贴后 3人收货 黑龙江 哈尔滨 淘金币已抵0.63元 包邮 御萌宅品原创动漫周边,20.37,3.0,False,生活数码,同人原创,未标明,True,False,False,新约能天使,1,1.0,other,taobao_new_exusiai_sales_snapshot_2026-09-02.json,False,0.21274605355336318,True
2026-09-02T11:46:26+08:00,明日方舟 新约能天使 周边,targeted,新约能天使,销量,logged_in_visible_search_snapshot,994846667112,https://item.taobao.com/item.htm?id=994846667112,26,【预售】No.1 laterano 蕾缪安新约能天使 明日方舟同人周边徽章 徽章/纽扣 蕾缪安 马口铁 ¥ 5 3人收货 上海 零维海,5.0,3.0,False,徽章吧唧,同人原创,预售/补款,False,False,False,新约能天使,1,1.0,arknights,taobao_new_exusiai_sales_snapshot_2026-09-02.json,False,0.2103099178571525,True
2026-09-02T11:46:26+08:00,明日方舟 新约能天使 周边,targeted,新约能天使,销量,logged_in_visible_search_snapshot,1039904650841,https://item.taobao.com/item.htm?id=1039904650841,27,明日同方舟cosplay新约能天使二次元短袖t风衣卫衣jk短裙漫展常服 仅限线上销售 涤纶 秋季 ¥ 88 3人收货 福建 宁德 退货宝 包邮 漫贸,88.0,3.0,False,服装COS,未标明,未标明,True,True,False,新约能天使,1,1.0,other,taobao_new_exusiai_sales_snapshot_2026-09-02.json,False,0.20801459767650948,True
2026-09-02T11:46:26+08:00,明日方舟 新约能天使 周边,targeted,新约能天使,销量,logged_in_visible_search_snapshot,1021080690898,https://item.taobao.com/item.htm?id=1021080690898,28,明日方舟星熊毛绒玩偶周边10cm印花体棉花娃娃二次元游戏公仔挂件 星熊 吊饰/挂件 男女通用 ¥ 23 2人收货 河北 保定 包邮 娃妈优选店,23.0,2.0,False,毛绒抱枕,未标明,未标明,True,False,False,斩业星熊,1,0.0,arknights,taobao_new_exusiai_sales_snapshot_2026-09-02.json,False,0.20584683246043448,True
2026-09-02T11:46:26+08:00,明日方舟 新约能天使 周边,targeted,新约能天使,销量,logged_in_visible_search_snapshot,1002606165467,https://item.taobao.com/item.htm?id=1002606165467,29,明日方舟周边游戏同人玩偶陈棉花娃娃10cm印花体毛绒公仔努努挂件 陈 吊饰/挂件 男女通用 ¥ 23 2人收货 河北 保定 包邮 娃妈优选店,23.0,2.0,False,毛绒抱枕,同人原创,未标明,True,False,False,赤刃明霄陈,1,0.0,arknights,taobao_new_exusiai_sales_snapshot_2026-09-02.json,False,0.2037950470905062,True
2026-09-02T11:46:26+08:00,明日方舟 新约能天使 周边,targeted,新约能天使,销量,logged_in_visible_search_snapshot,1062722590724,https://item.taobao.com/item.htm?id=1062722590724,30,明日同人方舟披风终末地管理员新约能天使拉普兰德周边空调毯斗篷 现货 休闲 棉制作 ¥ 48 2人收货 福建 宁德 退货宝 包邮 猫漫,48.0,2.0,False,服装COS,同人原创,现货/在售,True,True,False,荒芜拉普兰德|新约能天使,2,1.0,endfield,taobao_new_exusiai_sales_snapshot_2026-09-02.json,False,0.20184908658209985,True
2026-09-02T11:46:26+08:00,明日方舟 新约能天使 周边,targeted,新约能天使,销量,logged_in_visible_search_snapshot,1024968066027,https://item.taobao.com/item.htm?id=1024968066027,31,明日同人方舟书包终末地管理员阿米娅能天使周边衍生双肩学生背包 双肩 涤纶 现货 ¥ 98 2人收货 福建 宁德 退货宝 包邮 猫漫,98.0,2.0,False,生活数码,同人原创,现货/在售,True,True,False,新约能天使,1,0.45,endfield,taobao_new_exusiai_sales_snapshot_2026-09-02.json,False,0.2,True
2026-09-02T11:46:26+08:00,明日方舟 新约能天使 周边,targeted,新约能天使,销量,logged_in_visible_search_snapshot,1041034768550,https://item.taobao.com/item.htm?id=1041034768550,32,凯尔希等身抱枕mon3tr靠枕m3阿能天使谷子明日方舟令黍姐夕宝周边 凯尔希/mon3tr/m3/能天使/新约能天使/阿能/令姐/黍姐/夕宝/诗怀雅/蕾缪安 等身抱枕 桃皮绒、毛毛绒、2WAY ¥ 54 .12 优惠后 2人收货 广东 佛山 30天价保 包邮 公益宝贝 7年老店 小毛动漫二次元,54.12,2.0,False,毛绒抱枕,未标明,未标明,True,False,False,凯尔希·思衡托|Mon3tr|新约能天使,3,1.0,arknights,taobao_new_exusiai_sales_snapshot_2026-09-02.json,False,0.19823986317056053,True
2026-09-02T11:46:26+08:00,明日方舟 新约能天使 周边,targeted,新约能天使,销量,logged_in_visible_search_snapshot,1059412986961,https://item.taobao.com/item.htm?id=1059412986961,33,正版同人原创手作明日方舟新约能天使手链手绳周边非DIY ¥ 13 .18 补贴后 2人收货 广东 广州 淘金币已抵0.3元 包邮 公益宝贝 奇思妙想手作,13.18,2.0,False,生活数码,同人原创,未标明,True,False,False,新约能天使,1,1.0,arknights,taobao_new_exusiai_sales_snapshot_2026-09-02.json,False,0.1965616322328226,True
2026-09-02T11:46:26+08:00,明日方舟 新约能天使 周边,targeted,新约能天使,销量,logged_in_visible_search_snapshot,919151647329,https://item.taobao.com/item.htm?id=919151647329,34,明日方舟三层工艺亚克力通行证二次元周边新约能天使蕾缪安挂件 卡片/信纸 能天使蕾缪安 亚克力 ¥ 9 .99 2人收货 浙江 金华 48小时内发 包邮 10年老店 课桌小宇宙,9.99,2.0,False,亚克力立牌,未标明,现货/在售,True,False,True,新约能天使,1,1.0,arknights,taobao_new_exusiai_sales_snapshot_2026-09-02.json,False,0.1949590218937863,True
2026-09-02T11:46:26+08:00,明日方舟 新约能天使 周边,targeted,新约能天使,销量,logged_in_visible_search_snapshot,990252528561,https://item.taobao.com/item.htm?id=990252528561,35,【寄售】明日方舟下班Timing系列香片通行证同人周边品类持续更新 水月逻各斯 吊饰/挂件 明日方舟 ¥ 6 .79 补贴后 2人收货 山东 菏泽 淘金币已抵0.21元 退货宝 泰拉补给站,6.79,2.0,False,亚克力立牌,同人原创,未标明,False,True,False,,0,0.0,arknights,taobao_new_exusiai_sales_snapshot_2026-09-02.json,False,0.19342640361727081,True
2026-09-02T11:46:26+08:00,明日方舟 新约能天使 周边,targeted,新约能天使,销量,logged_in_visible_search_snapshot,1043973319048,https://item.taobao.com/item.htm?id=1043973319048,36,苹果乐毛绒挂件明日方舟游戏周边 新约能天使毛绒挂件 限量发售 苹果乐 ¥ 41 .88 2人收货 浙江 金华 包邮 清喜小仓铺,41.88,2.0,False,毛绒抱枕,未标明,未标明,True,False,False,新约能天使,1,1.0,arknights,taobao_new_exusiai_sales_snapshot_2026-09-02.json,False,0.19195872000656014,True
2026-09-02T11:46:26+08:00,明日方舟 新约能天使 周边,targeted,新约能天使,销量,logged_in_visible_search_snapshot,1031978980861,https://item.taobao.com/item.htm?id=1031978980861,37,明日方舟 黍春日宴皮肤通行证一对维什戴尔新约能天使三层代餐 维什戴尔 亚克力 在售 ¥ 37 .9 补贴后 2人收货 河南 郑州 淘金币已抵1.17元 退货宝 48小时内发 精选动漫周边,37.9,2.0,False,亚克力立牌,未标明,现货/在售,False,True,True,新约能天使,1,1.0,arknights,taobao_new_exusiai_sales_snapshot_2026-09-02.json,False,0.1905514124267734,True
2026-09-02T11:46:26+08:00,明日方舟 新约能天使 周边,targeted,新约能天使,销量,logged_in_visible_search_snapshot,956543896771,https://item.taobao.com/item.htm?id=956543896771,38,猫爪在上原创明日方舟新约能天使抱枕等身枕套能天使周边等身抱枕 新约能天使 抱枕/靠垫 新2way ¥ 59 优惠后 2人收货 江苏 南通 包邮 猫爪在上漫品,59.0,2.0,False,毛绒抱枕,同人原创,未标明,True,False,False,新约能天使,1,1.0,arknights,taobao_new_exusiai_sales_snapshot_2026-09-02.json,False,0.18920035951687003,True
2026-09-02T11:46:26+08:00,明日方舟 新约能天使 周边,targeted,新约能天使,销量,logged_in_visible_search_snapshot,990124075686,https://item.taobao.com/item.htm?id=990124075686,39,【补款】日版 明日方舟 日服6周年 毛绒挂件 组合立牌 通贩 亚雷斯塔 毛绒 预售 ¥ 17 1人收货 浙江 杭州 5年老店 蛋挞日本代购店,17.0,1.0,False,亚克力立牌,未标明,预售/补款,False,False,False,,0,0.0,arknights,taobao_new_exusiai_sales_snapshot_2026-09-02.json,False,0.18790182470910757,True
2026-09-02T11:46:26+08:00,明日方舟 新约能天使 周边,targeted,新约能天使,销量,logged_in_visible_search_snapshot,1048481342377,https://item.taobao.com/item.htm?id=1048481342377,40,苹果乐毛绒挂件明日方舟游戏周边 新约能天使毛绒挂件 ¥ 41 .9 1人收货 广东 惠州 包邮 合众百货供应链企业店,41.9,1.0,False,毛绒抱枕,未标明,未标明,True,False,False,新约能天使,1,1.0,arknights,taobao_new_exusiai_sales_snapshot_2026-09-02.json,False,0.18665241123894338,True
2026-09-02T11:46:26+08:00,明日方舟 新约能天使 周边,targeted,新约能天使,销量,logged_in_visible_search_snapshot,1076776801927,https://item.taobao.com/item.htm?id=1076776801927,41,【天空的回响】新约能天使/蕾缪安 明日方舟同人游戏周边送礼 新约能天使/蕾缪安 在售 同人版 ¥ 9 1人收货 湖北 武汉 兔兔全肯定,9.0,1.0,False,其他周边,同人原创,现货/在售,False,False,False,新约能天使,1,1.0,arknights,taobao_new_exusiai_sales_snapshot_2026-09-02.json,False,0.1854490234153689,True
2026-09-02T11:46:26+08:00,明日方舟 新约能天使 周边,targeted,新约能天使,销量,logged_in_visible_search_snapshot,970236122639,https://item.taobao.com/item.htm?id=970236122639,42,明日方舟周边新约能天使挂件亚克力精美挂件谷子二次元周边收藏 ¥ 6 .8 1人收货 广东 深圳 包邮 奶酪Cheese,6.8,1.0,False,亚克力立牌,未标明,未标明,True,False,False,新约能天使,1,1.0,arknights,taobao_new_exusiai_sales_snapshot_2026-09-02.json,False,0.18428883314870617,True
2026-09-02T11:46:26+08:00,明日方舟 新约能天使 周边,targeted,新约能天使,销量,logged_in_visible_search_snapshot,1047579708754,https://item.taobao.com/item.htm?id=1047579708754,43,明日方舟同人周边团子阿贝洛内澄闪望塞雷娅挂件 阿贝洛内澄闪望塞雷娅 毛绒公仔 pp棉 ¥ 20 1人收货 广东 广州 5年老店 西芒星球同人社,20.0,1.0,False,毛绒抱枕,同人原创,未标明,False,False,False,贝洛内,1,0.0,arknights,taobao_new_exusiai_sales_snapshot_2026-09-02.json,False,0.18316925091363362,True
2026-09-02T11:46:26+08:00,明日方舟 新约能天使 周边,targeted,新约能天使,销量,logged_in_visible_search_snapshot,966701392536,https://item.taobao.com/item.htm?id=966701392536,44,AA 明日方舟-蕾缪安 新约能天使同人周边镭射票小卡徽章 卡片/信纸 蕾缪安 纸制品 ¥ 4 .8 1人收货 贵州 贵阳 11年老店 呜喵王的店,4.8,1.0,False,徽章吧唧,同人原创,未标明,False,False,False,新约能天使,1,1.0,arknights,taobao_new_exusiai_sales_snapshot_2026-09-02.json,False,0.18208790046993825,True
2026-09-02T11:46:26+08:00,明日方舟 新约能天使 周边,targeted,新约能天使,销量,logged_in_visible_search_snapshot,1014270593927,https://item.taobao.com/item.htm?id=1014270593927,45,浅草萌物原创-明日方舟-新约能天使 二次元游戏动漫周边等身抱枕 能天使 等身抱枕 2way ¥ 114 优惠后 1人收货 浙江 金华 退货宝 包邮 浅草萌物,114.0,1.0,False,毛绒抱枕,同人原创,未标明,True,True,False,新约能天使,1,1.0,arknights,taobao_new_exusiai_sales_snapshot_2026-09-02.json,False,0.1810425967800402,True
2026-09-02T11:46:26+08:00,明日方舟 新约能天使 周边,targeted,新约能天使,销量,logged_in_visible_search_snapshot,919638549122,https://item.taobao.com/item.htm?id=919638549122,46,明日方舟精二大立牌新约能天使蕾缪安信仰搅拌机六周年众生行纪 钥匙扣/小挂件 亚克力 预售 ¥ 16 1人收货 浙江 金华 包邮 只是一家周边店,16.0,1.0,False,亚克力立牌,未标明,预售/补款,True,False,False,新约能天使,1,1.0,arknights,taobao_new_exusiai_sales_snapshot_2026-09-02.json,False,0.18003132665669264,True
2026-09-02T11:46:26+08:00,明日方舟 新约能天使 周边,targeted,新约能天使,销量,logged_in_visible_search_snapshot,949209549991,https://item.taobao.com/item.htm?id=949209549991,47,明日方舟三层工艺亚克力通行证二次元周边新约能天使蕾缪安挂件 ¥ 17 .9 1人收货 浙江 金华 包邮 不吃文具,17.9,1.0,False,亚克力立牌,未标明,未标明,True,False,False,新约能天使,1,1.0,arknights,taobao_new_exusiai_sales_snapshot_2026-09-02.json,False,0.17905223175104137,True
2026-09-02T11:46:26+08:00,明日方舟 新约能天使 周边,targeted,新约能天使,销量,logged_in_visible_search_snapshot,970699315269,https://item.taobao.com/item.htm?id=970699315269,48,明日方舟周边新约能天使遥伊内丝云迹斩业星熊Q版钥匙扣挂件礼物 伊内丝 亚克力 在售 ¥ 12 .8 1人收货 湖南 长沙 包邮 8年老店 宅萌动漫,12.8,1.0,False,亚克力立牌,未标明,现货/在售,True,False,False,新约能天使|斩业星熊,2,1.0,arknights,taobao_new_exusiai_sales_snapshot_2026-09-02.json,False,0.1781035935540111,True
2026-09-02T11:46:26+08:00,明日方舟 新约能天使 周边,targeted,新约能天使,销量,logged_in_visible_search_snapshot,1057364683222,https://item.taobao.com/item.htm?id=1057364683222,49,新约能天使同人周边云母令牌明日方舟双闪吧唧摆件无料钥匙扣挂X 压克力 12岁以上 ¥ 19 .95 1人收货 山东 菏泽 包邮 4源今优选工厂,19.95,1.0,False,徽章吧唧,同人原创,未标明,True,False,False,新约能天使,1,1.0,arknights,taobao_new_exusiai_sales_snapshot_2026-09-02.json,False,0.17718382013555792,True
2026-09-02T11:46:26+08:00,明日方舟 新约能天使 周边,targeted,新约能天使,销量,logged_in_visible_search_snapshot,924913935016,https://item.taobao.com/item.htm?id=924913935016,50,明日方舟周边新约能天使高颜值笔记本学生A5横线日记本记事本加M ¥ 16 .8 1人收货 广东 东莞 包邮 轩悦百货店,16.8,1.0,False,生活数码,未标明,未标明,True,False,False,新约能天使,1,1.0,arknights,taobao_new_exusiai_sales_snapshot_2026-09-02.json,False,0.17629143438888212,True
