response_id,operator,preference_rank,preference_weight,is_simulated
REAL-ARK-SURVEY-20260903-001,伊芙利特,1,3,False
REAL-ARK-SURVEY-20260903-001,夕,2,2,False
REAL-ARK-SURVEY-20260903-001,令,3,1,False
REAL-ARK-SURVEY-20260903-002,维什戴尔,1,3,False
REAL-ARK-SURVEY-20260903-002,锏,2,2,False
REAL-ARK-SURVEY-20260903-002,陈,3,1,False
REAL-ARK-SURVEY-20260903-003,幽灵鲨,1,3,False
REAL-ARK-SURVEY-20260903-003,铃兰,2,2,False
REAL-ARK-SURVEY-20260903-003,玛恩纳,3,1,False
REAL-ARK-SURVEY-20260903-004,温蒂,1,3,False
REAL-ARK-SURVEY-20260903-004,史尔特尔,2,2,False
REAL-ARK-SURVEY-20260903-004,斯卡蒂,3,1,False
REAL-ARK-SURVEY-20260903-005,史尔特尔,1,3,False
REAL-ARK-SURVEY-20260903-005,德克萨斯,2,2,False
REAL-ARK-SURVEY-20260903-005,维什戴尔,3,1,False
REAL-ARK-SURVEY-20260903-006,令,1,3,False
REAL-ARK-SURVEY-20260903-006,德克萨斯,2,2,False
REAL-ARK-SURVEY-20260903-006,浊心斯卡蒂,3,1,False
REAL-ARK-SURVEY-20260903-007,维什戴尔,1,3,False
REAL-ARK-SURVEY-20260903-007,逻各斯,2,2,False
REAL-ARK-SURVEY-20260903-007,银灰,3,1,False
REAL-ARK-SURVEY-20260903-008,浊心斯卡蒂,1,3,False
REAL-ARK-SURVEY-20260903-008,棘刺,2,2,False
REAL-ARK-SURVEY-20260903-008,W,3,1,False
REAL-ARK-SURVEY-20260903-009,令,1,3,False
REAL-ARK-SURVEY-20260903-009,德克萨斯,2,2,False
REAL-ARK-SURVEY-20260903-009,W,3,1,False
REAL-ARK-SURVEY-20260903-010,诗怀雅,1,3,False
REAL-ARK-SURVEY-20260903-010,夕,2,2,False
REAL-ARK-SURVEY-20260903-010,凯尔希,3,1,False
REAL-ARK-SURVEY-20260903-011,史尔特尔,1,3,False
REAL-ARK-SURVEY-20260903-011,黍,2,2,False
REAL-ARK-SURVEY-20260903-011,幽灵鲨,3,1,False
REAL-ARK-SURVEY-20260903-012,煌,1,3,False
REAL-ARK-SURVEY-20260903-012,幽灵鲨,2,2,False
REAL-ARK-SURVEY-20260903-012,能天使,3,1,False
REAL-ARK-SURVEY-20260903-013,幽灵鲨,1,3,False
REAL-ARK-SURVEY-20260903-013,浊心斯卡蒂,2,2,False
REAL-ARK-SURVEY-20260903-013,阿米娅,3,1,False
REAL-ARK-SURVEY-20260903-014,德克萨斯,1,3,False
REAL-ARK-SURVEY-20260903-014,W,2,2,False
REAL-ARK-SURVEY-20260903-014,浊心斯卡蒂,3,1,False
REAL-ARK-SURVEY-20260903-015,能天使,1,3,False
REAL-ARK-SURVEY-20260903-015,维什戴尔,2,2,False
REAL-ARK-SURVEY-20260903-015,诗怀雅,3,1,False
REAL-ARK-SURVEY-20260903-016,锏,1,3,False
REAL-ARK-SURVEY-20260903-016,幽灵鲨,2,2,False
REAL-ARK-SURVEY-20260903-016,浊心斯卡蒂,3,1,False
REAL-ARK-SURVEY-20260903-017,缪尔赛思,1,3,False
REAL-ARK-SURVEY-20260903-017,泥岩,2,2,False
REAL-ARK-SURVEY-20260903-017,凯尔希,3,1,False
REAL-ARK-SURVEY-20260903-018,锏,1,3,False
REAL-ARK-SURVEY-20260903-018,塞雷娅,2,2,False
REAL-ARK-SURVEY-20260903-018,艾雅法拉,3,1,False
REAL-ARK-SURVEY-20260903-019,能天使,1,3,False
REAL-ARK-SURVEY-20260903-019,维什戴尔,2,2,False
REAL-ARK-SURVEY-20260903-019,凯尔希,3,1,False
REAL-ARK-SURVEY-20260903-020,诗怀雅,1,3,False
REAL-ARK-SURVEY-20260903-020,银灰,2,2,False
REAL-ARK-SURVEY-20260903-020,铃兰,3,1,False
REAL-ARK-SURVEY-20260903-021,史尔特尔,1,3,False
REAL-ARK-SURVEY-20260903-021,银灰,2,2,False
REAL-ARK-SURVEY-20260903-021,能天使,3,1,False
REAL-ARK-SURVEY-20260903-022,斯卡蒂,1,3,False
REAL-ARK-SURVEY-20260903-022,黍,2,2,False
REAL-ARK-SURVEY-20260903-022,幽灵鲨,3,1,False
REAL-ARK-SURVEY-20260903-023,夕,1,3,False
REAL-ARK-SURVEY-20260903-023,能天使,2,2,False
REAL-ARK-SURVEY-20260903-023,泥岩,3,1,False
REAL-ARK-SURVEY-20260903-024,缪尔赛思,1,3,False
REAL-ARK-SURVEY-20260903-024,霍尔海雅,2,2,False
REAL-ARK-SURVEY-20260903-024,史尔特尔,3,1,False
REAL-ARK-SURVEY-20260903-025,塞雷娅,1,3,False
REAL-ARK-SURVEY-20260903-025,泥岩,2,2,False
REAL-ARK-SURVEY-20260903-025,斯卡蒂,3,1,False
REAL-ARK-SURVEY-20260903-026,浊心斯卡蒂,1,3,False
REAL-ARK-SURVEY-20260903-026,史尔特尔,2,2,False
REAL-ARK-SURVEY-20260903-026,阿米娅,3,1,False
REAL-ARK-SURVEY-20260903-027,史尔特尔,1,3,False
REAL-ARK-SURVEY-20260903-027,缪尔赛思,2,2,False
REAL-ARK-SURVEY-20260903-027,夜莺,3,1,False
REAL-ARK-SURVEY-20260903-028,能天使,1,3,False
REAL-ARK-SURVEY-20260903-028,陈,2,2,False
REAL-ARK-SURVEY-20260903-028,W,3,1,False
REAL-ARK-SURVEY-20260903-029,煌,1,3,False
REAL-ARK-SURVEY-20260903-029,德克萨斯,2,2,False
REAL-ARK-SURVEY-20260903-029,缪尔赛思,3,1,False
REAL-ARK-SURVEY-20260903-030,温蒂,1,3,False
REAL-ARK-SURVEY-20260903-030,德克萨斯,2,2,False
REAL-ARK-SURVEY-20260903-030,幽灵鲨,3,1,False
REAL-ARK-SURVEY-20260903-031,温蒂,1,3,False
REAL-ARK-SURVEY-20260903-031,维什戴尔,2,2,False
REAL-ARK-SURVEY-20260903-031,凯尔希,3,1,False
REAL-ARK-SURVEY-20260903-032,拉普兰德,1,3,False
REAL-ARK-SURVEY-20260903-032,夕,2,2,False
REAL-ARK-SURVEY-20260903-032,斯卡蒂,3,1,False
REAL-ARK-SURVEY-20260903-033,德克萨斯,1,3,False
REAL-ARK-SURVEY-20260903-033,维什戴尔,2,2,False
REAL-ARK-SURVEY-20260903-033,史尔特尔,3,1,False
REAL-ARK-SURVEY-20260903-034,凯尔希,1,3,False
REAL-ARK-SURVEY-20260903-034,维什戴尔,2,2,False
REAL-ARK-SURVEY-20260903-034,史尔特尔,3,1,False
REAL-ARK-SURVEY-20260903-035,维什戴尔,1,3,False
REAL-ARK-SURVEY-20260903-035,拉普兰德,2,2,False
REAL-ARK-SURVEY-20260903-035,阿米娅,3,1,False
REAL-ARK-SURVEY-20260903-036,浊心斯卡蒂,1,3,False
REAL-ARK-SURVEY-20260903-036,幽灵鲨,2,2,False
REAL-ARK-SURVEY-20260903-036,塞雷娅,3,1,False
REAL-ARK-SURVEY-20260903-037,德克萨斯,1,3,False
REAL-ARK-SURVEY-20260903-037,能天使,2,2,False
REAL-ARK-SURVEY-20260903-037,浊心斯卡蒂,3,1,False
REAL-ARK-SURVEY-20260903-038,煌,1,3,False
REAL-ARK-SURVEY-20260903-038,诗怀雅,2,2,False
REAL-ARK-SURVEY-20260903-038,史尔特尔,3,1,False
REAL-ARK-SURVEY-20260903-039,维什戴尔,1,3,False
REAL-ARK-SURVEY-20260903-039,凯尔希,2,2,False
REAL-ARK-SURVEY-20260903-039,温蒂,3,1,False
REAL-ARK-SURVEY-20260903-040,阿米娅,1,3,False
REAL-ARK-SURVEY-20260903-040,泥岩,2,2,False
REAL-ARK-SURVEY-20260903-040,斯卡蒂,3,1,False
REAL-ARK-SURVEY-20260903-041,史尔特尔,1,3,False
REAL-ARK-SURVEY-20260903-041,夕,2,2,False
REAL-ARK-SURVEY-20260903-041,令,3,1,False
REAL-ARK-SURVEY-20260903-042,德克萨斯,1,3,False
REAL-ARK-SURVEY-20260903-042,缪尔赛思,2,2,False
REAL-ARK-SURVEY-20260903-042,凯尔希,3,1,False
REAL-ARK-SURVEY-20260903-043,拉普兰德,1,3,False
REAL-ARK-SURVEY-20260903-043,浊心斯卡蒂,2,2,False
REAL-ARK-SURVEY-20260903-043,斯卡蒂,3,1,False
REAL-ARK-SURVEY-20260903-044,霍尔海雅,1,3,False
REAL-ARK-SURVEY-20260903-044,夕,2,2,False
REAL-ARK-SURVEY-20260903-044,凯尔希,3,1,False
REAL-ARK-SURVEY-20260903-045,能天使,1,3,False
REAL-ARK-SURVEY-20260903-045,幽灵鲨,2,2,False
REAL-ARK-SURVEY-20260903-045,锏,3,1,False
REAL-ARK-SURVEY-20260903-046,逻各斯,1,3,False
REAL-ARK-SURVEY-20260903-046,拉普兰德,2,2,False
REAL-ARK-SURVEY-20260903-046,银灰,3,1,False
REAL-ARK-SURVEY-20260903-047,夕,1,3,False
REAL-ARK-SURVEY-20260903-047,拉普兰德,2,2,False
REAL-ARK-SURVEY-20260903-047,缪尔赛思,3,1,False
REAL-ARK-SURVEY-20260903-048,逻各斯,1,3,False
REAL-ARK-SURVEY-20260903-048,黍,2,2,False
REAL-ARK-SURVEY-20260903-048,年,3,1,False
REAL-ARK-SURVEY-20260903-049,煌,1,3,False
REAL-ARK-SURVEY-20260903-049,铃兰,2,2,False
REAL-ARK-SURVEY-20260903-049,温蒂,3,1,False
REAL-ARK-SURVEY-20260903-050,令,1,3,False
REAL-ARK-SURVEY-20260903-050,艾雅法拉,2,2,False
REAL-ARK-SURVEY-20260903-050,浊心斯卡蒂,3,1,False
REAL-ARK-SURVEY-20260903-051,塞雷娅,1,3,False
REAL-ARK-SURVEY-20260903-051,夕,2,2,False
REAL-ARK-SURVEY-20260903-051,铃兰,3,1,False
REAL-ARK-SURVEY-20260903-052,温蒂,1,3,False
REAL-ARK-SURVEY-20260903-052,泥岩,2,2,False
REAL-ARK-SURVEY-20260903-052,能天使,3,1,False
REAL-ARK-SURVEY-20260903-053,能天使,1,3,False
REAL-ARK-SURVEY-20260903-053,夕,2,2,False
REAL-ARK-SURVEY-20260903-053,令,3,1,False
REAL-ARK-SURVEY-20260903-054,塞雷娅,1,3,False
REAL-ARK-SURVEY-20260903-054,德克萨斯,2,2,False
REAL-ARK-SURVEY-20260903-054,霍尔海雅,3,1,False
REAL-ARK-SURVEY-20260903-055,逻各斯,1,3,False
REAL-ARK-SURVEY-20260903-055,伊芙利特,2,2,False
REAL-ARK-SURVEY-20260903-055,煌,3,1,False
REAL-ARK-SURVEY-20260903-056,棘刺,1,3,False
REAL-ARK-SURVEY-20260903-056,泥岩,2,2,False
REAL-ARK-SURVEY-20260903-056,W,3,1,False
REAL-ARK-SURVEY-20260903-057,年,1,3,False
REAL-ARK-SURVEY-20260903-057,煌,2,2,False
REAL-ARK-SURVEY-20260903-057,玛恩纳,3,1,False
REAL-ARK-SURVEY-20260903-058,阿米娅,1,3,False
REAL-ARK-SURVEY-20260903-058,玛恩纳,2,2,False
REAL-ARK-SURVEY-20260903-058,维什戴尔,3,1,False
REAL-ARK-SURVEY-20260903-059,幽灵鲨,1,3,False
REAL-ARK-SURVEY-20260903-059,拉普兰德,2,2,False
REAL-ARK-SURVEY-20260903-059,阿米娅,3,1,False
REAL-ARK-SURVEY-20260903-060,维什戴尔,1,3,False
REAL-ARK-SURVEY-20260903-060,拉普兰德,2,2,False
REAL-ARK-SURVEY-20260903-060,煌,3,1,False
REAL-ARK-SURVEY-20260903-061,浊心斯卡蒂,1,3,False
REAL-ARK-SURVEY-20260903-061,夜莺,2,2,False
REAL-ARK-SURVEY-20260903-061,能天使,3,1,False
REAL-ARK-SURVEY-20260903-062,斯卡蒂,1,3,False
REAL-ARK-SURVEY-20260903-062,玛恩纳,2,2,False
REAL-ARK-SURVEY-20260903-062,年,3,1,False
REAL-ARK-SURVEY-20260903-063,温蒂,1,3,False
REAL-ARK-SURVEY-20260903-063,玛恩纳,2,2,False
REAL-ARK-SURVEY-20260903-063,伊芙利特,3,1,False
REAL-ARK-SURVEY-20260903-064,维什戴尔,1,3,False
REAL-ARK-SURVEY-20260903-064,塞雷娅,2,2,False
REAL-ARK-SURVEY-20260903-064,浊心斯卡蒂,3,1,False
REAL-ARK-SURVEY-20260903-065,幽灵鲨,1,3,False
REAL-ARK-SURVEY-20260903-065,年,2,2,False
REAL-ARK-SURVEY-20260903-065,史尔特尔,3,1,False
REAL-ARK-SURVEY-20260903-066,史尔特尔,1,3,False
REAL-ARK-SURVEY-20260903-066,缪尔赛思,2,2,False
REAL-ARK-SURVEY-20260903-066,令,3,1,False
REAL-ARK-SURVEY-20260903-067,泥岩,1,3,False
REAL-ARK-SURVEY-20260903-067,塞雷娅,2,2,False
REAL-ARK-SURVEY-20260903-067,霍尔海雅,3,1,False
REAL-ARK-SURVEY-20260903-068,史尔特尔,1,3,False
REAL-ARK-SURVEY-20260903-068,凯尔希,2,2,False
REAL-ARK-SURVEY-20260903-068,W,3,1,False
REAL-ARK-SURVEY-20260903-069,浊心斯卡蒂,1,3,False
REAL-ARK-SURVEY-20260903-069,阿米娅,2,2,False
REAL-ARK-SURVEY-20260903-069,拉普兰德,3,1,False
REAL-ARK-SURVEY-20260903-070,霍尔海雅,1,3,False
REAL-ARK-SURVEY-20260903-070,令,2,2,False
REAL-ARK-SURVEY-20260903-070,凯尔希,3,1,False
REAL-ARK-SURVEY-20260903-071,史尔特尔,1,3,False
REAL-ARK-SURVEY-20260903-071,能天使,2,2,False
REAL-ARK-SURVEY-20260903-071,逻各斯,3,1,False
REAL-ARK-SURVEY-20260903-072,塞雷娅,1,3,False
REAL-ARK-SURVEY-20260903-072,银灰,2,2,False
REAL-ARK-SURVEY-20260903-072,夜莺,3,1,False
REAL-ARK-SURVEY-20260903-073,艾雅法拉,1,3,False
REAL-ARK-SURVEY-20260903-073,陈,2,2,False
REAL-ARK-SURVEY-20260903-073,维什戴尔,3,1,False
REAL-ARK-SURVEY-20260903-074,凯尔希,1,3,False
REAL-ARK-SURVEY-20260903-074,煌,2,2,False
REAL-ARK-SURVEY-20260903-074,斯卡蒂,3,1,False
REAL-ARK-SURVEY-20260903-075,幽灵鲨,1,3,False
REAL-ARK-SURVEY-20260903-075,德克萨斯,2,2,False
REAL-ARK-SURVEY-20260903-075,陈,3,1,False
REAL-ARK-SURVEY-20260903-076,年,1,3,False
REAL-ARK-SURVEY-20260903-076,维什戴尔,2,2,False
REAL-ARK-SURVEY-20260903-076,黍,3,1,False
REAL-ARK-SURVEY-20260903-077,维什戴尔,1,3,False
REAL-ARK-SURVEY-20260903-077,煌,2,2,False
REAL-ARK-SURVEY-20260903-077,令,3,1,False
REAL-ARK-SURVEY-20260903-078,煌,1,3,False
REAL-ARK-SURVEY-20260903-078,黍,2,2,False
REAL-ARK-SURVEY-20260903-078,维什戴尔,3,1,False
REAL-ARK-SURVEY-20260903-079,塞雷娅,1,3,False
REAL-ARK-SURVEY-20260903-079,浊心斯卡蒂,2,2,False
REAL-ARK-SURVEY-20260903-079,霍尔海雅,3,1,False
REAL-ARK-SURVEY-20260903-080,浊心斯卡蒂,1,3,False
REAL-ARK-SURVEY-20260903-080,逻各斯,2,2,False
REAL-ARK-SURVEY-20260903-080,幽灵鲨,3,1,False
REAL-ARK-SURVEY-20260903-081,凯尔希,1,3,False
REAL-ARK-SURVEY-20260903-081,夜莺,2,2,False
REAL-ARK-SURVEY-20260903-081,陈,3,1,False
REAL-ARK-SURVEY-20260903-082,玛恩纳,1,3,False
REAL-ARK-SURVEY-20260903-082,W,2,2,False
REAL-ARK-SURVEY-20260903-082,拉普兰德,3,1,False
REAL-ARK-SURVEY-20260903-083,幽灵鲨,1,3,False
REAL-ARK-SURVEY-20260903-083,年,2,2,False
REAL-ARK-SURVEY-20260903-083,棘刺,3,1,False
REAL-ARK-SURVEY-20260903-084,棘刺,1,3,False
REAL-ARK-SURVEY-20260903-084,维什戴尔,2,2,False
REAL-ARK-SURVEY-20260903-084,阿米娅,3,1,False
REAL-ARK-SURVEY-20260903-085,浊心斯卡蒂,1,3,False
REAL-ARK-SURVEY-20260903-085,德克萨斯,2,2,False
REAL-ARK-SURVEY-20260903-085,史尔特尔,3,1,False
REAL-ARK-SURVEY-20260903-086,缪尔赛思,1,3,False
REAL-ARK-SURVEY-20260903-086,幽灵鲨,2,2,False
REAL-ARK-SURVEY-20260903-086,铃兰,3,1,False
REAL-ARK-SURVEY-20260903-087,玛恩纳,1,3,False
REAL-ARK-SURVEY-20260903-087,史尔特尔,2,2,False
REAL-ARK-SURVEY-20260903-087,伊芙利特,3,1,False
REAL-ARK-SURVEY-20260903-088,棘刺,1,3,False
REAL-ARK-SURVEY-20260903-088,玛恩纳,2,2,False
REAL-ARK-SURVEY-20260903-088,逻各斯,3,1,False
REAL-ARK-SURVEY-20260903-089,拉普兰德,1,3,False
REAL-ARK-SURVEY-20260903-089,逻各斯,2,2,False
REAL-ARK-SURVEY-20260903-089,德克萨斯,3,1,False
REAL-ARK-SURVEY-20260903-090,年,1,3,False
REAL-ARK-SURVEY-20260903-090,泥岩,2,2,False
REAL-ARK-SURVEY-20260903-090,玛恩纳,3,1,False
REAL-ARK-SURVEY-20260903-091,夜莺,1,3,False
REAL-ARK-SURVEY-20260903-091,W,2,2,False
REAL-ARK-SURVEY-20260903-091,艾雅法拉,3,1,False
REAL-ARK-SURVEY-20260903-092,德克萨斯,1,3,False
REAL-ARK-SURVEY-20260903-092,幽灵鲨,2,2,False
REAL-ARK-SURVEY-20260903-092,陈,3,1,False
REAL-ARK-SURVEY-20260903-093,艾雅法拉,1,3,False
REAL-ARK-SURVEY-20260903-093,锏,2,2,False
REAL-ARK-SURVEY-20260903-093,夕,3,1,False
REAL-ARK-SURVEY-20260903-094,斯卡蒂,1,3,False
REAL-ARK-SURVEY-20260903-094,幽灵鲨,2,2,False
REAL-ARK-SURVEY-20260903-094,阿米娅,3,1,False
REAL-ARK-SURVEY-20260903-095,史尔特尔,1,3,False
REAL-ARK-SURVEY-20260903-095,霍尔海雅,2,2,False
REAL-ARK-SURVEY-20260903-095,塞雷娅,3,1,False
REAL-ARK-SURVEY-20260903-096,维什戴尔,1,3,False
REAL-ARK-SURVEY-20260903-096,令,2,2,False
REAL-ARK-SURVEY-20260903-096,能天使,3,1,False
REAL-ARK-SURVEY-20260903-097,能天使,1,3,False
REAL-ARK-SURVEY-20260903-097,维什戴尔,2,2,False
REAL-ARK-SURVEY-20260903-097,幽灵鲨,3,1,False
REAL-ARK-SURVEY-20260903-098,艾雅法拉,1,3,False
REAL-ARK-SURVEY-20260903-098,浊心斯卡蒂,2,2,False
REAL-ARK-SURVEY-20260903-098,诗怀雅,3,1,False
REAL-ARK-SURVEY-20260903-099,艾雅法拉,1,3,False
REAL-ARK-SURVEY-20260903-099,塞雷娅,2,2,False
REAL-ARK-SURVEY-20260903-099,棘刺,3,1,False
REAL-ARK-SURVEY-20260903-100,德克萨斯,1,3,False
REAL-ARK-SURVEY-20260903-100,塞雷娅,2,2,False
REAL-ARK-SURVEY-20260903-100,铃兰,3,1,False
REAL-ARK-SURVEY-20260903-101,能天使,1,3,False
REAL-ARK-SURVEY-20260903-101,斯卡蒂,2,2,False
REAL-ARK-SURVEY-20260903-101,令,3,1,False
REAL-ARK-SURVEY-20260903-102,缪尔赛思,1,3,False
REAL-ARK-SURVEY-20260903-102,能天使,2,2,False
REAL-ARK-SURVEY-20260903-102,阿米娅,3,1,False
REAL-ARK-SURVEY-20260903-103,锏,1,3,False
REAL-ARK-SURVEY-20260903-103,塞雷娅,2,2,False
REAL-ARK-SURVEY-20260903-103,令,3,1,False
REAL-ARK-SURVEY-20260903-104,幽灵鲨,1,3,False
REAL-ARK-SURVEY-20260903-104,银灰,2,2,False
REAL-ARK-SURVEY-20260903-104,黍,3,1,False
REAL-ARK-SURVEY-20260903-105,W,1,3,False
REAL-ARK-SURVEY-20260903-105,凯尔希,2,2,False
REAL-ARK-SURVEY-20260903-105,温蒂,3,1,False
REAL-ARK-SURVEY-20260903-106,铃兰,1,3,False
REAL-ARK-SURVEY-20260903-106,逻各斯,2,2,False
REAL-ARK-SURVEY-20260903-106,能天使,3,1,False
REAL-ARK-SURVEY-20260903-107,陈,1,3,False
REAL-ARK-SURVEY-20260903-107,史尔特尔,2,2,False
REAL-ARK-SURVEY-20260903-107,黍,3,1,False
REAL-ARK-SURVEY-20260903-108,棘刺,1,3,False
REAL-ARK-SURVEY-20260903-108,逻各斯,2,2,False
REAL-ARK-SURVEY-20260903-108,锏,3,1,False
REAL-ARK-SURVEY-20260903-109,阿米娅,1,3,False
REAL-ARK-SURVEY-20260903-109,铃兰,2,2,False
REAL-ARK-SURVEY-20260903-109,温蒂,3,1,False
REAL-ARK-SURVEY-20260903-110,W,1,3,False
REAL-ARK-SURVEY-20260903-110,陈,2,2,False
REAL-ARK-SURVEY-20260903-110,凯尔希,3,1,False
REAL-ARK-SURVEY-20260903-111,维什戴尔,1,3,False
REAL-ARK-SURVEY-20260903-111,玛恩纳,2,2,False
REAL-ARK-SURVEY-20260903-111,拉普兰德,3,1,False
REAL-ARK-SURVEY-20260903-112,维什戴尔,1,3,False
REAL-ARK-SURVEY-20260903-112,拉普兰德,2,2,False
REAL-ARK-SURVEY-20260903-112,温蒂,3,1,False
REAL-ARK-SURVEY-20260903-113,史尔特尔,1,3,False
REAL-ARK-SURVEY-20260903-113,拉普兰德,2,2,False
REAL-ARK-SURVEY-20260903-113,德克萨斯,3,1,False
REAL-ARK-SURVEY-20260903-114,玛恩纳,1,3,False
REAL-ARK-SURVEY-20260903-114,阿米娅,2,2,False
REAL-ARK-SURVEY-20260903-114,W,3,1,False
REAL-ARK-SURVEY-20260903-115,玛恩纳,1,3,False
REAL-ARK-SURVEY-20260903-115,塞雷娅,2,2,False
REAL-ARK-SURVEY-20260903-115,阿米娅,3,1,False
REAL-ARK-SURVEY-20260903-116,德克萨斯,1,3,False
REAL-ARK-SURVEY-20260903-116,锏,2,2,False
REAL-ARK-SURVEY-20260903-116,W,3,1,False
REAL-ARK-SURVEY-20260903-117,德克萨斯,1,3,False
REAL-ARK-SURVEY-20260903-117,逻各斯,2,2,False
REAL-ARK-SURVEY-20260903-117,浊心斯卡蒂,3,1,False
REAL-ARK-SURVEY-20260903-118,幽灵鲨,1,3,False
REAL-ARK-SURVEY-20260903-118,维什戴尔,2,2,False
REAL-ARK-SURVEY-20260903-118,逻各斯,3,1,False
REAL-ARK-SURVEY-20260903-119,煌,1,3,False
REAL-ARK-SURVEY-20260903-119,艾雅法拉,2,2,False
REAL-ARK-SURVEY-20260903-119,铃兰,3,1,False
REAL-ARK-SURVEY-20260903-120,斯卡蒂,1,3,False
REAL-ARK-SURVEY-20260903-120,德克萨斯,2,2,False
REAL-ARK-SURVEY-20260903-120,令,3,1,False
REAL-ARK-SURVEY-20260903-121,斯卡蒂,1,3,False
REAL-ARK-SURVEY-20260903-121,W,2,2,False
REAL-ARK-SURVEY-20260903-121,令,3,1,False
REAL-ARK-SURVEY-20260903-122,史尔特尔,1,3,False
REAL-ARK-SURVEY-20260903-122,令,2,2,False
REAL-ARK-SURVEY-20260903-122,逻各斯,3,1,False
REAL-ARK-SURVEY-20260903-123,德克萨斯,1,3,False
REAL-ARK-SURVEY-20260903-123,令,2,2,False
REAL-ARK-SURVEY-20260903-123,W,3,1,False
REAL-ARK-SURVEY-20260903-124,维什戴尔,1,3,False
REAL-ARK-SURVEY-20260903-124,陈,2,2,False
REAL-ARK-SURVEY-20260903-124,凯尔希,3,1,False
REAL-ARK-SURVEY-20260903-125,令,1,3,False
REAL-ARK-SURVEY-20260903-125,玛恩纳,2,2,False
REAL-ARK-SURVEY-20260903-125,铃兰,3,1,False
REAL-ARK-SURVEY-20260903-126,缪尔赛思,1,3,False
REAL-ARK-SURVEY-20260903-126,逻各斯,2,2,False
REAL-ARK-SURVEY-20260903-126,诗怀雅,3,1,False
REAL-ARK-SURVEY-20260903-127,阿米娅,1,3,False
REAL-ARK-SURVEY-20260903-127,德克萨斯,2,2,False
REAL-ARK-SURVEY-20260903-127,伊芙利特,3,1,False
REAL-ARK-SURVEY-20260903-128,斯卡蒂,1,3,False
REAL-ARK-SURVEY-20260903-128,浊心斯卡蒂,2,2,False
REAL-ARK-SURVEY-20260903-128,逻各斯,3,1,False
REAL-ARK-SURVEY-20260903-129,塞雷娅,1,3,False
REAL-ARK-SURVEY-20260903-129,令,2,2,False
REAL-ARK-SURVEY-20260903-129,银灰,3,1,False
REAL-ARK-SURVEY-20260903-130,德克萨斯,1,3,False
REAL-ARK-SURVEY-20260903-130,陈,2,2,False
REAL-ARK-SURVEY-20260903-130,逻各斯,3,1,False
REAL-ARK-SURVEY-20260903-131,伊芙利特,1,3,False
REAL-ARK-SURVEY-20260903-131,维什戴尔,2,2,False
REAL-ARK-SURVEY-20260903-131,棘刺,3,1,False
REAL-ARK-SURVEY-20260903-132,逻各斯,1,3,False
REAL-ARK-SURVEY-20260903-132,能天使,2,2,False
REAL-ARK-SURVEY-20260903-132,拉普兰德,3,1,False
REAL-ARK-SURVEY-20260903-133,煌,1,3,False
REAL-ARK-SURVEY-20260903-133,W,2,2,False
REAL-ARK-SURVEY-20260903-133,维什戴尔,3,1,False
REAL-ARK-SURVEY-20260903-134,诗怀雅,1,3,False
REAL-ARK-SURVEY-20260903-134,塞雷娅,2,2,False
REAL-ARK-SURVEY-20260903-134,拉普兰德,3,1,False
REAL-ARK-SURVEY-20260903-135,逻各斯,1,3,False
REAL-ARK-SURVEY-20260903-135,温蒂,2,2,False
REAL-ARK-SURVEY-20260903-135,维什戴尔,3,1,False
REAL-ARK-SURVEY-20260903-136,黍,1,3,False
REAL-ARK-SURVEY-20260903-136,能天使,2,2,False
REAL-ARK-SURVEY-20260903-136,凯尔希,3,1,False
REAL-ARK-SURVEY-20260903-137,玛恩纳,1,3,False
REAL-ARK-SURVEY-20260903-137,浊心斯卡蒂,2,2,False
REAL-ARK-SURVEY-20260903-137,霍尔海雅,3,1,False
REAL-ARK-SURVEY-20260903-138,诗怀雅,1,3,False
REAL-ARK-SURVEY-20260903-138,凯尔希,2,2,False
REAL-ARK-SURVEY-20260903-138,锏,3,1,False
REAL-ARK-SURVEY-20260903-139,阿米娅,1,3,False
REAL-ARK-SURVEY-20260903-139,霍尔海雅,2,2,False
REAL-ARK-SURVEY-20260903-139,史尔特尔,3,1,False
REAL-ARK-SURVEY-20260903-140,阿米娅,1,3,False
REAL-ARK-SURVEY-20260903-140,逻各斯,2,2,False
REAL-ARK-SURVEY-20260903-140,斯卡蒂,3,1,False
REAL-ARK-SURVEY-20260903-141,陈,1,3,False
REAL-ARK-SURVEY-20260903-141,诗怀雅,2,2,False
REAL-ARK-SURVEY-20260903-141,黍,3,1,False
REAL-ARK-SURVEY-20260903-142,德克萨斯,1,3,False
REAL-ARK-SURVEY-20260903-142,温蒂,2,2,False
REAL-ARK-SURVEY-20260903-142,夕,3,1,False
REAL-ARK-SURVEY-20260903-143,阿米娅,1,3,False
REAL-ARK-SURVEY-20260903-143,温蒂,2,2,False
REAL-ARK-SURVEY-20260903-143,史尔特尔,3,1,False
REAL-ARK-SURVEY-20260903-144,棘刺,1,3,False
REAL-ARK-SURVEY-20260903-144,银灰,2,2,False
REAL-ARK-SURVEY-20260903-144,玛恩纳,3,1,False
REAL-ARK-SURVEY-20260903-145,逻各斯,1,3,False
REAL-ARK-SURVEY-20260903-145,黍,2,2,False
REAL-ARK-SURVEY-20260903-145,维什戴尔,3,1,False
REAL-ARK-SURVEY-20260903-146,温蒂,1,3,False
REAL-ARK-SURVEY-20260903-146,阿米娅,2,2,False
REAL-ARK-SURVEY-20260903-146,玛恩纳,3,1,False
REAL-ARK-SURVEY-20260903-147,温蒂,1,3,False
REAL-ARK-SURVEY-20260903-147,黍,2,2,False
REAL-ARK-SURVEY-20260903-147,伊芙利特,3,1,False
REAL-ARK-SURVEY-20260903-148,阿米娅,1,3,False
REAL-ARK-SURVEY-20260903-148,维什戴尔,2,2,False
REAL-ARK-SURVEY-20260903-148,W,3,1,False
REAL-ARK-SURVEY-20260903-149,霍尔海雅,1,3,False
REAL-ARK-SURVEY-20260903-149,泥岩,2,2,False
REAL-ARK-SURVEY-20260903-149,煌,3,1,False
REAL-ARK-SURVEY-20260903-150,诗怀雅,1,3,False
REAL-ARK-SURVEY-20260903-150,夜莺,2,2,False
REAL-ARK-SURVEY-20260903-150,塞雷娅,3,1,False
REAL-ARK-SURVEY-20260903-151,泥岩,1,3,False
REAL-ARK-SURVEY-20260903-151,凯尔希,2,2,False
REAL-ARK-SURVEY-20260903-151,史尔特尔,3,1,False
REAL-ARK-SURVEY-20260903-152,温蒂,1,3,False
REAL-ARK-SURVEY-20260903-152,维什戴尔,2,2,False
REAL-ARK-SURVEY-20260903-152,塞雷娅,3,1,False
REAL-ARK-SURVEY-20260903-153,幽灵鲨,1,3,False
REAL-ARK-SURVEY-20260903-153,维什戴尔,2,2,False
REAL-ARK-SURVEY-20260903-153,斯卡蒂,3,1,False
REAL-ARK-SURVEY-20260903-154,史尔特尔,1,3,False
REAL-ARK-SURVEY-20260903-154,德克萨斯,2,2,False
REAL-ARK-SURVEY-20260903-154,锏,3,1,False
REAL-ARK-SURVEY-20260903-155,德克萨斯,1,3,False
REAL-ARK-SURVEY-20260903-155,泥岩,2,2,False
REAL-ARK-SURVEY-20260903-155,能天使,3,1,False
REAL-ARK-SURVEY-20260903-156,浊心斯卡蒂,1,3,False
REAL-ARK-SURVEY-20260903-156,能天使,2,2,False
REAL-ARK-SURVEY-20260903-156,斯卡蒂,3,1,False
REAL-ARK-SURVEY-20260903-157,锏,1,3,False
REAL-ARK-SURVEY-20260903-157,凯尔希,2,2,False
REAL-ARK-SURVEY-20260903-157,逻各斯,3,1,False
REAL-ARK-SURVEY-20260903-158,银灰,1,3,False
REAL-ARK-SURVEY-20260903-158,阿米娅,2,2,False
REAL-ARK-SURVEY-20260903-158,煌,3,1,False
REAL-ARK-SURVEY-20260903-159,泥岩,1,3,False
REAL-ARK-SURVEY-20260903-159,拉普兰德,2,2,False
REAL-ARK-SURVEY-20260903-159,斯卡蒂,3,1,False
REAL-ARK-SURVEY-20260903-160,维什戴尔,1,3,False
REAL-ARK-SURVEY-20260903-160,泥岩,2,2,False
REAL-ARK-SURVEY-20260903-160,拉普兰德,3,1,False
REAL-ARK-SURVEY-20260903-161,泥岩,1,3,False
REAL-ARK-SURVEY-20260903-161,夕,2,2,False
REAL-ARK-SURVEY-20260903-161,凯尔希,3,1,False
REAL-ARK-SURVEY-20260903-162,浊心斯卡蒂,1,3,False
REAL-ARK-SURVEY-20260903-162,拉普兰德,2,2,False
REAL-ARK-SURVEY-20260903-162,泥岩,3,1,False
REAL-ARK-SURVEY-20260903-163,维什戴尔,1,3,False
REAL-ARK-SURVEY-20260903-163,夜莺,2,2,False
REAL-ARK-SURVEY-20260903-163,温蒂,3,1,False
REAL-ARK-SURVEY-20260903-164,温蒂,1,3,False
REAL-ARK-SURVEY-20260903-164,德克萨斯,2,2,False
REAL-ARK-SURVEY-20260903-164,陈,3,1,False
REAL-ARK-SURVEY-20260903-165,玛恩纳,1,3,False
REAL-ARK-SURVEY-20260903-165,能天使,2,2,False
REAL-ARK-SURVEY-20260903-165,史尔特尔,3,1,False
REAL-ARK-SURVEY-20260903-166,塞雷娅,1,3,False
REAL-ARK-SURVEY-20260903-166,维什戴尔,2,2,False
REAL-ARK-SURVEY-20260903-166,煌,3,1,False
REAL-ARK-SURVEY-20260903-167,浊心斯卡蒂,1,3,False
REAL-ARK-SURVEY-20260903-167,阿米娅,2,2,False
REAL-ARK-SURVEY-20260903-167,逻各斯,3,1,False
REAL-ARK-SURVEY-20260903-168,德克萨斯,1,3,False
REAL-ARK-SURVEY-20260903-168,W,2,2,False
REAL-ARK-SURVEY-20260903-168,缪尔赛思,3,1,False
REAL-ARK-SURVEY-20260903-169,温蒂,1,3,False
REAL-ARK-SURVEY-20260903-169,能天使,2,2,False
REAL-ARK-SURVEY-20260903-169,银灰,3,1,False
REAL-ARK-SURVEY-20260903-170,史尔特尔,1,3,False
REAL-ARK-SURVEY-20260903-170,艾雅法拉,2,2,False
REAL-ARK-SURVEY-20260903-170,W,3,1,False
REAL-ARK-SURVEY-20260903-171,夕,1,3,False
REAL-ARK-SURVEY-20260903-171,煌,2,2,False
REAL-ARK-SURVEY-20260903-171,斯卡蒂,3,1,False
REAL-ARK-SURVEY-20260903-172,缪尔赛思,1,3,False
REAL-ARK-SURVEY-20260903-172,阿米娅,2,2,False
REAL-ARK-SURVEY-20260903-172,能天使,3,1,False
REAL-ARK-SURVEY-20260903-173,玛恩纳,1,3,False
REAL-ARK-SURVEY-20260903-173,铃兰,2,2,False
REAL-ARK-SURVEY-20260903-173,浊心斯卡蒂,3,1,False
REAL-ARK-SURVEY-20260903-174,令,1,3,False
REAL-ARK-SURVEY-20260903-174,锏,2,2,False
REAL-ARK-SURVEY-20260903-174,能天使,3,1,False
REAL-ARK-SURVEY-20260903-175,W,1,3,False
REAL-ARK-SURVEY-20260903-175,浊心斯卡蒂,2,2,False
REAL-ARK-SURVEY-20260903-175,史尔特尔,3,1,False
REAL-ARK-SURVEY-20260903-176,黍,1,3,False
REAL-ARK-SURVEY-20260903-176,塞雷娅,2,2,False
REAL-ARK-SURVEY-20260903-176,德克萨斯,3,1,False
REAL-ARK-SURVEY-20260903-177,斯卡蒂,1,3,False
REAL-ARK-SURVEY-20260903-177,德克萨斯,2,2,False
REAL-ARK-SURVEY-20260903-177,塞雷娅,3,1,False
REAL-ARK-SURVEY-20260903-178,德克萨斯,1,3,False
REAL-ARK-SURVEY-20260903-178,逻各斯,2,2,False
REAL-ARK-SURVEY-20260903-178,维什戴尔,3,1,False
REAL-ARK-SURVEY-20260903-179,维什戴尔,1,3,False
REAL-ARK-SURVEY-20260903-179,锏,2,2,False
REAL-ARK-SURVEY-20260903-179,霍尔海雅,3,1,False
REAL-ARK-SURVEY-20260903-180,W,1,3,False
REAL-ARK-SURVEY-20260903-180,令,2,2,False
REAL-ARK-SURVEY-20260903-180,黍,3,1,False
REAL-ARK-SURVEY-20260903-181,斯卡蒂,1,3,False
REAL-ARK-SURVEY-20260903-181,史尔特尔,2,2,False
REAL-ARK-SURVEY-20260903-181,铃兰,3,1,False
REAL-ARK-SURVEY-20260903-182,W,1,3,False
REAL-ARK-SURVEY-20260903-182,温蒂,2,2,False
REAL-ARK-SURVEY-20260903-182,能天使,3,1,False
REAL-ARK-SURVEY-20260903-183,阿米娅,1,3,False
REAL-ARK-SURVEY-20260903-183,银灰,2,2,False
REAL-ARK-SURVEY-20260903-183,能天使,3,1,False
REAL-ARK-SURVEY-20260903-184,能天使,1,3,False
REAL-ARK-SURVEY-20260903-184,幽灵鲨,2,2,False
REAL-ARK-SURVEY-20260903-184,泥岩,3,1,False
REAL-ARK-SURVEY-20260903-185,令,1,3,False
REAL-ARK-SURVEY-20260903-185,煌,2,2,False
REAL-ARK-SURVEY-20260903-185,能天使,3,1,False
REAL-ARK-SURVEY-20260903-186,夕,1,3,False
REAL-ARK-SURVEY-20260903-186,泥岩,2,2,False
REAL-ARK-SURVEY-20260903-186,史尔特尔,3,1,False
REAL-ARK-SURVEY-20260903-187,黍,1,3,False
REAL-ARK-SURVEY-20260903-187,逻各斯,2,2,False
REAL-ARK-SURVEY-20260903-187,温蒂,3,1,False
REAL-ARK-SURVEY-20260903-188,浊心斯卡蒂,1,3,False
REAL-ARK-SURVEY-20260903-188,凯尔希,2,2,False
REAL-ARK-SURVEY-20260903-188,德克萨斯,3,1,False
REAL-ARK-SURVEY-20260903-189,令,1,3,False
REAL-ARK-SURVEY-20260903-189,棘刺,2,2,False
REAL-ARK-SURVEY-20260903-189,拉普兰德,3,1,False
REAL-ARK-SURVEY-20260903-190,伊芙利特,1,3,False
REAL-ARK-SURVEY-20260903-190,玛恩纳,2,2,False
REAL-ARK-SURVEY-20260903-190,棘刺,3,1,False
REAL-ARK-SURVEY-20260903-191,棘刺,1,3,False
REAL-ARK-SURVEY-20260903-191,德克萨斯,2,2,False
REAL-ARK-SURVEY-20260903-191,令,3,1,False
REAL-ARK-SURVEY-20260903-192,幽灵鲨,1,3,False
REAL-ARK-SURVEY-20260903-192,史尔特尔,2,2,False
REAL-ARK-SURVEY-20260903-192,银灰,3,1,False
REAL-ARK-SURVEY-20260903-193,令,1,3,False
REAL-ARK-SURVEY-20260903-193,拉普兰德,2,2,False
REAL-ARK-SURVEY-20260903-193,夜莺,3,1,False
REAL-ARK-SURVEY-20260903-194,令,1,3,False
REAL-ARK-SURVEY-20260903-194,棘刺,2,2,False
REAL-ARK-SURVEY-20260903-194,拉普兰德,3,1,False
REAL-ARK-SURVEY-20260903-195,凯尔希,1,3,False
REAL-ARK-SURVEY-20260903-195,夕,2,2,False
REAL-ARK-SURVEY-20260903-195,令,3,1,False
REAL-ARK-SURVEY-20260903-196,令,1,3,False
REAL-ARK-SURVEY-20260903-196,史尔特尔,2,2,False
REAL-ARK-SURVEY-20260903-196,W,3,1,False
REAL-ARK-SURVEY-20260903-197,银灰,1,3,False
REAL-ARK-SURVEY-20260903-197,玛恩纳,2,2,False
REAL-ARK-SURVEY-20260903-197,幽灵鲨,3,1,False
REAL-ARK-SURVEY-20260903-198,拉普兰德,1,3,False
REAL-ARK-SURVEY-20260903-198,德克萨斯,2,2,False
REAL-ARK-SURVEY-20260903-198,凯尔希,3,1,False
REAL-ARK-SURVEY-20260903-199,铃兰,1,3,False
REAL-ARK-SURVEY-20260903-199,年,2,2,False
REAL-ARK-SURVEY-20260903-199,史尔特尔,3,1,False
REAL-ARK-SURVEY-20260903-200,浊心斯卡蒂,1,3,False
REAL-ARK-SURVEY-20260903-200,史尔特尔,2,2,False
REAL-ARK-SURVEY-20260903-200,缪尔赛思,3,1,False
REAL-ARK-SURVEY-20260903-201,棘刺,1,3,False
REAL-ARK-SURVEY-20260903-201,能天使,2,2,False
REAL-ARK-SURVEY-20260903-201,德克萨斯,3,1,False
REAL-ARK-SURVEY-20260903-202,年,1,3,False
REAL-ARK-SURVEY-20260903-202,德克萨斯,2,2,False
REAL-ARK-SURVEY-20260903-202,缪尔赛思,3,1,False
REAL-ARK-SURVEY-20260903-203,阿米娅,1,3,False
REAL-ARK-SURVEY-20260903-203,幽灵鲨,2,2,False
REAL-ARK-SURVEY-20260903-203,能天使,3,1,False
REAL-ARK-SURVEY-20260903-204,史尔特尔,1,3,False
REAL-ARK-SURVEY-20260903-204,玛恩纳,2,2,False
REAL-ARK-SURVEY-20260903-204,阿米娅,3,1,False
REAL-ARK-SURVEY-20260903-205,德克萨斯,1,3,False
REAL-ARK-SURVEY-20260903-205,夕,2,2,False
REAL-ARK-SURVEY-20260903-205,维什戴尔,3,1,False
REAL-ARK-SURVEY-20260903-206,银灰,1,3,False
REAL-ARK-SURVEY-20260903-206,泥岩,2,2,False
REAL-ARK-SURVEY-20260903-206,煌,3,1,False
REAL-ARK-SURVEY-20260903-207,泥岩,1,3,False
REAL-ARK-SURVEY-20260903-207,诗怀雅,2,2,False
REAL-ARK-SURVEY-20260903-207,陈,3,1,False
REAL-ARK-SURVEY-20260903-208,能天使,1,3,False
REAL-ARK-SURVEY-20260903-208,泥岩,2,2,False
REAL-ARK-SURVEY-20260903-208,艾雅法拉,3,1,False
REAL-ARK-SURVEY-20260903-209,锏,1,3,False
REAL-ARK-SURVEY-20260903-209,凯尔希,2,2,False
REAL-ARK-SURVEY-20260903-209,煌,3,1,False
REAL-ARK-SURVEY-20260903-210,玛恩纳,1,3,False
REAL-ARK-SURVEY-20260903-210,泥岩,2,2,False
REAL-ARK-SURVEY-20260903-210,能天使,3,1,False
REAL-ARK-SURVEY-20260903-211,史尔特尔,1,3,False
REAL-ARK-SURVEY-20260903-211,泥岩,2,2,False
REAL-ARK-SURVEY-20260903-211,拉普兰德,3,1,False
REAL-ARK-SURVEY-20260903-212,伊芙利特,1,3,False
REAL-ARK-SURVEY-20260903-212,煌,2,2,False
REAL-ARK-SURVEY-20260903-212,凯尔希,3,1,False
REAL-ARK-SURVEY-20260903-213,令,1,3,False
REAL-ARK-SURVEY-20260903-213,德克萨斯,2,2,False
REAL-ARK-SURVEY-20260903-213,银灰,3,1,False
REAL-ARK-SURVEY-20260903-214,夜莺,1,3,False
REAL-ARK-SURVEY-20260903-214,煌,2,2,False
REAL-ARK-SURVEY-20260903-214,黍,3,1,False
REAL-ARK-SURVEY-20260903-215,陈,1,3,False
REAL-ARK-SURVEY-20260903-215,阿米娅,2,2,False
REAL-ARK-SURVEY-20260903-215,玛恩纳,3,1,False
REAL-ARK-SURVEY-20260903-216,幽灵鲨,1,3,False
REAL-ARK-SURVEY-20260903-216,德克萨斯,2,2,False
REAL-ARK-SURVEY-20260903-216,夕,3,1,False
REAL-ARK-SURVEY-20260903-217,能天使,1,3,False
REAL-ARK-SURVEY-20260903-217,塞雷娅,2,2,False
REAL-ARK-SURVEY-20260903-217,霍尔海雅,3,1,False
REAL-ARK-SURVEY-20260903-218,W,1,3,False
REAL-ARK-SURVEY-20260903-218,史尔特尔,2,2,False
REAL-ARK-SURVEY-20260903-218,德克萨斯,3,1,False
REAL-ARK-SURVEY-20260903-219,拉普兰德,1,3,False
REAL-ARK-SURVEY-20260903-219,令,2,2,False
REAL-ARK-SURVEY-20260903-219,伊芙利特,3,1,False
REAL-ARK-SURVEY-20260903-220,史尔特尔,1,3,False
REAL-ARK-SURVEY-20260903-220,W,2,2,False
REAL-ARK-SURVEY-20260903-220,缪尔赛思,3,1,False
REAL-ARK-SURVEY-20260903-221,史尔特尔,1,3,False
REAL-ARK-SURVEY-20260903-221,浊心斯卡蒂,2,2,False
REAL-ARK-SURVEY-20260903-221,维什戴尔,3,1,False
REAL-ARK-SURVEY-20260903-222,拉普兰德,1,3,False
REAL-ARK-SURVEY-20260903-222,艾雅法拉,2,2,False
REAL-ARK-SURVEY-20260903-222,夕,3,1,False
REAL-ARK-SURVEY-20260903-223,幽灵鲨,1,3,False
REAL-ARK-SURVEY-20260903-223,维什戴尔,2,2,False
REAL-ARK-SURVEY-20260903-223,陈,3,1,False
REAL-ARK-SURVEY-20260903-224,陈,1,3,False
REAL-ARK-SURVEY-20260903-224,锏,2,2,False
REAL-ARK-SURVEY-20260903-224,德克萨斯,3,1,False
REAL-ARK-SURVEY-20260903-225,斯卡蒂,1,3,False
REAL-ARK-SURVEY-20260903-225,塞雷娅,2,2,False
REAL-ARK-SURVEY-20260903-225,棘刺,3,1,False
REAL-ARK-SURVEY-20260903-226,德克萨斯,1,3,False
REAL-ARK-SURVEY-20260903-226,霍尔海雅,2,2,False
REAL-ARK-SURVEY-20260903-226,玛恩纳,3,1,False
REAL-ARK-SURVEY-20260903-227,令,1,3,False
REAL-ARK-SURVEY-20260903-227,维什戴尔,2,2,False
REAL-ARK-SURVEY-20260903-227,缪尔赛思,3,1,False
REAL-ARK-SURVEY-20260903-228,幽灵鲨,1,3,False
REAL-ARK-SURVEY-20260903-228,泥岩,2,2,False
REAL-ARK-SURVEY-20260903-228,逻各斯,3,1,False
REAL-ARK-SURVEY-20260903-229,铃兰,1,3,False
REAL-ARK-SURVEY-20260903-229,艾雅法拉,2,2,False
REAL-ARK-SURVEY-20260903-229,拉普兰德,3,1,False
REAL-ARK-SURVEY-20260903-230,年,1,3,False
REAL-ARK-SURVEY-20260903-230,维什戴尔,2,2,False
REAL-ARK-SURVEY-20260903-230,能天使,3,1,False
REAL-ARK-SURVEY-20260903-231,维什戴尔,1,3,False
REAL-ARK-SURVEY-20260903-231,陈,2,2,False
REAL-ARK-SURVEY-20260903-231,温蒂,3,1,False
REAL-ARK-SURVEY-20260903-232,令,1,3,False
REAL-ARK-SURVEY-20260903-232,维什戴尔,2,2,False
REAL-ARK-SURVEY-20260903-232,伊芙利特,3,1,False
REAL-ARK-SURVEY-20260903-233,令,1,3,False
REAL-ARK-SURVEY-20260903-233,煌,2,2,False
REAL-ARK-SURVEY-20260903-233,浊心斯卡蒂,3,1,False
REAL-ARK-SURVEY-20260903-234,史尔特尔,1,3,False
REAL-ARK-SURVEY-20260903-234,德克萨斯,2,2,False
REAL-ARK-SURVEY-20260903-234,银灰,3,1,False
REAL-ARK-SURVEY-20260903-235,夕,1,3,False
REAL-ARK-SURVEY-20260903-235,逻各斯,2,2,False
REAL-ARK-SURVEY-20260903-235,霍尔海雅,3,1,False
REAL-ARK-SURVEY-20260903-236,银灰,1,3,False
REAL-ARK-SURVEY-20260903-236,伊芙利特,2,2,False
REAL-ARK-SURVEY-20260903-236,塞雷娅,3,1,False
REAL-ARK-SURVEY-20260903-237,德克萨斯,1,3,False
REAL-ARK-SURVEY-20260903-237,幽灵鲨,2,2,False
REAL-ARK-SURVEY-20260903-237,浊心斯卡蒂,3,1,False
REAL-ARK-SURVEY-20260903-238,铃兰,1,3,False
REAL-ARK-SURVEY-20260903-238,银灰,2,2,False
REAL-ARK-SURVEY-20260903-238,艾雅法拉,3,1,False
REAL-ARK-SURVEY-20260903-239,年,1,3,False
REAL-ARK-SURVEY-20260903-239,泥岩,2,2,False
REAL-ARK-SURVEY-20260903-239,斯卡蒂,3,1,False
REAL-ARK-SURVEY-20260903-240,缪尔赛思,1,3,False
REAL-ARK-SURVEY-20260903-240,W,2,2,False
REAL-ARK-SURVEY-20260903-240,浊心斯卡蒂,3,1,False
REAL-ARK-SURVEY-20260903-241,W,1,3,False
REAL-ARK-SURVEY-20260903-241,浊心斯卡蒂,2,2,False
REAL-ARK-SURVEY-20260903-241,阿米娅,3,1,False
REAL-ARK-SURVEY-20260903-242,斯卡蒂,1,3,False
REAL-ARK-SURVEY-20260903-242,凯尔希,2,2,False
REAL-ARK-SURVEY-20260903-242,拉普兰德,3,1,False
REAL-ARK-SURVEY-20260903-243,塞雷娅,1,3,False
REAL-ARK-SURVEY-20260903-243,斯卡蒂,2,2,False
REAL-ARK-SURVEY-20260903-243,德克萨斯,3,1,False
