response_id,respondent_id,submitted_at,consent,response_source,completion_seconds,questionnaire_version,merch_scope,randomization_group,age_band,region_tier,activity_days_30d,player_tenure_months,monthly_merch_budget,has_purchased_merch,annual_merch_spend,purchase_frequency_12m,fandom_identity,preferred_operator_1,preferred_operator_2,preferred_operator_3,operator,category,purchase_intent,acceptable_price,channel,limited_preference,purchase_motivation,purchase_barrier,authenticity_importance,design_importance,practicality_importance,preorder_tolerance_days,price_too_cheap,price_good_value,price_expensive,price_too_expensive,concept_appeal,concept_uniqueness,product_improvement,open_feedback,is_simulated,data_type,simulation_seed,is_real_survey_response,user_segment
SYN-0001,SYN-U-0001,2026-09-03 01:10:00+00:00,True,simulated_bilibili,283,v2.2-synthetic,official_or_licensed_only,B,18～22岁,一线,22,45,110,True,770,9,大学生玩家,重岳,纯烬艾雅法拉,凛御银灰,重岳,亚克力制品,4,59,线下展会或快闪店,5,收藏完整度|喜爱角色,设计不符合预期|运费偏高|发货进度不透明,4,5,3,50,34,54,78,110,3,3,,可以先做小批量预售，并及时同步生产和发货进度。,True,synthetic_persona,20260903,False,core_buyer
SYN-0002,SYN-U-0002,2026-09-03 01:15:00+00:00,True,simulated_player_community,278,v2.2-synthetic,official_or_licensed_only,B,18～22岁,新一线,15,45,50,False,0,0,大学生玩家,赤刃明霄陈,凛御银灰,望,赤刃明霄陈,亚克力制品,2,40,官方商城,4,支持IP或创作者|喜爱角色,价格偏高|售后不便|预售周期过长,4,4,4,44,21,36,53,81,3,4,希望角色立绘还原准确，材质和尺寸说明写清楚。,更愿意购买有实用性的联名商品，不希望只换图重复销售。,True,synthetic_persona,20260903,False,observer
SYN-0003,SYN-U-0003,2026-09-03 01:26:00+00:00,True,simulated_bilibili,276,v2.2-synthetic,official_or_licensed_only,A,23～26岁,三线及以下,9,35,50,False,0,0,青年玩家,予愿安洁莉娜,佩佩,怒潮凛冬,予愿安洁莉娜,吧唧（徽章）,4,20,官方商城,4,喜爱角色|社交展示或社区认同,运费偏高|品质或材质不确定|设计不符合预期,4,5,4,20,9,16,25,33,3,4,更愿意购买有实用性的联名商品，不希望只换图重复销售。,更愿意购买有实用性的联名商品，不希望只换图重复销售。,True,synthetic_persona,20260903,False,potential_buyer
SYN-0004,SYN-U-0004,2026-09-03 01:32:00+00:00,True,simulated_player_community,378,v2.2-synthetic,official_or_licensed_only,B,18～22岁,二线,8,23,100,False,0,0,大学生玩家,死芒,予愿安洁莉娜,荒芜拉普兰德,死芒,亚克力制品,2,45,淘宝,3,限定或联名属性|喜爱角色|视觉设计或立绘表现,发货进度不透明|商品缺乏实用性|预售周期过长,4,4,4,23,25,37,55,81,4,3,更愿意购买有实用性的联名商品，不希望只换图重复销售。,希望官方增加实物细节图，并说明售后和补款规则。,True,synthetic_persona,20260903,False,observer
SYN-0005,SYN-U-0005,2026-09-03 01:35:00+00:00,True,simulated_bilibili,339,v2.2-synthetic,official_or_licensed_only,A,18～22岁,新一线,11,58,50,True,610,6,大学生玩家,佩佩,缄默德克萨斯,赤刃明霄陈,佩佩,亚克力制品,4,57,官方商城,4,视觉设计或立绘表现|收藏完整度|喜爱角色,商品缺乏实用性|设计不符合预期,5,5,3,38,28,49,72,94,4,4,更愿意购买有实用性的联名商品，不希望只换图重复销售。,更愿意购买有实用性的联名商品，不希望只换图重复销售。,True,synthetic_persona,20260903,False,core_buyer
SYN-0006,SYN-U-0006,2026-09-03 01:44:00+00:00,True,simulated_player_community,179,v2.2-synthetic,official_or_licensed_only,B,18～22岁,新一线,22,36,170,True,800,6,大学生玩家,荒芜拉普兰德,贝洛内,娜斯提,荒芜拉普兰德,毛绒玩偶,3,144,淘宝,4,价格与性价比|限定或联名属性|喜爱角色,设计不符合预期|价格偏高,4,4,4,94,66,123,182,229,2,3,更愿意购买有实用性的联名商品，不希望只换图重复销售。,价格合理的情况下，希望同系列角色能够持续补全。,True,synthetic_persona,20260903,False,core_buyer
SYN-0007,SYN-U-0007,2026-09-03 01:50:00+00:00,True,simulated_weibo,169,v2.2-synthetic,official_or_licensed_only,A,18～22岁,新一线,23,3,70,True,190,4,大学生玩家,缪尔赛思,结城理,凛御银灰,缪尔赛思,吧唧（徽章）,3,23,淘宝,5,支持IP或创作者|视觉设计或立绘表现,商品缺乏实用性|品质或材质不确定,4,4,4,31,11,18,30,44,2,4,希望官方增加实物细节图，并说明售后和补款规则。,希望角色立绘还原准确，材质和尺寸说明写清楚。,True,synthetic_persona,20260903,False,core_buyer
SYN-0008,SYN-U-0008,2026-09-03 01:59:00+00:00,True,simulated_bilibili,331,v2.2-synthetic,official_or_licensed_only,A,18～22岁,新一线,19,28,100,True,390,4,大学生玩家,Mon3tr,真言,焰狐龙梓兰,Mon3tr,吧唧（徽章）,3,20,B站会员购,3,收藏完整度|喜爱角色|支持IP或创作者,预售周期过长|发货进度不透明|品质或材质不确定,4,4,3,30,8,15,22,33,3,4,可以先做小批量预售，并及时同步生产和发货进度。,,True,synthetic_persona,20260903,False,core_buyer
SYN-0009,SYN-U-0009,2026-09-03 02:04:00+00:00,True,simulated_player_community,417,v2.2-synthetic,official_or_licensed_only,B,18～22岁,新一线,28,76,50,False,0,0,大学生玩家,佩佩,望,塑心,佩佩,手办模玩,3,384,其他,3,喜爱角色|支持IP或创作者|视觉设计或立绘表现,设计不符合预期|发货进度不透明|价格偏高,4,5,3,90,160,342,479,679,3,2,,可以先做小批量预售，并及时同步生产和发货进度。,True,synthetic_persona,20260903,False,observer
SYN-0010,SYN-U-0010,2026-09-03 02:10:00+00:00,True,simulated_player_community,369,v2.2-synthetic,official_or_licensed_only,A,23～26岁,二线,26,88,290,True,1520,5,青年玩家,真言,缪尔赛思,斩业星熊,真言,亚克力制品,3,56,B站会员购,4,支持IP或创作者|收藏完整度,设计不符合预期|价格偏高,5,5,4,42,26,48,71,96,3,4,价格合理的情况下，希望同系列角色能够持续补全。,希望角色立绘还原准确，材质和尺寸说明写清楚。,True,synthetic_persona,20260903,False,core_buyer
SYN-0011,SYN-U-0011,2026-09-03 02:17:00+00:00,True,simulated_bilibili,293,v2.2-synthetic,official_or_licensed_only,A,23～26岁,二线,18,38,80,True,300,7,青年玩家,赤刃明霄陈,Mon3tr,怒潮凛冬,赤刃明霄陈,毛绒玩偶,3,92,官方商城,4,喜爱角色|收藏完整度,已有同类商品过多|发货进度不透明|价格偏高,5,4,3,80,42,80,123,185,4,3,,希望角色立绘还原准确，材质和尺寸说明写清楚。,True,synthetic_persona,20260903,False,core_buyer
SYN-0012,SYN-U-0012,2026-09-03 02:27:00+00:00,True,simulated_weibo,302,v2.2-synthetic,official_or_licensed_only,B,18～22岁,一线,14,71,70,True,120,3,大学生玩家,焰狐龙梓兰,结城理,黍,焰狐龙梓兰,通行证,3,51,官方商城,4,视觉设计或立绘表现|限定或联名属性|实用功能,价格偏高|发货进度不透明,4,4,3,44,23,46,57,84,3,4,,希望角色立绘还原准确，材质和尺寸说明写清楚。,True,synthetic_persona,20260903,False,occasional_buyer
SYN-0013,SYN-U-0013,2026-09-03 02:35:00+00:00,True,simulated_weibo,350,v2.2-synthetic,official_or_licensed_only,B,18～22岁,新一线,17,3,50,True,230,5,大学生玩家,贝洛内,凛御银灰,归溟幽灵鲨,贝洛内,吧唧（徽章）,3,24,淘宝,4,实用功能|限定或联名属性,预售周期过长|价格偏高|商品缺乏实用性,4,4,4,33,13,20,30,45,4,5,希望官方增加实物细节图，并说明售后和补款规则。,,True,synthetic_persona,20260903,False,core_buyer
SYN-0014,SYN-U-0014,2026-09-03 02:41:00+00:00,True,simulated_weibo,226,v2.2-synthetic,official_or_licensed_only,B,18～22岁,三线及以下,13,26,70,True,590,5,大学生玩家,纯烬艾雅法拉,怒潮凛冬,塑心,纯烬艾雅法拉,亚克力制品,5,69,品牌直播间,5,社交展示或社区认同|视觉设计或立绘表现|喜爱角色,设计不符合预期|价格偏高,4,4,2,52,38,57,84,106,5,4,更愿意购买有实用性的联名商品，不希望只换图重复销售。,更愿意购买有实用性的联名商品，不希望只换图重复销售。,True,synthetic_persona,20260903,False,core_buyer
SYN-0015,SYN-U-0015,2026-09-03 02:46:00+00:00,True,simulated_weibo,480,v2.2-synthetic,official_or_licensed_only,A,18～22岁,三线及以下,13,46,100,True,250,7,大学生玩家,谬因,新约能天使,黍,谬因,日用生活,5,115,官方商城,4,社交展示或社区认同|视觉设计或立绘表现,发货进度不透明|品质或材质不确定|已有同类商品过多,4,5,2,87,60,93,131,166,5,4,价格合理的情况下，希望同系列角色能够持续补全。,价格合理的情况下，希望同系列角色能够持续补全。,True,synthetic_persona,20260903,False,core_buyer
SYN-0016,SYN-U-0016,2026-09-03 02:54:00+00:00,True,simulated_weibo,362,v2.2-synthetic,official_or_licensed_only,A,18～22岁,二线,26,40,90,True,420,4,大学生玩家,黍,荒芜拉普兰德,赤刃明霄陈,黍,亚克力制品,4,57,官方商城,4,收藏完整度|限定或联名属性,已有同类商品过多|预售周期过长|价格偏高,5,5,3,61,27,47,68,103,4,4,希望官方增加实物细节图，并说明售后和补款规则。,更愿意购买有实用性的联名商品，不希望只换图重复销售。,True,synthetic_persona,20260903,False,core_buyer
SYN-0017,SYN-U-0017,2026-09-03 03:04:00+00:00,True,simulated_bilibili,233,v2.2-synthetic,official_or_licensed_only,A,18～22岁,新一线,28,53,50,True,190,8,大学生玩家,予愿安洁莉娜,荒芜拉普兰德,谬因,予愿安洁莉娜,毛绒玩偶,4,70,淘宝,4,限定或联名属性|喜爱角色,发货进度不透明|商品缺乏实用性,4,5,3,109,33,62,92,128,3,4,,,True,synthetic_persona,20260903,False,core_buyer
SYN-0018,SYN-U-0018,2026-09-03 03:11:00+00:00,True,simulated_bilibili,353,v2.2-synthetic,official_or_licensed_only,A,18～22岁,三线及以下,28,21,90,True,790,7,大学生玩家,缄默德克萨斯,维娜·维多利亚,赤刃明霄陈,缄默德克萨斯,亚克力制品,5,73,淘宝,4,喜爱角色|收藏完整度,预售周期过长|品质或材质不确定,5,5,4,54,38,63,89,120,4,4,希望角色立绘还原准确，材质和尺寸说明写清楚。,希望官方增加实物细节图，并说明售后和补款规则。,True,synthetic_persona,20260903,False,core_buyer
SYN-0019,SYN-U-0019,2026-09-03 03:13:00+00:00,True,simulated_weibo,323,v2.2-synthetic,official_or_licensed_only,A,23～26岁,新一线,1,46,340,True,2180,8,青年玩家,凛御银灰,新约能天使,赤刃明霄陈,凛御银灰,通行证,3,46,淘宝,5,实用功能|视觉设计或立绘表现|收藏完整度,运费偏高|价格偏高|已有同类商品过多,4,5,3,27,21,37,53,76,3,3,更愿意购买有实用性的联名商品，不希望只换图重复销售。,希望官方增加实物细节图，并说明售后和补款规则。,True,synthetic_persona,20260903,False,core_buyer
SYN-0020,SYN-U-0020,2026-09-03 03:21:00+00:00,True,simulated_weibo,185,v2.2-synthetic,official_or_licensed_only,A,36岁及以上,二线,12,59,150,False,0,0,青年玩家,贝洛内,余,怒潮凛冬,贝洛内,装饰摆件,1,71,其他,4,支持IP或创作者|实用功能,价格偏高|售后不便|设计不符合预期,4,4,4,50,39,62,93,123,1,4,希望角色立绘还原准确，材质和尺寸说明写清楚。,,True,synthetic_persona,20260903,False,observer
SYN-0021,SYN-U-0021,2026-09-03 03:27:00+00:00,True,simulated_player_community,258,v2.2-synthetic,official_or_licensed_only,B,18～22岁,新一线,28,3,60,True,90,2,大学生玩家,凯尔希·思衡托,重岳,黍,凯尔希·思衡托,吧唧（徽章）,4,23,官方商城,3,视觉设计或立绘表现|喜爱角色|支持IP或创作者,预售周期过长|价格偏高,5,5,4,30,10,18,26,40,5,3,价格合理的情况下，希望同系列角色能够持续补全。,希望角色立绘还原准确，材质和尺寸说明写清楚。,True,synthetic_persona,20260903,False,occasional_buyer
SYN-0022,SYN-U-0022,2026-09-03 03:38:00+00:00,True,simulated_bilibili,235,v2.2-synthetic,official_or_licensed_only,B,18～22岁,新一线,16,41,50,False,0,0,大学生玩家,佩佩,望,凯尔希·思衡托,佩佩,装饰摆件,3,49,官方商城,2,喜爱角色|支持IP或创作者|限定或联名属性,品质或材质不确定|设计不符合预期,4,4,3,51,22,43,58,72,4,2,价格合理的情况下，希望同系列角色能够持续补全。,希望官方增加实物细节图，并说明售后和补款规则。,True,synthetic_persona,20260903,False,observer
SYN-0023,SYN-U-0023,2026-09-03 03:43:00+00:00,True,simulated_bilibili,379,v2.2-synthetic,official_or_licensed_only,B,18～22岁,新一线,21,3,60,True,200,5,大学生玩家,佩佩,结城理,余,佩佩,吧唧（徽章）,3,24,官方商城,4,喜爱角色|视觉设计或立绘表现,价格偏高|发货进度不透明,5,5,3,41,10,21,31,46,3,3,,价格合理的情况下，希望同系列角色能够持续补全。,True,synthetic_persona,20260903,False,core_buyer
SYN-0024,SYN-U-0024,2026-09-03 03:48:00+00:00,True,simulated_bilibili,281,v2.2-synthetic,official_or_licensed_only,B,18～22岁,三线及以下,27,52,90,True,420,10,大学生玩家,凛御银灰,贝洛内,死芒,凛御银灰,亚克力制品,4,63,淘宝,4,收藏完整度|喜爱角色|视觉设计或立绘表现,商品缺乏实用性|运费偏高,4,5,3,36,25,53,72,96,4,3,希望角色立绘还原准确，材质和尺寸说明写清楚。,更愿意购买有实用性的联名商品，不希望只换图重复销售。,True,synthetic_persona,20260903,False,core_buyer
SYN-0025,SYN-U-0025,2026-09-03 03:55:00+00:00,True,simulated_player_community,260,v2.2-synthetic,official_or_licensed_only,A,18～22岁,一线,18,21,50,False,0,0,大学生玩家,维娜·维多利亚,塑心,余,维娜·维多利亚,吧唧（徽章）,3,21,淘宝,4,限定或联名属性|喜爱角色,设计不符合预期|预售周期过长|商品缺乏实用性,3,4,4,20,10,19,27,41,4,3,可以先做小批量预售，并及时同步生产和发货进度。,,True,synthetic_persona,20260903,False,observer
SYN-0026,SYN-U-0026,2026-09-03 04:03:00+00:00,True,simulated_bilibili,358,v2.2-synthetic,official_or_licensed_only,A,18～22岁,三线及以下,21,62,80,True,280,4,大学生玩家,Mon3tr,凯尔希·思衡托,结城理,Mon3tr,亚克力制品,4,62,其他,3,支持IP或创作者|价格与性价比,品质或材质不确定|价格偏高|设计不符合预期,4,4,2,53,35,52,82,117,4,3,更愿意购买有实用性的联名商品，不希望只换图重复销售。,,True,synthetic_persona,20260903,False,core_buyer
SYN-0027,SYN-U-0027,2026-09-03 04:11:00+00:00,True,simulated_weibo,290,v2.2-synthetic,official_or_licensed_only,B,31～35岁,三线及以下,13,63,170,True,720,7,青年玩家,维娜·维多利亚,酒神,凯尔希·思衡托,维娜·维多利亚,通行证,3,49,淘宝,4,限定或联名属性|支持IP或创作者,品质或材质不确定|运费偏高,4,5,3,32,28,44,55,73,3,3,价格合理的情况下，希望同系列角色能够持续补全。,价格合理的情况下，希望同系列角色能够持续补全。,True,synthetic_persona,20260903,False,core_buyer
SYN-0028,SYN-U-0028,2026-09-03 04:19:00+00:00,True,simulated_bilibili,394,v2.2-synthetic,official_or_licensed_only,B,18～22岁,一线,30,61,70,True,80,5,大学生玩家,予愿安洁莉娜,死芒,黍,予愿安洁莉娜,手办模玩,4,384,品牌直播间,4,收藏完整度|喜爱角色|支持IP或创作者,价格偏高|预售周期过长,4,5,4,234,222,346,467,707,4,4,可以先做小批量预售，并及时同步生产和发货进度。,希望角色立绘还原准确，材质和尺寸说明写清楚。,True,synthetic_persona,20260903,False,core_buyer
SYN-0029,SYN-U-0029,2026-09-03 04:27:00+00:00,True,simulated_weibo,390,v2.2-synthetic,official_or_licensed_only,A,18～22岁,二线,27,37,120,True,260,6,大学生玩家,望,娜斯提,Mon3tr,望,通行证,5,55,官方商城,4,实用功能|喜爱角色|社交展示或社区认同,售后不便|预售周期过长,5,4,4,31,20,43,69,106,5,4,希望角色立绘还原准确，材质和尺寸说明写清楚。,希望角色立绘还原准确，材质和尺寸说明写清楚。,True,synthetic_persona,20260903,False,core_buyer
SYN-0030,SYN-U-0030,2026-09-03 04:32:00+00:00,True,simulated_player_community,314,v2.2-synthetic,official_or_licensed_only,B,18～22岁,三线及以下,16,32,130,True,620,6,大学生玩家,怒潮凛冬,Mon3tr,贝洛内,怒潮凛冬,亚克力制品,3,53,官方商城,3,限定或联名属性|喜爱角色|视觉设计或立绘表现,设计不符合预期|价格偏高|运费偏高,3,4,3,42,25,45,70,100,2,3,可以先做小批量预售，并及时同步生产和发货进度。,价格合理的情况下，希望同系列角色能够持续补全。,True,synthetic_persona,20260903,False,core_buyer
SYN-0031,SYN-U-0031,2026-09-03 04:39:00+00:00,True,simulated_player_community,339,v2.2-synthetic,official_or_licensed_only,B,18～22岁,三线及以下,15,29,200,False,0,0,大学生玩家,谬因,纯烬艾雅法拉,死芒,谬因,日用生活,3,97,淘宝,4,喜爱角色|支持IP或创作者|价格与性价比,运费偏高|已有同类商品过多,5,4,3,56,38,82,112,172,4,3,可以先做小批量预售，并及时同步生产和发货进度。,更愿意购买有实用性的联名商品，不希望只换图重复销售。,True,synthetic_persona,20260903,False,observer
SYN-0032,SYN-U-0032,2026-09-03 04:44:00+00:00,True,simulated_player_community,394,v2.2-synthetic,official_or_licensed_only,A,18～22岁,二线,30,40,100,True,280,6,大学生玩家,归溟幽灵鲨,焰狐龙梓兰,Mon3tr,归溟幽灵鲨,亚克力制品,4,58,淘宝,4,收藏完整度|喜爱角色|支持IP或创作者,价格偏高|运费偏高|预售周期过长,3,5,5,42,29,51,73,95,4,4,更愿意购买有实用性的联名商品，不希望只换图重复销售。,希望官方增加实物细节图，并说明售后和补款规则。,True,synthetic_persona,20260903,False,core_buyer
SYN-0033,SYN-U-0033,2026-09-03 04:53:00+00:00,True,simulated_weibo,367,v2.2-synthetic,official_or_licensed_only,B,31～35岁,一线,25,83,130,True,730,5,青年玩家,纯烬艾雅法拉,望,归溟幽灵鲨,纯烬艾雅法拉,吧唧（徽章）,3,21,B站会员购,5,限定或联名属性|价格与性价比|视觉设计或立绘表现,设计不符合预期|运费偏高,4,5,3,44,8,18,24,34,3,4,希望官方增加实物细节图，并说明售后和补款规则。,希望官方增加实物细节图，并说明售后和补款规则。,True,synthetic_persona,20260903,False,core_buyer
SYN-0034,SYN-U-0034,2026-09-03 05:01:00+00:00,True,simulated_player_community,226,v2.2-synthetic,official_or_licensed_only,A,18～22岁,三线及以下,30,38,200,False,0,0,大学生玩家,佩佩,死芒,贝洛内,佩佩,吧唧（徽章）,3,19,淘宝,4,喜爱角色|收藏完整度|实用功能,品质或材质不确定|发货进度不透明,5,4,4,21,9,17,21,30,3,2,价格合理的情况下，希望同系列角色能够持续补全。,可以先做小批量预售，并及时同步生产和发货进度。,True,synthetic_persona,20260903,False,observer
SYN-0035,SYN-U-0035,2026-09-03 05:05:00+00:00,True,simulated_bilibili,274,v2.2-synthetic,official_or_licensed_only,A,36岁及以上,三线及以下,20,69,110,True,760,3,青年玩家,赤刃明霄陈,塑心,斩业星熊,赤刃明霄陈,日用生活,4,126,淘宝,5,实用功能|喜爱角色|收藏完整度,设计不符合预期|已有同类商品过多|品质或材质不确定,4,4,3,75,54,99,152,208,4,3,希望官方增加实物细节图，并说明售后和补款规则。,可以先做小批量预售，并及时同步生产和发货进度。,True,synthetic_persona,20260903,False,core_buyer
SYN-0036,SYN-U-0036,2026-09-03 05:12:00+00:00,True,simulated_weibo,339,v2.2-synthetic,official_or_licensed_only,B,18～22岁,一线,25,54,200,False,0,0,大学生玩家,贝洛内,Mon3tr,纯烬艾雅法拉,贝洛内,亚克力制品,4,53,品牌直播间,3,支持IP或创作者|视觉设计或立绘表现,设计不符合预期|价格偏高,4,4,3,45,21,43,64,91,4,4,可以先做小批量预售，并及时同步生产和发货进度。,希望角色立绘还原准确，材质和尺寸说明写清楚。,True,synthetic_persona,20260903,False,potential_buyer
SYN-0037,SYN-U-0037,2026-09-03 05:23:00+00:00,True,simulated_player_community,458,v2.2-synthetic,official_or_licensed_only,B,31～35岁,新一线,16,70,100,False,0,0,青年玩家,余,归溟幽灵鲨,佩佩,余,亚克力制品,3,56,线下展会或快闪店,3,喜爱角色|限定或联名属性|视觉设计或立绘表现,商品缺乏实用性|价格偏高,4,4,4,33,30,45,63,79,2,3,,希望角色立绘还原准确，材质和尺寸说明写清楚。,True,synthetic_persona,20260903,False,observer
SYN-0038,SYN-U-0038,2026-09-03 05:27:00+00:00,True,simulated_player_community,272,v2.2-synthetic,official_or_licensed_only,B,18～22岁,二线,28,75,100,False,0,0,大学生玩家,凯尔希·思衡托,娜斯提,维娜·维多利亚,凯尔希·思衡托,亚克力制品,4,55,官方商城,3,价格与性价比|收藏完整度|社交展示或社区认同,已有同类商品过多|设计不符合预期,4,4,3,38,30,48,74,108,4,4,希望角色立绘还原准确，材质和尺寸说明写清楚。,希望官方增加实物细节图，并说明售后和补款规则。,True,synthetic_persona,20260903,False,potential_buyer
SYN-0039,SYN-U-0039,2026-09-03 05:35:00+00:00,True,simulated_player_community,203,v2.2-synthetic,official_or_licensed_only,B,18～22岁,一线,24,64,50,True,90,1,大学生玩家,真言,重岳,斩业星熊,真言,吧唧（徽章）,4,23,其他,3,视觉设计或立绘表现|社交展示或社区认同,已有同类商品过多|商品缺乏实用性,4,4,4,35,13,21,29,40,5,3,更愿意购买有实用性的联名商品，不希望只换图重复销售。,希望官方增加实物细节图，并说明售后和补款规则。,True,synthetic_persona,20260903,False,occasional_buyer
SYN-0040,SYN-U-0040,2026-09-03 05:44:00+00:00,True,simulated_bilibili,256,v2.2-synthetic,official_or_licensed_only,A,18～22岁,一线,25,3,110,True,920,7,大学生玩家,望,塑心,Mon3tr,望,亚克力制品,4,66,官方商城,4,价格与性价比|视觉设计或立绘表现,运费偏高|售后不便|预售周期过长,5,4,4,67,38,57,82,117,4,4,希望官方增加实物细节图，并说明售后和补款规则。,更愿意购买有实用性的联名商品，不希望只换图重复销售。,True,synthetic_persona,20260903,False,core_buyer
SYN-0041,SYN-U-0041,2026-09-03 05:48:00+00:00,True,simulated_player_community,245,v2.2-synthetic,official_or_licensed_only,A,18～22岁,新一线,17,48,50,True,80,2,大学生玩家,赤刃明霄陈,死芒,新约能天使,赤刃明霄陈,通行证,5,57,淘宝,3,视觉设计或立绘表现|喜爱角色,设计不符合预期|商品缺乏实用性,4,5,4,55,25,51,71,90,5,3,价格合理的情况下，希望同系列角色能够持续补全。,,True,synthetic_persona,20260903,False,occasional_buyer
SYN-0042,SYN-U-0042,2026-09-03 05:58:00+00:00,True,simulated_weibo,321,v2.2-synthetic,official_or_licensed_only,B,18～22岁,一线,26,51,110,True,310,5,大学生玩家,佩佩,重岳,缄默德克萨斯,佩佩,亚克力制品,3,60,官方商城,4,支持IP或创作者|喜爱角色|社交展示或社区认同,运费偏高|发货进度不透明,5,4,3,57,26,51,69,88,4,2,价格合理的情况下，希望同系列角色能够持续补全。,希望官方增加实物细节图，并说明售后和补款规则。,True,synthetic_persona,20260903,False,core_buyer
SYN-0043,SYN-U-0043,2026-09-03 06:01:00+00:00,True,simulated_bilibili,282,v2.2-synthetic,official_or_licensed_only,B,18～22岁,三线及以下,28,28,80,True,240,3,大学生玩家,娜斯提,Mon3tr,死芒,娜斯提,毛绒玩偶,4,92,线下展会或快闪店,4,支持IP或创作者|收藏完整度|视觉设计或立绘表现,商品缺乏实用性|发货进度不透明,5,5,3,75,41,73,101,146,5,4,,希望角色立绘还原准确，材质和尺寸说明写清楚。,True,synthetic_persona,20260903,False,occasional_buyer
SYN-0044,SYN-U-0044,2026-09-03 06:11:00+00:00,True,simulated_bilibili,297,v2.2-synthetic,official_or_licensed_only,A,18～22岁,三线及以下,16,24,150,False,0,0,大学生玩家,结城理,荒芜拉普兰德,黍,结城理,吧唧（徽章）,2,18,淘宝,2,实用功能|收藏完整度|社交展示或社区认同,设计不符合预期|价格偏高,5,5,4,22,9,14,24,34,2,4,价格合理的情况下，希望同系列角色能够持续补全。,更愿意购买有实用性的联名商品，不希望只换图重复销售。,True,synthetic_persona,20260903,False,observer
SYN-0045,SYN-U-0045,2026-09-03 06:20:00+00:00,True,simulated_bilibili,291,v2.2-synthetic,official_or_licensed_only,A,18～22岁,新一线,22,42,100,False,0,0,大学生玩家,怒潮凛冬,望,新约能天使,怒潮凛冬,装饰摆件,4,80,淘宝,4,实用功能|视觉设计或立绘表现,价格偏高|运费偏高,5,4,3,55,35,66,94,137,4,4,价格合理的情况下，希望同系列角色能够持续补全。,希望官方增加实物细节图，并说明售后和补款规则。,True,synthetic_persona,20260903,False,potential_buyer
SYN-0046,SYN-U-0046,2026-09-03 06:23:00+00:00,True,simulated_weibo,144,v2.2-synthetic,official_or_licensed_only,B,23～26岁,二线,20,56,80,True,180,6,青年玩家,真言,予愿安洁莉娜,司霆惊蛰,真言,毛绒玩偶,4,92,官方商城,3,视觉设计或立绘表现|限定或联名属性,设计不符合预期|商品缺乏实用性|运费偏高,5,5,2,63,40,83,103,148,4,4,可以先做小批量预售，并及时同步生产和发货进度。,希望角色立绘还原准确，材质和尺寸说明写清楚。,True,synthetic_persona,20260903,False,core_buyer
SYN-0047,SYN-U-0047,2026-09-03 06:34:00+00:00,True,simulated_weibo,307,v2.2-synthetic,official_or_licensed_only,A,18～22岁,三线及以下,20,43,100,False,0,0,大学生玩家,凛御银灰,荒芜拉普兰德,望,凛御银灰,亚克力制品,3,49,B站会员购,5,视觉设计或立绘表现|收藏完整度|喜爱角色,售后不便|预售周期过长|运费偏高,5,4,2,35,28,44,64,81,3,3,希望角色立绘还原准确，材质和尺寸说明写清楚。,,True,synthetic_persona,20260903,False,observer
SYN-0048,SYN-U-0048,2026-09-03 06:37:00+00:00,True,simulated_weibo,403,v2.2-synthetic,official_or_licensed_only,A,18～22岁,二线,14,22,60,True,350,7,大学生玩家,凯尔希·思衡托,焰狐龙梓兰,予愿安洁莉娜,凯尔希·思衡托,通行证,4,54,官方商城,4,喜爱角色|限定或联名属性|支持IP或创作者,价格偏高|发货进度不透明|预售周期过长,5,5,2,29,28,47,65,100,5,2,希望角色立绘还原准确，材质和尺寸说明写清楚。,,True,synthetic_persona,20260903,False,core_buyer
SYN-0049,SYN-U-0049,2026-09-03 06:46:00+00:00,True,simulated_weibo,280,v2.2-synthetic,official_or_licensed_only,B,27～30岁,新一线,20,34,100,True,400,6,青年玩家,Mon3tr,斩业星熊,新约能天使,Mon3tr,吧唧（徽章）,4,21,淘宝,3,收藏完整度|视觉设计或立绘表现,设计不符合预期|预售周期过长,4,4,4,40,10,19,28,38,4,3,可以先做小批量预售，并及时同步生产和发货进度。,价格合理的情况下，希望同系列角色能够持续补全。,True,synthetic_persona,20260903,False,core_buyer
SYN-0050,SYN-U-0050,2026-09-03 06:53:00+00:00,True,simulated_player_community,189,v2.2-synthetic,official_or_licensed_only,A,18～22岁,新一线,14,41,240,True,1200,8,大学生玩家,Mon3tr,余,纯烬艾雅法拉,Mon3tr,吧唧（徽章）,3,24,淘宝,5,限定或联名属性|喜爱角色,品质或材质不确定|价格偏高|发货进度不透明,4,4,3,48,11,21,29,43,3,2,希望官方增加实物细节图，并说明售后和补款规则。,价格合理的情况下，希望同系列角色能够持续补全。,True,synthetic_persona,20260903,False,core_buyer
SYN-0051,SYN-U-0051,2026-09-03 07:01:00+00:00,True,simulated_bilibili,259,v2.2-synthetic,official_or_licensed_only,B,18～22岁,三线及以下,9,29,100,False,0,0,大学生玩家,真言,塑心,新约能天使,真言,吧唧（徽章）,2,19,淘宝,3,收藏完整度|视觉设计或立绘表现|限定或联名属性,预售周期过长|价格偏高,4,4,4,21,9,15,25,36,2,3,希望角色立绘还原准确，材质和尺寸说明写清楚。,可以先做小批量预售，并及时同步生产和发货进度。,True,synthetic_persona,20260903,False,observer
SYN-0052,SYN-U-0052,2026-09-03 07:09:00+00:00,True,simulated_bilibili,426,v2.2-synthetic,official_or_licensed_only,A,18～22岁,新一线,30,30,60,True,270,10,大学生玩家,缇缇,Mon3tr,真言,缇缇,吧唧（徽章）,4,25,官方商城,3,喜爱角色|视觉设计或立绘表现,预售周期过长|价格偏高,5,5,4,25,12,21,31,44,5,3,希望官方增加实物细节图，并说明售后和补款规则。,价格合理的情况下，希望同系列角色能够持续补全。,True,synthetic_persona,20260903,False,core_buyer
SYN-0053,SYN-U-0053,2026-09-03 07:14:00+00:00,True,simulated_weibo,299,v2.2-synthetic,official_or_licensed_only,A,18～22岁,二线,2,33,200,False,0,0,大学生玩家,结城理,贝洛内,新约能天使,结城理,日用生活,3,113,线下展会或快闪店,3,实用功能|喜爱角色,已有同类商品过多|预售周期过长,4,5,3,55,56,91,135,186,3,5,更愿意购买有实用性的联名商品，不希望只换图重复销售。,价格合理的情况下，希望同系列角色能够持续补全。,True,synthetic_persona,20260903,False,observer
SYN-0054,SYN-U-0054,2026-09-03 07:20:00+00:00,True,simulated_bilibili,160,v2.2-synthetic,official_or_licensed_only,B,18～22岁,二线,18,13,50,True,310,3,大学生玩家,塑心,重岳,真言,塑心,吧唧（徽章）,5,28,淘宝,4,视觉设计或立绘表现|限定或联名属性|喜爱角色,发货进度不透明|商品缺乏实用性|品质或材质不确定,5,5,5,43,14,23,34,49,5,4,希望官方增加实物细节图，并说明售后和补款规则。,希望角色立绘还原准确，材质和尺寸说明写清楚。,True,synthetic_persona,20260903,False,occasional_buyer
SYN-0055,SYN-U-0055,2026-09-03 07:28:00+00:00,True,simulated_player_community,308,v2.2-synthetic,official_or_licensed_only,A,18～22岁,一线,29,46,120,True,370,7,大学生玩家,死芒,凛御银灰,维娜·维多利亚,死芒,通行证,2,46,官方商城,4,收藏完整度|喜爱角色|支持IP或创作者,设计不符合预期|已有同类商品过多|发货进度不透明,4,5,3,41,18,37,59,88,2,2,价格合理的情况下，希望同系列角色能够持续补全。,价格合理的情况下，希望同系列角色能够持续补全。,True,synthetic_persona,20260903,False,core_buyer
SYN-0056,SYN-U-0056,2026-09-03 07:35:00+00:00,True,simulated_weibo,500,v2.2-synthetic,official_or_licensed_only,A,18～22岁,二线,21,75,100,False,0,0,大学生玩家,死芒,缄默德克萨斯,凛御银灰,死芒,吧唧（徽章）,4,23,官方商城,2,喜爱角色|视觉设计或立绘表现,预售周期过长|价格偏高,4,5,4,28,12,19,29,40,4,5,,希望官方增加实物细节图，并说明售后和补款规则。,True,synthetic_persona,20260903,False,potential_buyer
SYN-0057,SYN-U-0057,2026-09-03 07:42:00+00:00,True,simulated_weibo,100,v2.2-synthetic,official_or_licensed_only,B,23～26岁,二线,18,68,50,True,460,5,青年玩家,贝洛内,缪尔赛思,真言,贝洛内,吧唧（徽章）,3,24,B站会员购,3,视觉设计或立绘表现|喜爱角色,价格偏高|品质或材质不确定|预售周期过长,5,4,3,25,9,19,28,40,4,3,希望角色立绘还原准确，材质和尺寸说明写清楚。,希望官方增加实物细节图，并说明售后和补款规则。,True,synthetic_persona,20260903,False,core_buyer
SYN-0058,SYN-U-0058,2026-09-03 07:50:00+00:00,True,simulated_bilibili,283,v2.2-synthetic,official_or_licensed_only,B,18～22岁,三线及以下,20,61,100,False,0,0,大学生玩家,凯尔希·思衡托,余,真言,凯尔希·思衡托,装饰摆件,3,80,淘宝,4,喜爱角色|限定或联名属性,商品缺乏实用性|预售周期过长|设计不符合预期,5,5,5,54,34,69,89,114,3,4,价格合理的情况下，希望同系列角色能够持续补全。,价格合理的情况下，希望同系列角色能够持续补全。,True,synthetic_persona,20260903,False,observer
SYN-0059,SYN-U-0059,2026-09-03 07:58:00+00:00,True,simulated_weibo,448,v2.2-synthetic,official_or_licensed_only,A,18～22岁,二线,23,61,70,True,220,3,大学生玩家,维娜·维多利亚,怒潮凛冬,真言,维娜·维多利亚,吧唧（徽章）,5,24,官方商城,4,支持IP或创作者|收藏完整度,品质或材质不确定|商品缺乏实用性|运费偏高,4,5,3,27,14,22,28,40,5,3,价格合理的情况下，希望同系列角色能够持续补全。,可以先做小批量预售，并及时同步生产和发货进度。,True,synthetic_persona,20260903,False,occasional_buyer
SYN-0060,SYN-U-0060,2026-09-03 08:02:00+00:00,True,simulated_player_community,235,v2.2-synthetic,official_or_licensed_only,B,18～22岁,二线,21,52,90,True,490,7,大学生玩家,司霆惊蛰,贝洛内,死芒,司霆惊蛰,吧唧（徽章）,5,25,B站会员购,4,收藏完整度|喜爱角色,预售周期过长|发货进度不透明,5,5,5,31,12,19,29,38,5,4,希望角色立绘还原准确，材质和尺寸说明写清楚。,,True,synthetic_persona,20260903,False,core_buyer
SYN-0061,SYN-U-0061,2026-09-03 08:12:00+00:00,True,simulated_bilibili,336,v2.2-synthetic,official_or_licensed_only,A,18～22岁,新一线,30,46,90,True,110,5,大学生玩家,赤刃明霄陈,重岳,死芒,赤刃明霄陈,亚克力制品,3,63,官方商城,4,收藏完整度|支持IP或创作者,价格偏高|担心盗版,5,4,4,47,32,56,84,127,2,3,更愿意购买有实用性的联名商品，不希望只换图重复销售。,希望角色立绘还原准确，材质和尺寸说明写清楚。,True,synthetic_persona,20260903,False,core_buyer
SYN-0062,SYN-U-0062,2026-09-03 08:17:00+00:00,True,simulated_bilibili,267,v2.2-synthetic,official_or_licensed_only,A,18～22岁,二线,25,58,100,False,0,0,大学生玩家,酒神,缇缇,斩业星熊,酒神,装饰摆件,4,80,线下展会或快闪店,3,视觉设计或立绘表现|收藏完整度|支持IP或创作者,价格偏高|设计不符合预期|商品缺乏实用性,4,4,3,40,37,63,106,142,5,2,,,True,synthetic_persona,20260903,False,potential_buyer
SYN-0063,SYN-U-0063,2026-09-03 08:26:00+00:00,True,simulated_player_community,306,v2.2-synthetic,official_or_licensed_only,A,18～22岁,一线,30,31,200,False,0,0,大学生玩家,予愿安洁莉娜,望,塑心,予愿安洁莉娜,通行证,3,41,品牌直播间,5,实用功能|喜爱角色,品质或材质不确定|设计不符合预期|发货进度不透明,4,5,4,20,18,32,54,80,3,3,价格合理的情况下，希望同系列角色能够持续补全。,可以先做小批量预售，并及时同步生产和发货进度。,True,synthetic_persona,20260903,False,observer
SYN-0064,SYN-U-0064,2026-09-03 08:30:00+00:00,True,simulated_bilibili,291,v2.2-synthetic,official_or_licensed_only,A,18～22岁,新一线,21,65,150,False,0,0,大学生玩家,怒潮凛冬,归溟幽灵鲨,贝洛内,怒潮凛冬,毛绒玩偶,4,120,其他,3,视觉设计或立绘表现|喜爱角色|限定或联名属性,品质或材质不确定|发货进度不透明,4,4,5,39,61,99,157,224,4,3,,可以先做小批量预售，并及时同步生产和发货进度。,True,synthetic_persona,20260903,False,potential_buyer
SYN-0065,SYN-U-0065,2026-09-03 08:37:00+00:00,True,simulated_player_community,322,v2.2-synthetic,official_or_licensed_only,A,18～22岁,一线,13,29,60,True,330,6,大学生玩家,凛御银灰,真言,凯尔希·思衡托,凛御银灰,通行证,5,50,B站会员购,4,限定或联名属性|视觉设计或立绘表现|喜爱角色,品质或材质不确定|价格偏高|预售周期过长,3,5,4,42,28,42,60,93,5,4,更愿意购买有实用性的联名商品，不希望只换图重复销售。,更愿意购买有实用性的联名商品，不希望只换图重复销售。,True,synthetic_persona,20260903,False,core_buyer
SYN-0066,SYN-U-0066,2026-09-03 08:42:00+00:00,True,simulated_player_community,337,v2.2-synthetic,official_or_licensed_only,A,18～22岁,二线,23,73,100,True,540,8,大学生玩家,凛御银灰,维娜·维多利亚,塑心,凛御银灰,毛绒玩偶,4,115,B站会员购,4,限定或联名属性|喜爱角色,运费偏高|价格偏高|发货进度不透明,4,4,3,84,58,96,155,196,4,4,希望角色立绘还原准确，材质和尺寸说明写清楚。,,True,synthetic_persona,20260903,False,core_buyer
SYN-0067,SYN-U-0067,2026-09-03 08:53:00+00:00,True,simulated_player_community,250,v2.2-synthetic,official_or_licensed_only,A,23～26岁,一线,29,94,50,True,380,5,青年玩家,凯尔希·思衡托,凛御银灰,缪尔赛思,凯尔希·思衡托,日用生活,3,57,淘宝,3,视觉设计或立绘表现|喜爱角色,运费偏高|商品缺乏实用性|设计不符合预期,5,5,2,92,25,48,68,98,4,3,可以先做小批量预售，并及时同步生产和发货进度。,更愿意购买有实用性的联名商品，不希望只换图重复销售。,True,synthetic_persona,20260903,False,core_buyer
SYN-0068,SYN-U-0068,2026-09-03 09:00:00+00:00,True,simulated_weibo,442,v2.2-synthetic,official_or_licensed_only,A,27～30岁,二线,4,57,110,True,370,5,青年玩家,焰狐龙梓兰,凯尔希·思衡托,贝洛内,焰狐龙梓兰,亚克力制品,4,69,官方商城,5,收藏完整度|限定或联名属性|喜爱角色,预售周期过长|设计不符合预期,4,4,4,62,33,59,89,119,4,3,希望角色立绘还原准确，材质和尺寸说明写清楚。,可以先做小批量预售，并及时同步生产和发货进度。,True,synthetic_persona,20260903,False,core_buyer
SYN-0069,SYN-U-0069,2026-09-03 09:04:00+00:00,True,simulated_weibo,264,v2.2-synthetic,official_or_licensed_only,A,18～22岁,一线,30,31,50,False,0,0,大学生玩家,重岳,酒神,结城理,重岳,吧唧（徽章）,5,24,B站会员购,3,收藏完整度|视觉设计或立绘表现,价格偏高|运费偏高|设计不符合预期,5,4,3,20,13,20,29,36,5,3,希望角色立绘还原准确，材质和尺寸说明写清楚。,希望官方增加实物细节图，并说明售后和补款规则。,True,synthetic_persona,20260903,False,potential_buyer
SYN-0070,SYN-U-0070,2026-09-03 09:12:00+00:00,True,simulated_bilibili,326,v2.2-synthetic,official_or_licensed_only,A,18～22岁,一线,19,3,70,True,160,3,大学生玩家,赤刃明霄陈,酒神,望,赤刃明霄陈,手办模玩,2,384,淘宝,4,视觉设计或立绘表现|喜爱角色,已有同类商品过多|品质或材质不确定|价格偏高,4,5,3,121,212,337,515,644,1,4,希望角色立绘还原准确，材质和尺寸说明写清楚。,价格合理的情况下，希望同系列角色能够持续补全。,True,synthetic_persona,20260903,False,occasional_buyer
SYN-0071,SYN-U-0071,2026-09-03 09:17:00+00:00,True,simulated_bilibili,331,v2.2-synthetic,official_or_licensed_only,A,18～22岁,三线及以下,21,65,200,False,0,0,大学生玩家,维娜·维多利亚,酒神,司霆惊蛰,维娜·维多利亚,亚克力制品,4,63,其他,4,视觉设计或立绘表现|收藏完整度,设计不符合预期|品质或材质不确定,5,5,3,32,29,56,69,88,4,4,更愿意购买有实用性的联名商品，不希望只换图重复销售。,可以先做小批量预售，并及时同步生产和发货进度。,True,synthetic_persona,20260903,False,potential_buyer
SYN-0072,SYN-U-0072,2026-09-03 09:25:00+00:00,True,simulated_player_community,287,v2.2-synthetic,official_or_licensed_only,B,18～22岁,二线,24,23,200,False,0,0,大学生玩家,佩佩,缪尔赛思,司霆惊蛰,佩佩,手办模玩,3,384,B站会员购,3,社交展示或社区认同|喜爱角色|实用功能,已有同类商品过多|售后不便,5,5,3,154,175,329,443,549,4,3,更愿意购买有实用性的联名商品，不希望只换图重复销售。,价格合理的情况下，希望同系列角色能够持续补全。,True,synthetic_persona,20260903,False,observer
SYN-0073,SYN-U-0073,2026-09-03 09:34:00+00:00,True,simulated_bilibili,330,v2.2-synthetic,official_or_licensed_only,A,23～26岁,新一线,2,36,150,True,1000,14,青年玩家,重岳,斩业星熊,赤刃明霄陈,重岳,亚克力制品,3,53,B站会员购,4,喜爱角色|收藏完整度|视觉设计或立绘表现,价格偏高|品质或材质不确定|运费偏高,4,5,3,67,28,43,70,102,2,3,希望角色立绘还原准确，材质和尺寸说明写清楚。,价格合理的情况下，希望同系列角色能够持续补全。,True,synthetic_persona,20260903,False,core_buyer
SYN-0074,SYN-U-0074,2026-09-03 09:38:00+00:00,True,simulated_weibo,340,v2.2-synthetic,official_or_licensed_only,A,18～22岁,二线,14,59,170,True,830,8,大学生玩家,赤刃明霄陈,缪尔赛思,结城理,赤刃明霄陈,亚克力制品,4,58,官方商城,4,收藏完整度|喜爱角色|支持IP或创作者,品质或材质不确定|价格偏高,4,4,4,69,22,45,64,89,5,2,,希望角色立绘还原准确，材质和尺寸说明写清楚。,True,synthetic_persona,20260903,False,core_buyer
SYN-0075,SYN-U-0075,2026-09-03 09:46:00+00:00,True,simulated_weibo,302,v2.2-synthetic,official_or_licensed_only,B,18～22岁,一线,19,29,90,True,170,3,大学生玩家,新约能天使,维娜·维多利亚,荒芜拉普兰德,新约能天使,吧唧（徽章）,2,22,其他,4,实用功能|价格与性价比|限定或联名属性,预售周期过长|商品缺乏实用性|已有同类商品过多,3,4,3,29,11,20,27,34,2,3,,更愿意购买有实用性的联名商品，不希望只换图重复销售。,True,synthetic_persona,20260903,False,occasional_buyer
SYN-0076,SYN-U-0076,2026-09-03 09:55:00+00:00,True,simulated_player_community,360,v2.2-synthetic,official_or_licensed_only,A,18～22岁,新一线,20,51,50,False,0,0,大学生玩家,新约能天使,荒芜拉普兰德,Mon3tr,新约能天使,亚克力制品,2,40,B站会员购,3,限定或联名属性|视觉设计或立绘表现,预售周期过长|发货进度不透明|价格偏高,5,4,4,46,15,32,52,71,2,2,可以先做小批量预售，并及时同步生产和发货进度。,更愿意购买有实用性的联名商品，不希望只换图重复销售。,True,synthetic_persona,20260903,False,observer
SYN-0077,SYN-U-0077,2026-09-03 10:00:00+00:00,True,simulated_weibo,456,v2.2-synthetic,official_or_licensed_only,A,18～22岁,新一线,23,61,90,True,720,6,大学生玩家,缄默德克萨斯,Mon3tr,纯烬艾雅法拉,缄默德克萨斯,亚克力制品,5,65,官方商城,4,实用功能|喜爱角色,品质或材质不确定|担心盗版,4,5,4,52,39,58,80,112,5,2,希望官方增加实物细节图，并说明售后和补款规则。,更愿意购买有实用性的联名商品，不希望只换图重复销售。,True,synthetic_persona,20260903,False,core_buyer
SYN-0078,SYN-U-0078,2026-09-03 10:07:00+00:00,True,simulated_bilibili,266,v2.2-synthetic,official_or_licensed_only,A,18～22岁,一线,20,34,300,False,0,0,大学生玩家,斩业星熊,结城理,凯尔希·思衡托,斩业星熊,手办模玩,4,384,其他,4,限定或联名属性|视觉设计或立绘表现,价格偏高|发货进度不透明|运费偏高,4,4,4,124,167,333,487,619,4,2,更愿意购买有实用性的联名商品，不希望只换图重复销售。,,True,synthetic_persona,20260903,False,potential_buyer
SYN-0079,SYN-U-0079,2026-09-03 10:15:00+00:00,True,simulated_player_community,356,v2.2-synthetic,official_or_licensed_only,B,18～22岁,二线,30,36,200,False,0,0,大学生玩家,赤刃明霄陈,怒潮凛冬,缄默德克萨斯,赤刃明霄陈,亚克力制品,4,56,品牌直播间,3,喜爱角色|视觉设计或立绘表现|限定或联名属性,品质或材质不确定|商品缺乏实用性,4,5,3,38,28,43,63,93,5,3,希望官方增加实物细节图，并说明售后和补款规则。,可以先做小批量预售，并及时同步生产和发货进度。,True,synthetic_persona,20260903,False,potential_buyer
SYN-0080,SYN-U-0080,2026-09-03 10:25:00+00:00,True,simulated_bilibili,244,v2.2-synthetic,official_or_licensed_only,A,27～30岁,二线,20,44,350,True,2130,8,青年玩家,斩业星熊,Mon3tr,荒芜拉普兰德,斩业星熊,日用生活,4,139,品牌直播间,4,限定或联名属性|实用功能,已有同类商品过多|发货进度不透明,4,5,4,79,77,122,153,187,5,3,价格合理的情况下，希望同系列角色能够持续补全。,更愿意购买有实用性的联名商品，不希望只换图重复销售。,True,synthetic_persona,20260903,False,core_buyer
SYN-0081,SYN-U-0081,2026-09-03 10:28:00+00:00,True,simulated_bilibili,377,v2.2-synthetic,official_or_licensed_only,A,23～26岁,三线及以下,18,75,140,True,1000,5,青年玩家,司霆惊蛰,归溟幽灵鲨,怒潮凛冬,司霆惊蛰,吧唧（徽章）,4,24,官方商城,5,喜爱角色|实用功能|收藏完整度,价格偏高|设计不符合预期|运费偏高,4,5,4,27,9,19,27,35,4,3,希望角色立绘还原准确，材质和尺寸说明写清楚。,可以先做小批量预售，并及时同步生产和发货进度。,True,synthetic_persona,20260903,False,core_buyer
SYN-0082,SYN-U-0082,2026-09-03 10:38:00+00:00,True,simulated_bilibili,122,v2.2-synthetic,official_or_licensed_only,A,27～30岁,三线及以下,22,44,50,True,600,8,青年玩家,望,佩佩,缪尔赛思,望,装饰摆件,3,57,其他,3,收藏完整度|喜爱角色,预售周期过长|设计不符合预期,5,4,3,82,31,50,71,90,4,3,希望角色立绘还原准确，材质和尺寸说明写清楚。,更愿意购买有实用性的联名商品，不希望只换图重复销售。,True,synthetic_persona,20260903,False,core_buyer
SYN-0083,SYN-U-0083,2026-09-03 10:44:00+00:00,True,simulated_bilibili,209,v2.2-synthetic,official_or_licensed_only,B,18～22岁,新一线,26,20,200,False,0,0,大学生玩家,焰狐龙梓兰,赤刃明霄陈,重岳,焰狐龙梓兰,毛绒玩偶,3,129,品牌直播间,4,实用功能|价格与性价比|视觉设计或立绘表现,价格偏高|品质或材质不确定,5,4,4,64,62,108,163,225,4,3,可以先做小批量预售，并及时同步生产和发货进度。,,True,synthetic_persona,20260903,False,observer
SYN-0084,SYN-U-0084,2026-09-03 10:52:00+00:00,True,simulated_player_community,312,v2.2-synthetic,official_or_licensed_only,A,18～22岁,二线,17,45,70,True,410,8,大学生玩家,塑心,缪尔赛思,余,塑心,亚克力制品,2,55,B站会员购,2,视觉设计或立绘表现|支持IP或创作者,运费偏高|价格偏高,5,4,5,60,23,46,68,104,2,3,希望官方增加实物细节图，并说明售后和补款规则。,价格合理的情况下，希望同系列角色能够持续补全。,True,synthetic_persona,20260903,False,core_buyer
SYN-0085,SYN-U-0085,2026-09-03 10:55:00+00:00,True,simulated_bilibili,415,v2.2-synthetic,official_or_licensed_only,B,27～30岁,一线,14,44,200,False,0,0,青年玩家,黍,缄默德克萨斯,赤刃明霄陈,黍,毛绒玩偶,2,127,其他,3,视觉设计或立绘表现|喜爱角色,已有同类商品过多|设计不符合预期,4,4,3,64,75,115,154,203,1,2,希望官方增加实物细节图，并说明售后和补款规则。,希望官方增加实物细节图，并说明售后和补款规则。,True,synthetic_persona,20260903,False,observer
SYN-0086,SYN-U-0086,2026-09-03 11:07:00+00:00,True,simulated_player_community,392,v2.2-synthetic,official_or_licensed_only,A,18～22岁,二线,24,50,50,True,180,4,大学生玩家,予愿安洁莉娜,怒潮凛冬,望,予愿安洁莉娜,装饰摆件,4,57,品牌直播间,4,支持IP或创作者|喜爱角色,设计不符合预期|预售周期过长|担心盗版,5,4,3,80,21,45,66,97,5,2,,可以先做小批量预售，并及时同步生产和发货进度。,True,synthetic_persona,20260903,False,core_buyer
SYN-0087,SYN-U-0087,2026-09-03 11:12:00+00:00,True,simulated_weibo,410,v2.2-synthetic,official_or_licensed_only,A,18～22岁,新一线,6,56,100,False,0,0,大学生玩家,死芒,娜斯提,焰狐龙梓兰,死芒,日用生活,4,80,淘宝,3,收藏完整度|价格与性价比,品质或材质不确定|预售周期过长|担心盗版,4,4,3,44,45,68,105,129,5,3,,价格合理的情况下，希望同系列角色能够持续补全。,True,synthetic_persona,20260903,False,potential_buyer
SYN-0088,SYN-U-0088,2026-09-03 11:20:00+00:00,True,simulated_bilibili,407,v2.2-synthetic,official_or_licensed_only,B,18～22岁,一线,29,32,110,True,570,7,大学生玩家,缄默德克萨斯,酒神,真言,缄默德克萨斯,毛绒玩偶,4,126,品牌直播间,4,视觉设计或立绘表现|支持IP或创作者|实用功能,设计不符合预期|价格偏高|商品缺乏实用性,4,4,4,99,66,110,158,244,4,4,可以先做小批量预售，并及时同步生产和发货进度。,价格合理的情况下，希望同系列角色能够持续补全。,True,synthetic_persona,20260903,False,core_buyer
SYN-0089,SYN-U-0089,2026-09-03 11:28:00+00:00,True,simulated_bilibili,395,v2.2-synthetic,official_or_licensed_only,B,31～35岁,二线,7,37,80,True,260,4,青年玩家,真言,予愿安洁莉娜,纯烬艾雅法拉,真言,亚克力制品,3,52,B站会员购,4,喜爱角色|支持IP或创作者,预售周期过长|价格偏高|担心盗版,3,4,3,41,29,44,62,88,4,4,更愿意购买有实用性的联名商品，不希望只换图重复销售。,更愿意购买有实用性的联名商品，不希望只换图重复销售。,True,synthetic_persona,20260903,False,core_buyer
SYN-0090,SYN-U-0090,2026-09-03 11:34:00+00:00,True,simulated_player_community,331,v2.2-synthetic,official_or_licensed_only,B,18～22岁,一线,16,32,50,True,240,3,大学生玩家,余,归溟幽灵鲨,Mon3tr,余,亚克力制品,4,57,B站会员购,3,收藏完整度|喜爱角色,商品缺乏实用性|预售周期过长|品质或材质不确定,4,4,2,40,26,44,65,83,5,4,希望角色立绘还原准确，材质和尺寸说明写清楚。,价格合理的情况下，希望同系列角色能够持续补全。,True,synthetic_persona,20260903,False,occasional_buyer
SYN-0091,SYN-U-0091,2026-09-03 11:42:00+00:00,True,simulated_weibo,264,v2.2-synthetic,official_or_licensed_only,A,18～22岁,三线及以下,17,96,50,False,0,0,大学生玩家,赤刃明霄陈,酒神,怒潮凛冬,赤刃明霄陈,吧唧（徽章）,1,17,B站会员购,2,价格与性价比|实用功能,运费偏高|预售周期过长|商品缺乏实用性,5,5,4,19,8,14,22,33,2,4,希望官方增加实物细节图，并说明售后和补款规则。,可以先做小批量预售，并及时同步生产和发货进度。,True,synthetic_persona,20260903,False,observer
SYN-0092,SYN-U-0092,2026-09-03 11:44:00+00:00,True,simulated_weibo,276,v2.2-synthetic,official_or_licensed_only,B,18～22岁,二线,15,41,90,True,460,6,大学生玩家,望,凛御银灰,Mon3tr,望,日用生活,2,103,B站会员购,4,喜爱角色|支持IP或创作者,价格偏高|发货进度不透明|预售周期过长,4,4,4,51,43,87,135,205,2,3,希望官方增加实物细节图，并说明售后和补款规则。,,True,synthetic_persona,20260903,False,core_buyer
SYN-0093,SYN-U-0093,2026-09-03 11:54:00+00:00,True,simulated_bilibili,392,v2.2-synthetic,official_or_licensed_only,A,18～22岁,三线及以下,19,80,100,True,630,7,大学生玩家,真言,归溟幽灵鲨,予愿安洁莉娜,真言,毛绒玩偶,4,115,淘宝,5,实用功能|社交展示或社区认同,价格偏高|设计不符合预期,5,4,3,90,61,93,136,170,5,4,,,True,synthetic_persona,20260903,False,core_buyer
SYN-0094,SYN-U-0094,2026-09-03 12:03:00+00:00,True,simulated_weibo,275,v2.2-synthetic,official_or_licensed_only,A,18～22岁,一线,29,49,70,True,350,4,大学生玩家,望,新约能天使,凯尔希·思衡托,望,通行证,5,58,品牌直播间,4,支持IP或创作者|喜爱角色,设计不符合预期|预售周期过长,5,4,3,45,24,50,68,100,5,5,可以先做小批量预售，并及时同步生产和发货进度。,希望官方增加实物细节图，并说明售后和补款规则。,True,synthetic_persona,20260903,False,core_buyer
SYN-0095,SYN-U-0095,2026-09-03 12:10:00+00:00,True,simulated_bilibili,224,v2.2-synthetic,official_or_licensed_only,A,18～22岁,一线,19,44,200,False,0,0,大学生玩家,怒潮凛冬,赤刃明霄陈,凯尔希·思衡托,怒潮凛冬,日用生活,4,114,淘宝,2,支持IP或创作者|收藏完整度|视觉设计或立绘表现,发货进度不透明|设计不符合预期,4,5,3,60,62,92,148,227,3,2,希望官方增加实物细节图，并说明售后和补款规则。,价格合理的情况下，希望同系列角色能够持续补全。,True,synthetic_persona,20260903,False,potential_buyer
SYN-0096,SYN-U-0096,2026-09-03 12:16:00+00:00,True,simulated_bilibili,251,v2.2-synthetic,official_or_licensed_only,A,18～22岁,三线及以下,29,36,50,False,0,0,大学生玩家,娜斯提,真言,新约能天使,娜斯提,亚克力制品,4,40,B站会员购,3,收藏完整度|喜爱角色,发货进度不透明|价格偏高,4,5,4,28,20,33,50,74,5,3,可以先做小批量预售，并及时同步生产和发货进度。,,True,synthetic_persona,20260903,False,potential_buyer
SYN-0097,SYN-U-0097,2026-09-03 12:20:00+00:00,True,simulated_player_community,317,v2.2-synthetic,official_or_licensed_only,B,27～30岁,二线,22,57,100,False,0,0,青年玩家,结城理,望,凯尔希·思衡托,结城理,吧唧（徽章）,3,19,线下展会或快闪店,3,支持IP或创作者|收藏完整度,价格偏高|预售周期过长,5,4,3,28,8,15,25,34,3,3,,希望官方增加实物细节图，并说明售后和补款规则。,True,synthetic_persona,20260903,False,observer
SYN-0098,SYN-U-0098,2026-09-03 12:26:00+00:00,True,simulated_bilibili,321,v2.2-synthetic,official_or_licensed_only,A,18～22岁,新一线,19,38,90,True,330,7,大学生玩家,望,怒潮凛冬,佩佩,望,亚克力制品,3,62,淘宝,3,喜爱角色|社交展示或社区认同,商品缺乏实用性|已有同类商品过多,5,4,4,36,32,53,83,101,4,3,可以先做小批量预售，并及时同步生产和发货进度。,更愿意购买有实用性的联名商品，不希望只换图重复销售。,True,synthetic_persona,20260903,False,core_buyer
SYN-0099,SYN-U-0099,2026-09-03 12:35:00+00:00,True,simulated_weibo,337,v2.2-synthetic,official_or_licensed_only,B,36岁及以上,二线,17,87,200,True,880,3,青年玩家,荒芜拉普兰德,司霆惊蛰,娜斯提,荒芜拉普兰德,通行证,4,56,淘宝,4,收藏完整度|限定或联名属性|社交展示或社区认同,设计不符合预期|预售周期过长,4,5,2,51,25,48,73,96,4,5,希望角色立绘还原准确，材质和尺寸说明写清楚。,,True,synthetic_persona,20260903,False,core_buyer
SYN-0100,SYN-U-0100,2026-09-03 12:41:00+00:00,True,simulated_bilibili,341,v2.2-synthetic,official_or_licensed_only,A,23～26岁,新一线,9,36,70,True,310,5,青年玩家,佩佩,焰狐龙梓兰,司霆惊蛰,佩佩,毛绒玩偶,3,80,淘宝,4,喜爱角色|视觉设计或立绘表现,发货进度不透明|品质或材质不确定|已有同类商品过多,4,5,4,82,36,66,96,140,3,4,更愿意购买有实用性的联名商品，不希望只换图重复销售。,价格合理的情况下，希望同系列角色能够持续补全。,True,synthetic_persona,20260903,False,core_buyer
SYN-0101,SYN-U-0101,2026-09-03 12:47:00+00:00,True,simulated_bilibili,326,v2.2-synthetic,official_or_licensed_only,B,18～22岁,新一线,17,54,60,True,290,4,大学生玩家,佩佩,Mon3tr,死芒,佩佩,亚克力制品,3,56,淘宝,4,支持IP或创作者|实用功能,品质或材质不确定|价格偏高,5,4,4,43,27,44,63,81,4,3,更愿意购买有实用性的联名商品，不希望只换图重复销售。,价格合理的情况下，希望同系列角色能够持续补全。,True,synthetic_persona,20260903,False,core_buyer
SYN-0102,SYN-U-0102,2026-09-03 12:57:00+00:00,True,simulated_bilibili,297,v2.2-synthetic,official_or_licensed_only,B,31～35岁,二线,21,56,80,True,430,6,青年玩家,焰狐龙梓兰,司霆惊蛰,余,焰狐龙梓兰,毛绒玩偶,3,92,淘宝,3,价格与性价比|收藏完整度,运费偏高|价格偏高|设计不符合预期,4,4,4,114,53,83,118,157,4,3,价格合理的情况下，希望同系列角色能够持续补全。,希望官方增加实物细节图，并说明售后和补款规则。,True,synthetic_persona,20260903,False,core_buyer
SYN-0103,SYN-U-0103,2026-09-03 13:01:00+00:00,True,simulated_player_community,193,v2.2-synthetic,official_or_licensed_only,A,18～22岁,一线,9,26,0,False,0,0,大学生玩家,重岳,黍,斩业星熊,重岳,通行证,4,21,淘宝,4,视觉设计或立绘表现|收藏完整度|喜爱角色,价格偏高|品质或材质不确定,4,4,3,25,9,17,27,35,4,2,可以先做小批量预售，并及时同步生产和发货进度。,价格合理的情况下，希望同系列角色能够持续补全。,True,synthetic_persona,20260903,False,potential_buyer
SYN-0104,SYN-U-0104,2026-09-03 13:10:00+00:00,True,simulated_player_community,381,v2.2-synthetic,official_or_licensed_only,A,18～22岁,一线,21,67,50,True,140,2,大学生玩家,纯烬艾雅法拉,谬因,予愿安洁莉娜,纯烬艾雅法拉,亚克力制品,3,57,官方商城,4,收藏完整度|支持IP或创作者|喜爱角色,预售周期过长|发货进度不透明,4,4,4,64,31,46,64,96,3,5,希望官方增加实物细节图，并说明售后和补款规则。,可以先做小批量预售，并及时同步生产和发货进度。,True,synthetic_persona,20260903,False,occasional_buyer
SYN-0105,SYN-U-0105,2026-09-03 13:19:00+00:00,True,simulated_bilibili,301,v2.2-synthetic,official_or_licensed_only,B,18～22岁,二线,17,62,90,True,360,7,大学生玩家,归溟幽灵鲨,焰狐龙梓兰,余,归溟幽灵鲨,装饰摆件,4,103,淘宝,4,视觉设计或立绘表现|限定或联名属性,发货进度不透明|商品缺乏实用性,5,4,3,63,38,83,130,196,4,2,希望官方增加实物细节图，并说明售后和补款规则。,,True,synthetic_persona,20260903,False,core_buyer
SYN-0106,SYN-U-0106,2026-09-03 13:23:00+00:00,True,simulated_player_community,360,v2.2-synthetic,official_or_licensed_only,A,18～22岁,一线,17,61,60,True,380,3,大学生玩家,凛御银灰,真言,重岳,凛御银灰,日用生活,3,69,淘宝,2,支持IP或创作者|收藏完整度,发货进度不透明|预售周期过长,4,4,4,86,35,58,76,117,5,3,更愿意购买有实用性的联名商品，不希望只换图重复销售。,更愿意购买有实用性的联名商品，不希望只换图重复销售。,True,synthetic_persona,20260903,False,occasional_buyer
SYN-0107,SYN-U-0107,2026-09-03 13:34:00+00:00,True,simulated_player_community,294,v2.2-synthetic,official_or_licensed_only,B,18～22岁,一线,16,49,80,True,150,4,大学生玩家,焰狐龙梓兰,归溟幽灵鲨,Mon3tr,焰狐龙梓兰,毛绒玩偶,4,92,线下展会或快闪店,3,喜爱角色|限定或联名属性,担心盗版|已有同类商品过多,5,5,4,63,53,79,116,149,5,4,希望官方增加实物细节图，并说明售后和补款规则。,价格合理的情况下，希望同系列角色能够持续补全。,True,synthetic_persona,20260903,False,core_buyer
SYN-0108,SYN-U-0108,2026-09-03 13:41:00+00:00,True,simulated_bilibili,280,v2.2-synthetic,official_or_licensed_only,B,18～22岁,三线及以下,29,24,110,True,490,4,大学生玩家,予愿安洁莉娜,娜斯提,维娜·维多利亚,予愿安洁莉娜,毛绒玩偶,4,126,线下展会或快闪店,4,喜爱角色|限定或联名属性,设计不符合预期|价格偏高|品质或材质不确定,5,4,4,108,58,107,170,213,3,4,希望角色立绘还原准确，材质和尺寸说明写清楚。,更愿意购买有实用性的联名商品，不希望只换图重复销售。,True,synthetic_persona,20260903,False,core_buyer
SYN-0109,SYN-U-0109,2026-09-03 13:47:00+00:00,True,simulated_bilibili,278,v2.2-synthetic,official_or_licensed_only,A,18～22岁,新一线,19,51,210,True,1360,7,大学生玩家,黍,予愿安洁莉娜,Mon3tr,黍,亚克力制品,2,49,线下展会或快闪店,4,限定或联名属性|社交展示或社区认同|支持IP或创作者,设计不符合预期|品质或材质不确定,5,4,3,49,26,42,66,90,3,3,希望角色立绘还原准确，材质和尺寸说明写清楚。,价格合理的情况下，希望同系列角色能够持续补全。,True,synthetic_persona,20260903,False,core_buyer
SYN-0110,SYN-U-0110,2026-09-03 13:54:00+00:00,True,simulated_player_community,182,v2.2-synthetic,official_or_licensed_only,A,36岁及以上,新一线,11,59,160,True,1040,8,青年玩家,凛御银灰,酒神,焰狐龙梓兰,凛御银灰,吧唧（徽章）,4,26,官方商城,4,视觉设计或立绘表现|支持IP或创作者,设计不符合预期|品质或材质不确定|价格偏高,5,5,4,40,15,23,29,39,3,3,更愿意购买有实用性的联名商品，不希望只换图重复销售。,希望角色立绘还原准确，材质和尺寸说明写清楚。,True,synthetic_persona,20260903,False,core_buyer
SYN-0111,SYN-U-0111,2026-09-03 13:59:00+00:00,True,simulated_bilibili,279,v2.2-synthetic,official_or_licensed_only,B,18～22岁,一线,25,27,70,True,270,5,大学生玩家,死芒,缄默德克萨斯,塑心,死芒,亚克力制品,4,60,B站会员购,5,限定或联名属性|喜爱角色|视觉设计或立绘表现,设计不符合预期|运费偏高|品质或材质不确定,5,4,3,42,27,52,69,87,5,4,希望官方增加实物细节图，并说明售后和补款规则。,,True,synthetic_persona,20260903,False,core_buyer
SYN-0112,SYN-U-0112,2026-09-03 14:04:00+00:00,True,simulated_bilibili,457,v2.2-synthetic,official_or_licensed_only,B,23～26岁,新一线,14,55,290,True,1500,9,青年玩家,缄默德克萨斯,赤刃明霄陈,黍,缄默德克萨斯,日用生活,2,106,官方商城,4,收藏完整度|实用功能|喜爱角色,品质或材质不确定|设计不符合预期|已有同类商品过多,5,4,2,68,57,93,138,191,2,3,希望角色立绘还原准确，材质和尺寸说明写清楚。,更愿意购买有实用性的联名商品，不希望只换图重复销售。,True,synthetic_persona,20260903,False,core_buyer
SYN-0113,SYN-U-0113,2026-09-03 14:11:00+00:00,True,simulated_weibo,349,v2.2-synthetic,official_or_licensed_only,B,18～22岁,一线,6,31,50,True,300,6,大学生玩家,司霆惊蛰,归溟幽灵鲨,佩佩,司霆惊蛰,通行证,3,43,官方商城,4,实用功能|收藏完整度,运费偏高|设计不符合预期,5,5,3,48,21,39,52,74,3,3,,更愿意购买有实用性的联名商品，不希望只换图重复销售。,True,synthetic_persona,20260903,False,core_buyer
SYN-0114,SYN-U-0114,2026-09-03 14:19:00+00:00,True,simulated_weibo,199,v2.2-synthetic,official_or_licensed_only,B,18～22岁,新一线,27,38,50,True,200,7,大学生玩家,归溟幽灵鲨,贝洛内,真言,归溟幽灵鲨,吧唧（徽章）,4,24,官方商城,4,喜爱角色|价格与性价比,预售周期过长|发货进度不透明|价格偏高,5,5,3,33,12,18,27,35,4,2,希望角色立绘还原准确，材质和尺寸说明写清楚。,价格合理的情况下，希望同系列角色能够持续补全。,True,synthetic_persona,20260903,False,core_buyer
SYN-0115,SYN-U-0115,2026-09-03 14:25:00+00:00,True,simulated_bilibili,264,v2.2-synthetic,official_or_licensed_only,B,27～30岁,一线,20,63,220,True,1050,3,青年玩家,缪尔赛思,缇缇,怒潮凛冬,缪尔赛思,手办模玩,3,384,B站会员购,3,喜爱角色|限定或联名属性|收藏完整度,设计不符合预期|价格偏高|预售周期过长,5,4,3,160,160,307,469,696,3,4,希望官方增加实物细节图，并说明售后和补款规则。,希望角色立绘还原准确，材质和尺寸说明写清楚。,True,synthetic_persona,20260903,False,core_buyer
SYN-0116,SYN-U-0116,2026-09-03 14:34:00+00:00,True,simulated_bilibili,407,v2.2-synthetic,official_or_licensed_only,B,18～22岁,新一线,14,28,140,True,950,8,大学生玩家,怒潮凛冬,结城理,缇缇,怒潮凛冬,通行证,4,56,线下展会或快闪店,3,喜爱角色|视觉设计或立绘表现,价格偏高|预售周期过长|设计不符合预期,4,5,3,37,25,43,73,107,5,4,,可以先做小批量预售，并及时同步生产和发货进度。,True,synthetic_persona,20260903,False,core_buyer
SYN-0117,SYN-U-0117,2026-09-03 14:44:00+00:00,True,simulated_bilibili,357,v2.2-synthetic,official_or_licensed_only,A,18～22岁,新一线,10,6,50,False,0,0,大学生玩家,重岳,维娜·维多利亚,真言,重岳,亚克力制品,3,40,品牌直播间,3,支持IP或创作者|收藏完整度|实用功能,商品缺乏实用性|预售周期过长|品质或材质不确定,5,4,5,36,23,35,54,72,2,4,希望官方增加实物细节图，并说明售后和补款规则。,希望角色立绘还原准确，材质和尺寸说明写清楚。,True,synthetic_persona,20260903,False,observer
SYN-0118,SYN-U-0118,2026-09-03 14:51:00+00:00,True,simulated_weibo,273,v2.2-synthetic,official_or_licensed_only,B,18～22岁,二线,24,56,200,False,0,0,大学生玩家,归溟幽灵鲨,谬因,贝洛内,归溟幽灵鲨,装饰摆件,2,86,淘宝,3,限定或联名属性|喜爱角色,预售周期过长|价格偏高,5,5,2,34,40,74,98,144,2,3,可以先做小批量预售，并及时同步生产和发货进度。,更愿意购买有实用性的联名商品，不希望只换图重复销售。,True,synthetic_persona,20260903,False,observer
SYN-0119,SYN-U-0119,2026-09-03 14:53:00+00:00,True,simulated_weibo,246,v2.2-synthetic,official_or_licensed_only,B,18～22岁,二线,25,25,70,True,340,8,大学生玩家,缪尔赛思,维娜·维多利亚,Mon3tr,缪尔赛思,亚克力制品,4,57,线下展会或快闪店,3,视觉设计或立绘表现|喜爱角色,预售周期过长|价格偏高|设计不符合预期,4,4,3,38,21,44,74,103,4,4,可以先做小批量预售，并及时同步生产和发货进度。,价格合理的情况下，希望同系列角色能够持续补全。,True,synthetic_persona,20260903,False,core_buyer
SYN-0120,SYN-U-0120,2026-09-03 15:03:00+00:00,True,simulated_player_community,255,v2.2-synthetic,official_or_licensed_only,A,18～22岁,新一线,18,40,100,True,410,3,大学生玩家,酒神,塑心,真言,酒神,吧唧（徽章）,4,23,官方商城,5,喜爱角色|支持IP或创作者|实用功能,预售周期过长|价格偏高|运费偏高,5,5,3,45,10,18,29,41,4,5,希望角色立绘还原准确，材质和尺寸说明写清楚。,可以先做小批量预售，并及时同步生产和发货进度。,True,synthetic_persona,20260903,False,occasional_buyer
SYN-0121,SYN-U-0121,2026-09-03 15:09:00+00:00,True,simulated_bilibili,214,v2.2-synthetic,official_or_licensed_only,A,18～22岁,二线,16,12,150,False,0,0,大学生玩家,缪尔赛思,司霆惊蛰,贝洛内,缪尔赛思,日用生活,3,103,B站会员购,3,实用功能|支持IP或创作者|限定或联名属性,品质或材质不确定|商品缺乏实用性,5,5,4,39,54,87,118,178,3,4,希望角色立绘还原准确，材质和尺寸说明写清楚。,更愿意购买有实用性的联名商品，不希望只换图重复销售。,True,synthetic_persona,20260903,False,observer
SYN-0122,SYN-U-0122,2026-09-03 15:17:00+00:00,True,simulated_weibo,247,v2.2-synthetic,official_or_licensed_only,B,18～22岁,新一线,23,55,130,True,470,3,大学生玩家,赤刃明霄陈,佩佩,结城理,赤刃明霄陈,吧唧（徽章）,5,25,淘宝,5,喜爱角色|实用功能,已有同类商品过多|预售周期过长|发货进度不透明,4,4,3,27,13,19,33,48,5,5,,可以先做小批量预售，并及时同步生产和发货进度。,True,synthetic_persona,20260903,False,occasional_buyer
SYN-0123,SYN-U-0123,2026-09-03 15:24:00+00:00,True,simulated_weibo,215,v2.2-synthetic,official_or_licensed_only,A,18～22岁,新一线,24,63,60,True,250,6,大学生玩家,荒芜拉普兰德,新约能天使,焰狐龙梓兰,荒芜拉普兰德,亚克力制品,5,61,B站会员购,4,收藏完整度|喜爱角色|价格与性价比,设计不符合预期|预售周期过长,4,5,4,62,24,48,71,98,4,2,希望角色立绘还原准确，材质和尺寸说明写清楚。,可以先做小批量预售，并及时同步生产和发货进度。,True,synthetic_persona,20260903,False,core_buyer
SYN-0124,SYN-U-0124,2026-09-03 15:30:00+00:00,True,simulated_bilibili,334,v2.2-synthetic,official_or_licensed_only,B,23～26岁,新一线,25,54,150,True,510,5,青年玩家,塑心,Mon3tr,缄默德克萨斯,塑心,毛绒玩偶,4,165,官方商城,3,喜爱角色|视觉设计或立绘表现,发货进度不透明|运费偏高,5,4,5,77,90,143,214,326,4,3,希望角色立绘还原准确，材质和尺寸说明写清楚。,更愿意购买有实用性的联名商品，不希望只换图重复销售。,True,synthetic_persona,20260903,False,core_buyer
SYN-0125,SYN-U-0125,2026-09-03 15:38:00+00:00,True,simulated_bilibili,249,v2.2-synthetic,official_or_licensed_only,A,18～22岁,一线,21,46,80,True,420,7,大学生玩家,维娜·维多利亚,凛御银灰,焰狐龙梓兰,维娜·维多利亚,吧唧（徽章）,4,21,B站会员购,3,限定或联名属性|视觉设计或立绘表现,价格偏高|预售周期过长|售后不便,3,4,3,27,10,19,28,35,4,4,可以先做小批量预售，并及时同步生产和发货进度。,希望角色立绘还原准确，材质和尺寸说明写清楚。,True,synthetic_persona,20260903,False,core_buyer
SYN-0126,SYN-U-0126,2026-09-03 15:42:00+00:00,True,simulated_bilibili,215,v2.2-synthetic,official_or_licensed_only,A,18～22岁,新一线,30,3,130,True,200,2,大学生玩家,焰狐龙梓兰,归溟幽灵鲨,新约能天使,焰狐龙梓兰,亚克力制品,4,62,B站会员购,4,实用功能|收藏完整度,发货进度不透明|运费偏高,5,5,3,69,25,53,83,119,4,3,,可以先做小批量预售，并及时同步生产和发货进度。,True,synthetic_persona,20260903,False,occasional_buyer
SYN-0127,SYN-U-0127,2026-09-03 15:50:00+00:00,True,simulated_player_community,285,v2.2-synthetic,official_or_licensed_only,B,18～22岁,二线,20,48,110,True,210,4,大学生玩家,焰狐龙梓兰,缪尔赛思,赤刃明霄陈,焰狐龙梓兰,吧唧（徽章）,4,23,品牌直播间,4,实用功能|喜爱角色|支持IP或创作者,设计不符合预期|预售周期过长,4,5,3,40,10,20,29,42,4,3,更愿意购买有实用性的联名商品，不希望只换图重复销售。,希望官方增加实物细节图，并说明售后和补款规则。,True,synthetic_persona,20260903,False,core_buyer
SYN-0128,SYN-U-0128,2026-09-03 16:00:00+00:00,True,simulated_bilibili,376,v2.2-synthetic,official_or_licensed_only,A,18～22岁,三线及以下,23,22,0,False,0,0,大学生玩家,娜斯提,归溟幽灵鲨,缇缇,娜斯提,毛绒玩偶,3,70,淘宝,2,收藏完整度|视觉设计或立绘表现|喜爱角色,价格偏高|品质或材质不确定,4,4,3,73,36,62,94,125,3,3,更愿意购买有实用性的联名商品，不希望只换图重复销售。,希望官方增加实物细节图，并说明售后和补款规则。,True,synthetic_persona,20260903,False,observer
SYN-0129,SYN-U-0129,2026-09-03 16:06:00+00:00,True,simulated_weibo,290,v2.2-synthetic,official_or_licensed_only,B,18～22岁,新一线,30,83,120,True,150,5,大学生玩家,焰狐龙梓兰,凯尔希·思衡托,荒芜拉普兰德,焰狐龙梓兰,日用生活,4,126,官方商城,4,喜爱角色|限定或联名属性,运费偏高|已有同类商品过多|设计不符合预期,4,5,4,87,60,113,150,187,3,3,可以先做小批量预售，并及时同步生产和发货进度。,价格合理的情况下，希望同系列角色能够持续补全。,True,synthetic_persona,20260903,False,core_buyer
SYN-0130,SYN-U-0130,2026-09-03 16:14:00+00:00,True,simulated_bilibili,281,v2.2-synthetic,official_or_licensed_only,B,18～22岁,二线,30,40,70,True,430,8,大学生玩家,新约能天使,斩业星熊,谬因,新约能天使,通行证,4,47,淘宝,5,价格与性价比|喜爱角色|限定或联名属性,发货进度不透明|预售周期过长,3,4,4,54,23,40,63,83,4,3,希望官方增加实物细节图，并说明售后和补款规则。,价格合理的情况下，希望同系列角色能够持续补全。,True,synthetic_persona,20260903,False,core_buyer
SYN-0131,SYN-U-0131,2026-09-03 16:18:00+00:00,True,simulated_player_community,232,v2.2-synthetic,official_or_licensed_only,B,18～22岁,二线,15,35,150,False,0,0,大学生玩家,佩佩,黍,新约能天使,佩佩,亚克力制品,3,51,品牌直播间,4,收藏完整度|限定或联名属性,预售周期过长|商品缺乏实用性,3,4,3,46,26,41,63,81,4,4,可以先做小批量预售，并及时同步生产和发货进度。,可以先做小批量预售，并及时同步生产和发货进度。,True,synthetic_persona,20260903,False,observer
SYN-0132,SYN-U-0132,2026-09-03 16:26:00+00:00,True,simulated_weibo,297,v2.2-synthetic,official_or_licensed_only,B,18～22岁,新一线,27,50,70,True,120,5,大学生玩家,酒神,新约能天使,凛御银灰,酒神,亚克力制品,4,60,品牌直播间,5,喜爱角色|收藏完整度|视觉设计或立绘表现,商品缺乏实用性|售后不便,5,4,3,53,24,47,72,93,5,3,更愿意购买有实用性的联名商品，不希望只换图重复销售。,,True,synthetic_persona,20260903,False,core_buyer
SYN-0133,SYN-U-0133,2026-09-03 16:33:00+00:00,True,simulated_weibo,261,v2.2-synthetic,official_or_licensed_only,B,18～22岁,一线,24,3,110,True,390,8,大学生玩家,娜斯提,维娜·维多利亚,Mon3tr,娜斯提,吧唧（徽章）,4,25,淘宝,4,视觉设计或立绘表现|社交展示或社区认同|价格与性价比,设计不符合预期|预售周期过长,3,3,3,37,12,19,32,47,5,2,更愿意购买有实用性的联名商品，不希望只换图重复销售。,更愿意购买有实用性的联名商品，不希望只换图重复销售。,True,synthetic_persona,20260903,False,core_buyer
SYN-0134,SYN-U-0134,2026-09-03 16:42:00+00:00,True,simulated_bilibili,356,v2.2-synthetic,official_or_licensed_only,A,18～22岁,新一线,29,14,90,True,380,5,大学生玩家,娜斯提,重岳,凛御银灰,娜斯提,通行证,5,59,品牌直播间,4,实用功能|限定或联名属性,价格偏高|发货进度不透明|品质或材质不确定,5,4,4,55,30,45,72,95,5,4,更愿意购买有实用性的联名商品，不希望只换图重复销售。,更愿意购买有实用性的联名商品，不希望只换图重复销售。,True,synthetic_persona,20260903,False,core_buyer
SYN-0135,SYN-U-0135,2026-09-03 16:45:00+00:00,True,simulated_player_community,354,v2.2-synthetic,official_or_licensed_only,A,18～22岁,一线,27,64,70,True,80,2,大学生玩家,维娜·维多利亚,黍,斩业星熊,维娜·维多利亚,毛绒玩偶,4,80,淘宝,3,实用功能|喜爱角色,价格偏高|售后不便,5,5,3,118,47,69,97,123,4,2,希望角色立绘还原准确，材质和尺寸说明写清楚。,希望角色立绘还原准确，材质和尺寸说明写清楚。,True,synthetic_persona,20260903,False,occasional_buyer
SYN-0136,SYN-U-0136,2026-09-03 16:52:00+00:00,True,simulated_player_community,450,v2.2-synthetic,official_or_licensed_only,A,18～22岁,二线,19,46,90,True,350,5,大学生玩家,真言,塑心,归溟幽灵鲨,真言,日用生活,3,103,其他,4,实用功能|限定或联名属性,预售周期过长|设计不符合预期,3,5,1,75,59,88,133,201,2,3,希望官方增加实物细节图，并说明售后和补款规则。,希望官方增加实物细节图，并说明售后和补款规则。,True,synthetic_persona,20260903,False,core_buyer
SYN-0137,SYN-U-0137,2026-09-03 17:04:00+00:00,True,simulated_bilibili,310,v2.2-synthetic,official_or_licensed_only,B,23～26岁,二线,14,43,180,True,1050,7,青年玩家,斩业星熊,维娜·维多利亚,黍,斩业星熊,毛绒玩偶,3,163,淘宝,4,收藏完整度|限定或联名属性,售后不便|预售周期过长|设计不符合预期,4,4,4,60,83,146,213,301,3,3,希望角色立绘还原准确，材质和尺寸说明写清楚。,,True,synthetic_persona,20260903,False,core_buyer
SYN-0138,SYN-U-0138,2026-09-03 17:08:00+00:00,True,simulated_player_community,142,v2.2-synthetic,official_or_licensed_only,A,18～22岁,二线,13,3,50,True,240,4,大学生玩家,新约能天使,缇缇,荒芜拉普兰德,新约能天使,亚克力制品,3,57,淘宝,3,限定或联名属性|喜爱角色,价格偏高|预售周期过长|设计不符合预期,4,5,5,38,34,51,64,96,3,2,价格合理的情况下，希望同系列角色能够持续补全。,希望官方增加实物细节图，并说明售后和补款规则。,True,synthetic_persona,20260903,False,core_buyer
SYN-0139,SYN-U-0139,2026-09-03 17:14:00+00:00,True,simulated_player_community,329,v2.2-synthetic,official_or_licensed_only,A,18～22岁,新一线,15,28,120,True,500,10,大学生玩家,怒潮凛冬,荒芜拉普兰德,纯烬艾雅法拉,怒潮凛冬,亚克力制品,4,66,B站会员购,5,喜爱角色|收藏完整度,价格偏高|发货进度不透明,4,4,3,47,26,58,76,115,5,2,可以先做小批量预售，并及时同步生产和发货进度。,希望角色立绘还原准确，材质和尺寸说明写清楚。,True,synthetic_persona,20260903,False,core_buyer
SYN-0140,SYN-U-0140,2026-09-03 17:21:00+00:00,True,simulated_weibo,408,v2.2-synthetic,official_or_licensed_only,B,23～26岁,二线,15,18,110,True,420,6,青年玩家,凯尔希·思衡托,维娜·维多利亚,归溟幽灵鲨,凯尔希·思衡托,亚克力制品,3,64,淘宝,4,收藏完整度|视觉设计或立绘表现,价格偏高|已有同类商品过多,3,4,3,40,36,54,81,111,3,4,希望角色立绘还原准确，材质和尺寸说明写清楚。,,True,synthetic_persona,20260903,False,core_buyer
SYN-0141,SYN-U-0141,2026-09-03 17:28:00+00:00,True,simulated_bilibili,360,v2.2-synthetic,official_or_licensed_only,A,18～22岁,新一线,23,19,90,True,430,5,大学生玩家,谬因,凯尔希·思衡托,怒潮凛冬,谬因,吧唧（徽章）,3,23,品牌直播间,4,限定或联名属性|视觉设计或立绘表现,担心盗版|预售周期过长|价格偏高,5,4,4,29,9,20,25,35,3,3,希望角色立绘还原准确，材质和尺寸说明写清楚。,,True,synthetic_persona,20260903,False,core_buyer
SYN-0142,SYN-U-0142,2026-09-03 17:38:00+00:00,True,simulated_bilibili,229,v2.2-synthetic,official_or_licensed_only,B,18～22岁,新一线,23,32,120,True,300,4,大学生玩家,归溟幽灵鲨,维娜·维多利亚,死芒,归溟幽灵鲨,通行证,3,45,线下展会或快闪店,4,视觉设计或立绘表现|喜爱角色|收藏完整度,运费偏高|设计不符合预期|发货进度不透明,4,4,5,34,22,35,51,69,2,4,价格合理的情况下，希望同系列角色能够持续补全。,可以先做小批量预售，并及时同步生产和发货进度。,True,synthetic_persona,20260903,False,core_buyer
SYN-0143,SYN-U-0143,2026-09-03 17:45:00+00:00,True,simulated_player_community,381,v2.2-synthetic,official_or_licensed_only,A,18～22岁,三线及以下,18,34,50,False,0,0,大学生玩家,娜斯提,结城理,真言,娜斯提,亚克力制品,1,40,淘宝,2,收藏完整度|喜爱角色,发货进度不透明|设计不符合预期|价格偏高,3,3,3,25,14,31,50,62,1,4,希望官方增加实物细节图，并说明售后和补款规则。,可以先做小批量预售，并及时同步生产和发货进度。,True,synthetic_persona,20260903,False,observer
SYN-0144,SYN-U-0144,2026-09-03 17:50:00+00:00,True,simulated_player_community,391,v2.2-synthetic,official_or_licensed_only,A,18～22岁,新一线,19,17,200,False,0,0,大学生玩家,怒潮凛冬,赤刃明霄陈,真言,怒潮凛冬,亚克力制品,3,52,B站会员购,4,视觉设计或立绘表现|收藏完整度|喜爱角色,发货进度不透明|预售周期过长,4,5,4,24,24,44,69,91,3,3,价格合理的情况下，希望同系列角色能够持续补全。,可以先做小批量预售，并及时同步生产和发货进度。,True,synthetic_persona,20260903,False,observer
SYN-0145,SYN-U-0145,2026-09-03 18:00:00+00:00,True,simulated_player_community,318,v2.2-synthetic,official_or_licensed_only,B,18～22岁,三线及以下,21,44,50,True,80,2,大学生玩家,凯尔希·思衡托,荒芜拉普兰德,予愿安洁莉娜,凯尔希·思衡托,通行证,5,57,官方商城,4,支持IP或创作者|实用功能|喜爱角色,商品缺乏实用性|预售周期过长,4,4,2,31,24,46,66,94,5,3,价格合理的情况下，希望同系列角色能够持续补全。,希望官方增加实物细节图，并说明售后和补款规则。,True,synthetic_persona,20260903,False,occasional_buyer
SYN-0146,SYN-U-0146,2026-09-03 18:07:00+00:00,True,simulated_player_community,343,v2.2-synthetic,official_or_licensed_only,A,18～22岁,三线及以下,23,63,100,True,110,3,大学生玩家,予愿安洁莉娜,焰狐龙梓兰,谬因,予愿安洁莉娜,吧唧（徽章）,4,26,官方商城,3,喜爱角色|价格与性价比|限定或联名属性,价格偏高|售后不便,4,4,4,45,16,24,34,47,3,2,希望官方增加实物细节图，并说明售后和补款规则。,,True,synthetic_persona,20260903,False,occasional_buyer
SYN-0147,SYN-U-0147,2026-09-03 18:11:00+00:00,True,simulated_weibo,325,v2.2-synthetic,official_or_licensed_only,B,18～22岁,新一线,16,51,150,False,0,0,大学生玩家,结城理,谬因,维娜·维多利亚,结城理,吧唧（徽章）,5,24,B站会员购,3,收藏完整度|支持IP或创作者,设计不符合预期|价格偏高|发货进度不透明,5,5,2,26,12,21,27,38,4,4,可以先做小批量预售，并及时同步生产和发货进度。,希望官方增加实物细节图，并说明售后和补款规则。,True,synthetic_persona,20260903,False,potential_buyer
SYN-0148,SYN-U-0148,2026-09-03 18:17:00+00:00,True,simulated_bilibili,264,v2.2-synthetic,official_or_licensed_only,A,23～26岁,三线及以下,27,28,120,True,510,12,青年玩家,谬因,纯烬艾雅法拉,归溟幽灵鲨,谬因,亚克力制品,4,60,淘宝,4,喜爱角色|社交展示或社区认同,价格偏高|预售周期过长,5,4,3,56,33,48,71,89,4,2,可以先做小批量预售，并及时同步生产和发货进度。,价格合理的情况下，希望同系列角色能够持续补全。,True,synthetic_persona,20260903,False,core_buyer
SYN-0149,SYN-U-0149,2026-09-03 18:23:00+00:00,True,simulated_bilibili,323,v2.2-synthetic,official_or_licensed_only,B,18～22岁,一线,23,19,150,False,0,0,大学生玩家,缄默德克萨斯,娜斯提,余,缄默德克萨斯,亚克力制品,4,52,淘宝,4,收藏完整度|限定或联名属性|社交展示或社区认同,设计不符合预期|预售周期过长|价格偏高,4,5,3,33,27,45,67,87,5,5,价格合理的情况下，希望同系列角色能够持续补全。,价格合理的情况下，希望同系列角色能够持续补全。,True,synthetic_persona,20260903,False,potential_buyer
SYN-0150,SYN-U-0150,2026-09-03 18:31:00+00:00,True,simulated_bilibili,289,v2.2-synthetic,official_or_licensed_only,B,18～22岁,二线,17,35,60,True,470,8,大学生玩家,望,纯烬艾雅法拉,真言,望,通行证,3,43,线下展会或快闪店,3,限定或联名属性|视觉设计或立绘表现,品质或材质不确定|价格偏高|运费偏高,5,4,3,39,22,35,57,72,3,3,希望角色立绘还原准确，材质和尺寸说明写清楚。,希望角色立绘还原准确，材质和尺寸说明写清楚。,True,synthetic_persona,20260903,False,core_buyer
SYN-0151,SYN-U-0151,2026-09-03 18:39:00+00:00,True,simulated_player_community,350,v2.2-synthetic,official_or_licensed_only,A,23～26岁,三线及以下,27,69,150,True,710,8,青年玩家,结城理,纯烬艾雅法拉,凯尔希·思衡托,结城理,通行证,3,49,淘宝,3,限定或联名属性|视觉设计或立绘表现,发货进度不透明|已有同类商品过多,5,4,4,29,22,43,56,72,3,4,可以先做小批量预售，并及时同步生产和发货进度。,希望官方增加实物细节图，并说明售后和补款规则。,True,synthetic_persona,20260903,False,core_buyer
SYN-0152,SYN-U-0152,2026-09-03 18:49:00+00:00,True,simulated_weibo,393,v2.2-synthetic,official_or_licensed_only,A,18～22岁,新一线,28,10,60,True,630,7,大学生玩家,司霆惊蛰,谬因,纯烬艾雅法拉,司霆惊蛰,毛绒玩偶,3,70,B站会员购,4,价格与性价比|限定或联名属性|实用功能,担心盗版|品质或材质不确定,4,5,2,75,34,60,84,123,4,2,希望官方增加实物细节图，并说明售后和补款规则。,希望角色立绘还原准确，材质和尺寸说明写清楚。,True,synthetic_persona,20260903,False,core_buyer
SYN-0153,SYN-U-0153,2026-09-03 18:53:00+00:00,True,simulated_bilibili,283,v2.2-synthetic,official_or_licensed_only,A,18～22岁,二线,20,70,100,False,0,0,大学生玩家,谬因,佩佩,荒芜拉普兰德,谬因,装饰摆件,3,80,B站会员购,3,视觉设计或立绘表现|收藏完整度,价格偏高|品质或材质不确定,4,5,4,35,44,65,96,137,3,4,希望官方增加实物细节图，并说明售后和补款规则。,价格合理的情况下，希望同系列角色能够持续补全。,True,synthetic_persona,20260903,False,observer
SYN-0154,SYN-U-0154,2026-09-03 19:03:00+00:00,True,simulated_player_community,354,v2.2-synthetic,official_or_licensed_only,A,18～22岁,一线,8,49,50,True,260,4,大学生玩家,赤刃明霄陈,予愿安洁莉娜,佩佩,赤刃明霄陈,日用生活,3,57,官方商城,3,喜爱角色|限定或联名属性|支持IP或创作者,售后不便|发货进度不透明|品质或材质不确定,4,4,4,92,22,46,76,107,4,5,价格合理的情况下，希望同系列角色能够持续补全。,,True,synthetic_persona,20260903,False,core_buyer
SYN-0155,SYN-U-0155,2026-09-03 19:10:00+00:00,True,simulated_bilibili,469,v2.2-synthetic,official_or_licensed_only,B,23～26岁,一线,21,46,100,False,0,0,青年玩家,Mon3tr,结城理,余,Mon3tr,装饰摆件,2,80,淘宝,4,社交展示或社区认同|支持IP或创作者|视觉设计或立绘表现,发货进度不透明|价格偏高|售后不便,5,5,5,55,40,72,101,126,1,3,,希望官方增加实物细节图，并说明售后和补款规则。,True,synthetic_persona,20260903,False,observer
SYN-0156,SYN-U-0156,2026-09-03 19:16:00+00:00,True,simulated_player_community,361,v2.2-synthetic,official_or_licensed_only,A,18～22岁,新一线,23,73,60,True,310,5,大学生玩家,死芒,余,佩佩,死芒,亚克力制品,4,58,淘宝,4,收藏完整度|喜爱角色|支持IP或创作者,商品缺乏实用性|设计不符合预期,5,5,5,64,23,48,67,90,4,4,可以先做小批量预售，并及时同步生产和发货进度。,价格合理的情况下，希望同系列角色能够持续补全。,True,synthetic_persona,20260903,False,core_buyer
SYN-0157,SYN-U-0157,2026-09-03 19:22:00+00:00,True,simulated_weibo,294,v2.2-synthetic,official_or_licensed_only,B,18～22岁,二线,21,8,50,True,220,7,大学生玩家,重岳,望,死芒,重岳,通行证,4,50,B站会员购,5,限定或联名属性|视觉设计或立绘表现,售后不便|预售周期过长,4,4,3,53,26,42,58,86,5,4,希望官方增加实物细节图，并说明售后和补款规则。,希望角色立绘还原准确，材质和尺寸说明写清楚。,True,synthetic_persona,20260903,False,core_buyer
SYN-0158,SYN-U-0158,2026-09-03 19:28:00+00:00,True,simulated_bilibili,253,v2.2-synthetic,official_or_licensed_only,A,18～22岁,新一线,13,25,60,True,210,4,大学生玩家,焰狐龙梓兰,死芒,望,焰狐龙梓兰,亚克力制品,4,65,淘宝,4,限定或联名属性|喜爱角色|支持IP或创作者,价格偏高|发货进度不透明|品质或材质不确定,5,5,3,60,28,56,77,101,4,3,更愿意购买有实用性的联名商品，不希望只换图重复销售。,可以先做小批量预售，并及时同步生产和发货进度。,True,synthetic_persona,20260903,False,core_buyer
SYN-0159,SYN-U-0159,2026-09-03 19:36:00+00:00,True,simulated_player_community,281,v2.2-synthetic,official_or_licensed_only,B,18～22岁,二线,20,63,50,True,80,4,大学生玩家,维娜·维多利亚,焰狐龙梓兰,归溟幽灵鲨,维娜·维多利亚,亚克力制品,4,57,B站会员购,4,视觉设计或立绘表现|喜爱角色|限定或联名属性,品质或材质不确定|运费偏高,5,5,3,65,22,47,75,96,3,2,更愿意购买有实用性的联名商品，不希望只换图重复销售。,可以先做小批量预售，并及时同步生产和发货进度。,True,synthetic_persona,20260903,False,core_buyer
SYN-0160,SYN-U-0160,2026-09-03 19:42:00+00:00,True,simulated_bilibili,211,v2.2-synthetic,official_or_licensed_only,A,18～22岁,新一线,20,15,100,True,320,7,大学生玩家,新约能天使,Mon3tr,维娜·维多利亚,新约能天使,装饰摆件,4,115,官方商城,5,喜爱角色|实用功能,预售周期过长|售后不便|发货进度不透明,3,4,4,62,56,93,138,175,5,3,更愿意购买有实用性的联名商品，不希望只换图重复销售。,,True,synthetic_persona,20260903,False,core_buyer
SYN-0161,SYN-U-0161,2026-09-03 19:47:00+00:00,True,simulated_player_community,315,v2.2-synthetic,official_or_licensed_only,A,27～30岁,新一线,13,51,90,True,270,5,青年玩家,酒神,谬因,司霆惊蛰,酒神,毛绒玩偶,3,103,淘宝,2,视觉设计或立绘表现|实用功能|喜爱角色,发货进度不透明|担心盗版,4,4,4,110,54,82,119,154,4,4,价格合理的情况下，希望同系列角色能够持续补全。,希望角色立绘还原准确，材质和尺寸说明写清楚。,True,synthetic_persona,20260903,False,core_buyer
SYN-0162,SYN-U-0162,2026-09-03 19:57:00+00:00,True,simulated_bilibili,242,v2.2-synthetic,official_or_licensed_only,B,18～22岁,二线,30,35,90,True,320,6,大学生玩家,塑心,死芒,凛御银灰,塑心,装饰摆件,3,103,官方商城,3,收藏完整度|喜爱角色,价格偏高|预售周期过长|品质或材质不确定,5,4,3,67,59,87,130,167,4,4,希望官方增加实物细节图，并说明售后和补款规则。,,True,synthetic_persona,20260903,False,core_buyer
SYN-0163,SYN-U-0163,2026-09-03 20:06:00+00:00,True,simulated_bilibili,183,v2.2-synthetic,official_or_licensed_only,A,18～22岁,新一线,15,30,100,True,450,7,大学生玩家,斩业星熊,凛御银灰,缄默德克萨斯,斩业星熊,亚克力制品,5,70,官方商城,3,限定或联名属性|收藏完整度|价格与性价比,预售周期过长|设计不符合预期,4,5,3,46,28,58,90,123,5,3,更愿意购买有实用性的联名商品，不希望只换图重复销售。,希望官方增加实物细节图，并说明售后和补款规则。,True,synthetic_persona,20260903,False,core_buyer
SYN-0164,SYN-U-0164,2026-09-03 20:08:00+00:00,True,simulated_player_community,241,v2.2-synthetic,official_or_licensed_only,A,18～22岁,二线,27,13,50,True,460,4,大学生玩家,酒神,凯尔希·思衡托,维娜·维多利亚,酒神,吧唧（徽章）,3,20,品牌直播间,3,价格与性价比|限定或联名属性|支持IP或创作者,担心盗版|价格偏高|发货进度不透明,5,5,4,38,10,16,26,32,3,5,更愿意购买有实用性的联名商品，不希望只换图重复销售。,希望官方增加实物细节图，并说明售后和补款规则。,True,synthetic_persona,20260903,False,core_buyer
SYN-0165,SYN-U-0165,2026-09-03 20:19:00+00:00,True,simulated_bilibili,447,v2.2-synthetic,official_or_licensed_only,A,27～30岁,新一线,20,33,200,False,0,0,青年玩家,荒芜拉普兰德,余,新约能天使,荒芜拉普兰德,毛绒玩偶,3,127,官方商城,4,视觉设计或立绘表现|收藏完整度,价格偏高|运费偏高,4,4,4,44,57,108,140,210,2,2,可以先做小批量预售，并及时同步生产和发货进度。,希望官方增加实物细节图，并说明售后和补款规则。,True,synthetic_persona,20260903,False,observer
SYN-0166,SYN-U-0166,2026-09-03 20:22:00+00:00,True,simulated_player_community,299,v2.2-synthetic,official_or_licensed_only,B,23～26岁,新一线,20,35,130,True,620,6,青年玩家,新约能天使,Mon3tr,凛御银灰,新约能天使,吧唧（徽章）,4,26,淘宝,4,限定或联名属性|视觉设计或立绘表现,价格偏高|商品缺乏实用性,4,5,3,44,14,23,30,39,4,2,希望角色立绘还原准确，材质和尺寸说明写清楚。,更愿意购买有实用性的联名商品，不希望只换图重复销售。,True,synthetic_persona,20260903,False,core_buyer
SYN-0167,SYN-U-0167,2026-09-03 20:33:00+00:00,True,simulated_player_community,324,v2.2-synthetic,official_or_licensed_only,B,18～22岁,新一线,19,16,110,True,110,4,大学生玩家,缇缇,维娜·维多利亚,佩佩,缇缇,日用生活,5,126,品牌直播间,3,视觉设计或立绘表现|收藏完整度|支持IP或创作者,售后不便|发货进度不透明|预售周期过长,4,4,4,64,65,109,161,203,5,4,希望官方增加实物细节图，并说明售后和补款规则。,希望官方增加实物细节图，并说明售后和补款规则。,True,synthetic_persona,20260903,False,core_buyer
SYN-0168,SYN-U-0168,2026-09-03 20:38:00+00:00,True,simulated_player_community,327,v2.2-synthetic,official_or_licensed_only,A,27～30岁,一线,17,57,90,True,430,6,青年玩家,司霆惊蛰,佩佩,贝洛内,司霆惊蛰,毛绒玩偶,3,103,官方商城,3,支持IP或创作者|收藏完整度,预售周期过长|价格偏高,4,4,5,112,48,83,130,159,3,4,希望角色立绘还原准确，材质和尺寸说明写清楚。,,True,synthetic_persona,20260903,False,core_buyer
SYN-0169,SYN-U-0169,2026-09-03 20:48:00+00:00,True,simulated_player_community,373,v2.2-synthetic,official_or_licensed_only,B,23～26岁,新一线,18,49,60,True,390,7,青年玩家,维娜·维多利亚,凛御银灰,斩业星熊,维娜·维多利亚,吧唧（徽章）,5,25,B站会员购,5,喜爱角色|视觉设计或立绘表现|支持IP或创作者,价格偏高|设计不符合预期,4,5,2,45,11,20,28,37,5,3,希望官方增加实物细节图，并说明售后和补款规则。,可以先做小批量预售，并及时同步生产和发货进度。,True,synthetic_persona,20260903,False,core_buyer
SYN-0170,SYN-U-0170,2026-09-03 20:52:00+00:00,True,simulated_player_community,377,v2.2-synthetic,official_or_licensed_only,B,23～26岁,二线,11,52,80,True,230,5,青年玩家,重岳,新约能天使,予愿安洁莉娜,重岳,吧唧（徽章）,3,23,品牌直播间,4,喜爱角色|限定或联名属性|视觉设计或立绘表现,已有同类商品过多|预售周期过长,4,4,5,31,13,20,31,40,4,4,希望角色立绘还原准确，材质和尺寸说明写清楚。,价格合理的情况下，希望同系列角色能够持续补全。,True,synthetic_persona,20260903,False,core_buyer
SYN-0171,SYN-U-0171,2026-09-03 21:00:00+00:00,True,simulated_player_community,223,v2.2-synthetic,official_or_licensed_only,A,23～26岁,一线,26,96,200,False,0,0,青年玩家,塑心,新约能天使,赤刃明霄陈,塑心,亚克力制品,4,58,品牌直播间,4,收藏完整度|价格与性价比,品质或材质不确定|运费偏高,3,4,4,27,22,47,76,101,3,3,希望官方增加实物细节图，并说明售后和补款规则。,,True,synthetic_persona,20260903,False,potential_buyer
SYN-0172,SYN-U-0172,2026-09-03 21:04:00+00:00,True,simulated_player_community,347,v2.2-synthetic,official_or_licensed_only,A,18～22岁,三线及以下,26,51,80,True,350,5,大学生玩家,维娜·维多利亚,黍,谬因,维娜·维多利亚,亚克力制品,3,62,B站会员购,4,视觉设计或立绘表现|喜爱角色,售后不便|品质或材质不确定,4,3,3,61,27,48,73,112,3,2,希望角色立绘还原准确，材质和尺寸说明写清楚。,更愿意购买有实用性的联名商品，不希望只换图重复销售。,True,synthetic_persona,20260903,False,core_buyer
SYN-0173,SYN-U-0173,2026-09-03 21:14:00+00:00,True,simulated_weibo,406,v2.2-synthetic,official_or_licensed_only,A,27～30岁,二线,12,95,60,True,170,3,青年玩家,凛御银灰,佩佩,赤刃明霄陈,凛御银灰,手办模玩,2,384,官方商城,3,视觉设计或立绘表现|喜爱角色|收藏完整度,发货进度不透明|售后不便,5,5,3,134,204,308,457,659,2,2,,更愿意购买有实用性的联名商品，不希望只换图重复销售。,True,synthetic_persona,20260903,False,occasional_buyer
SYN-0174,SYN-U-0174,2026-09-03 21:23:00+00:00,True,simulated_weibo,328,v2.2-synthetic,official_or_licensed_only,B,18～22岁,三线及以下,20,45,70,True,160,4,大学生玩家,黍,缄默德克萨斯,真言,黍,通行证,4,49,B站会员购,3,支持IP或创作者|限定或联名属性|视觉设计或立绘表现,预售周期过长|设计不符合预期|发货进度不透明,4,4,2,38,25,44,59,90,4,3,可以先做小批量预售，并及时同步生产和发货进度。,希望角色立绘还原准确，材质和尺寸说明写清楚。,True,synthetic_persona,20260903,False,core_buyer
SYN-0175,SYN-U-0175,2026-09-03 21:27:00+00:00,True,simulated_bilibili,218,v2.2-synthetic,official_or_licensed_only,A,18～22岁,一线,26,38,150,False,0,0,大学生玩家,Mon3tr,司霆惊蛰,真言,Mon3tr,亚克力制品,3,58,品牌直播间,3,收藏完整度|喜爱角色|限定或联名属性,价格偏高|设计不符合预期,3,5,4,35,24,48,76,93,4,4,,可以先做小批量预售，并及时同步生产和发货进度。,True,synthetic_persona,20260903,False,observer
SYN-0176,SYN-U-0176,2026-09-03 21:34:00+00:00,True,simulated_weibo,327,v2.2-synthetic,official_or_licensed_only,B,18～22岁,二线,26,53,110,True,520,4,大学生玩家,余,新约能天使,荒芜拉普兰德,余,亚克力制品,4,62,线下展会或快闪店,3,收藏完整度|喜爱角色|视觉设计或立绘表现,价格偏高|运费偏高|预售周期过长,4,4,4,61,26,53,78,119,4,4,价格合理的情况下，希望同系列角色能够持续补全。,更愿意购买有实用性的联名商品，不希望只换图重复销售。,True,synthetic_persona,20260903,False,core_buyer
SYN-0177,SYN-U-0177,2026-09-03 21:43:00+00:00,True,simulated_player_community,217,v2.2-synthetic,official_or_licensed_only,B,18～22岁,三线及以下,22,66,110,True,680,5,大学生玩家,焰狐龙梓兰,佩佩,纯烬艾雅法拉,焰狐龙梓兰,亚克力制品,5,73,B站会员购,4,喜爱角色|视觉设计或立绘表现,价格偏高|运费偏高|预售周期过长,3,4,2,49,38,57,85,117,5,3,,价格合理的情况下，希望同系列角色能够持续补全。,True,synthetic_persona,20260903,False,core_buyer
SYN-0178,SYN-U-0178,2026-09-03 21:48:00+00:00,True,simulated_bilibili,358,v2.2-synthetic,official_or_licensed_only,B,18～22岁,新一线,14,43,90,True,240,4,大学生玩家,佩佩,贝洛内,缄默德克萨斯,佩佩,通行证,3,49,B站会员购,1,喜爱角色|收藏完整度|价格与性价比,品质或材质不确定|设计不符合预期|商品缺乏实用性,4,4,3,54,27,42,60,85,3,3,希望官方增加实物细节图，并说明售后和补款规则。,价格合理的情况下，希望同系列角色能够持续补全。,True,synthetic_persona,20260903,False,core_buyer
SYN-0179,SYN-U-0179,2026-09-03 21:58:00+00:00,True,simulated_player_community,105,v2.2-synthetic,official_or_licensed_only,A,18～22岁,二线,29,23,100,False,0,0,大学生玩家,塑心,维娜·维多利亚,余,塑心,通行证,3,39,淘宝,4,喜爱角色|视觉设计或立绘表现,价格偏高|品质或材质不确定,4,5,3,29,21,35,48,74,3,2,希望角色立绘还原准确，材质和尺寸说明写清楚。,价格合理的情况下，希望同系列角色能够持续补全。,True,synthetic_persona,20260903,False,observer
SYN-0180,SYN-U-0180,2026-09-03 22:04:00+00:00,True,simulated_bilibili,351,v2.2-synthetic,official_or_licensed_only,B,27～30岁,新一线,16,84,100,False,0,0,青年玩家,凯尔希·思衡托,望,纯烬艾雅法拉,凯尔希·思衡托,亚克力制品,2,49,淘宝,4,视觉设计或立绘表现|收藏完整度|喜爱角色,设计不符合预期|品质或材质不确定|价格偏高,5,5,3,28,20,39,59,77,2,3,更愿意购买有实用性的联名商品，不希望只换图重复销售。,更愿意购买有实用性的联名商品，不希望只换图重复销售。,True,synthetic_persona,20260903,False,observer
SYN-0181,SYN-U-0181,2026-09-03 22:12:00+00:00,True,simulated_bilibili,377,v2.2-synthetic,official_or_licensed_only,A,18～22岁,新一线,23,35,50,False,0,0,大学生玩家,斩业星熊,望,维娜·维多利亚,斩业星熊,吧唧（徽章）,3,18,淘宝,4,喜爱角色|实用功能|限定或联名属性,品质或材质不确定|预售周期过长|已有同类商品过多,5,5,2,28,8,15,23,35,2,3,希望官方增加实物细节图，并说明售后和补款规则。,,True,synthetic_persona,20260903,False,observer
SYN-0182,SYN-U-0182,2026-09-03 22:18:00+00:00,True,simulated_weibo,224,v2.2-synthetic,official_or_licensed_only,B,23～26岁,二线,12,45,90,True,480,11,青年玩家,谬因,纯烬艾雅法拉,死芒,谬因,装饰摆件,2,98,B站会员购,2,喜爱角色|社交展示或社区认同|限定或联名属性,担心盗版|设计不符合预期|商品缺乏实用性,4,4,3,64,44,77,124,160,2,4,,,True,synthetic_persona,20260903,False,core_buyer
SYN-0183,SYN-U-0183,2026-09-03 22:24:00+00:00,True,simulated_bilibili,266,v2.2-synthetic,official_or_licensed_only,B,18～22岁,一线,22,53,50,True,220,4,大学生玩家,缄默德克萨斯,佩佩,谬因,缄默德克萨斯,毛绒玩偶,3,70,淘宝,3,收藏完整度|视觉设计或立绘表现|限定或联名属性,预售周期过长|价格偏高|商品缺乏实用性,3,5,2,59,38,61,87,133,4,5,价格合理的情况下，希望同系列角色能够持续补全。,希望角色立绘还原准确，材质和尺寸说明写清楚。,True,synthetic_persona,20260903,False,core_buyer
SYN-0184,SYN-U-0184,2026-09-03 22:33:00+00:00,True,simulated_bilibili,290,v2.2-synthetic,official_or_licensed_only,A,23～26岁,新一线,13,51,250,True,2060,7,青年玩家,新约能天使,凛御银灰,酒神,新约能天使,吧唧（徽章）,3,21,淘宝,3,限定或联名属性|视觉设计或立绘表现,设计不符合预期|运费偏高,5,4,4,42,11,17,28,37,2,3,可以先做小批量预售，并及时同步生产和发货进度。,希望角色立绘还原准确，材质和尺寸说明写清楚。,True,synthetic_persona,20260903,False,core_buyer
SYN-0185,SYN-U-0185,2026-09-03 22:37:00+00:00,True,simulated_weibo,321,v2.2-synthetic,official_or_licensed_only,B,23～26岁,二线,17,57,110,True,850,7,青年玩家,酒神,归溟幽灵鲨,死芒,酒神,毛绒玩偶,4,126,B站会员购,3,限定或联名属性|喜爱角色|支持IP或创作者,设计不符合预期|发货进度不透明|运费偏高,5,5,3,70,64,110,151,224,4,3,更愿意购买有实用性的联名商品，不希望只换图重复销售。,可以先做小批量预售，并及时同步生产和发货进度。,True,synthetic_persona,20260903,False,core_buyer
SYN-0186,SYN-U-0186,2026-09-03 22:47:00+00:00,True,simulated_bilibili,340,v2.2-synthetic,official_or_licensed_only,B,18～22岁,新一线,27,62,50,True,110,4,大学生玩家,缪尔赛思,纯烬艾雅法拉,维娜·维多利亚,缪尔赛思,吧唧（徽章）,4,23,官方商城,4,视觉设计或立绘表现|收藏完整度,发货进度不透明|价格偏高,4,4,3,41,12,18,28,42,4,3,价格合理的情况下，希望同系列角色能够持续补全。,可以先做小批量预售，并及时同步生产和发货进度。,True,synthetic_persona,20260903,False,core_buyer
SYN-0187,SYN-U-0187,2026-09-03 22:52:00+00:00,True,simulated_player_community,341,v2.2-synthetic,official_or_licensed_only,A,18～22岁,一线,23,49,150,False,0,0,大学生玩家,赤刃明霄陈,余,塑心,赤刃明霄陈,毛绒玩偶,3,120,淘宝,2,限定或联名属性|收藏完整度|喜爱角色,已有同类商品过多|运费偏高,4,4,5,67,58,93,137,199,3,2,更愿意购买有实用性的联名商品，不希望只换图重复销售。,更愿意购买有实用性的联名商品，不希望只换图重复销售。,True,synthetic_persona,20260903,False,observer
SYN-0188,SYN-U-0188,2026-09-03 22:56:00+00:00,True,simulated_player_community,316,v2.2-synthetic,official_or_licensed_only,B,18～22岁,三线及以下,27,66,90,True,360,4,大学生玩家,死芒,余,缄默德克萨斯,死芒,吧唧（徽章）,4,24,官方商城,4,限定或联名属性|喜爱角色|视觉设计或立绘表现,发货进度不透明|预售周期过长,4,4,2,47,10,20,29,45,4,3,希望角色立绘还原准确，材质和尺寸说明写清楚。,希望官方增加实物细节图，并说明售后和补款规则。,True,synthetic_persona,20260903,False,core_buyer
SYN-0189,SYN-U-0189,2026-09-03 23:04:00+00:00,True,simulated_player_community,297,v2.2-synthetic,official_or_licensed_only,A,18～22岁,新一线,11,38,100,True,640,6,大学生玩家,酒神,余,怒潮凛冬,酒神,亚克力制品,5,68,淘宝,3,收藏完整度|限定或联名属性,预售周期过长|价格偏高|品质或材质不确定,4,3,3,35,33,56,86,114,5,2,更愿意购买有实用性的联名商品，不希望只换图重复销售。,价格合理的情况下，希望同系列角色能够持续补全。,True,synthetic_persona,20260903,False,core_buyer
SYN-0190,SYN-U-0190,2026-09-03 23:15:00+00:00,True,simulated_bilibili,308,v2.2-synthetic,official_or_licensed_only,A,18～22岁,新一线,18,12,120,True,370,5,大学生玩家,予愿安洁莉娜,赤刃明霄陈,望,予愿安洁莉娜,亚克力制品,3,60,品牌直播间,3,限定或联名属性|喜爱角色,设计不符合预期|价格偏高,4,5,4,65,36,55,78,112,4,3,可以先做小批量预售，并及时同步生产和发货进度。,可以先做小批量预售，并及时同步生产和发货进度。,True,synthetic_persona,20260903,False,core_buyer
SYN-0191,SYN-U-0191,2026-09-03 23:21:00+00:00,True,simulated_weibo,335,v2.2-synthetic,official_or_licensed_only,B,18～22岁,二线,25,58,110,True,580,6,大学生玩家,荒芜拉普兰德,斩业星熊,凛御银灰,荒芜拉普兰德,吧唧（徽章）,4,24,官方商城,3,收藏完整度|实用功能|视觉设计或立绘表现,设计不符合预期|价格偏高,5,5,4,24,9,19,28,36,5,3,希望角色立绘还原准确，材质和尺寸说明写清楚。,可以先做小批量预售，并及时同步生产和发货进度。,True,synthetic_persona,20260903,False,core_buyer
SYN-0192,SYN-U-0192,2026-09-03 23:25:00+00:00,True,simulated_player_community,340,v2.2-synthetic,official_or_licensed_only,A,23～26岁,二线,21,42,210,True,780,5,青年玩家,焰狐龙梓兰,赤刃明霄陈,凯尔希·思衡托,焰狐龙梓兰,手办模玩,4,384,B站会员购,4,支持IP或创作者|收藏完整度|喜爱角色,设计不符合预期|售后不便|品质或材质不确定,4,4,2,123,209,320,510,707,4,5,希望角色立绘还原准确，材质和尺寸说明写清楚。,希望官方增加实物细节图，并说明售后和补款规则。,True,synthetic_persona,20260903,False,core_buyer
SYN-0193,SYN-U-0193,2026-09-03 23:34:00+00:00,True,simulated_bilibili,288,v2.2-synthetic,official_or_licensed_only,B,18～22岁,二线,19,48,60,True,590,5,大学生玩家,纯烬艾雅法拉,维娜·维多利亚,赤刃明霄陈,纯烬艾雅法拉,亚克力制品,4,62,品牌直播间,4,喜爱角色|视觉设计或立绘表现|社交展示或社区认同,品质或材质不确定|运费偏高,4,3,3,57,30,53,83,122,4,2,希望角色立绘还原准确，材质和尺寸说明写清楚。,更愿意购买有实用性的联名商品，不希望只换图重复销售。,True,synthetic_persona,20260903,False,core_buyer
SYN-0194,SYN-U-0194,2026-09-03 23:38:00+00:00,True,simulated_bilibili,466,v2.2-synthetic,official_or_licensed_only,A,18～22岁,新一线,18,32,110,True,790,7,大学生玩家,维娜·维多利亚,真言,余,维娜·维多利亚,亚克力制品,4,60,官方商城,5,实用功能|价格与性价比|收藏完整度,运费偏高|预售周期过长,5,5,4,59,33,50,70,92,4,3,更愿意购买有实用性的联名商品，不希望只换图重复销售。,希望角色立绘还原准确，材质和尺寸说明写清楚。,True,synthetic_persona,20260903,False,core_buyer
SYN-0195,SYN-U-0195,2026-09-03 23:50:00+00:00,True,simulated_player_community,424,v2.2-synthetic,official_or_licensed_only,B,18～22岁,二线,26,21,60,True,240,4,大学生玩家,予愿安洁莉娜,重岳,纯烬艾雅法拉,予愿安洁莉娜,毛绒玩偶,4,70,线下展会或快闪店,4,视觉设计或立绘表现|支持IP或创作者,担心盗版|发货进度不透明,4,5,3,63,29,60,78,97,5,2,,更愿意购买有实用性的联名商品，不希望只换图重复销售。,True,synthetic_persona,20260903,False,core_buyer
SYN-0196,SYN-U-0196,2026-09-03 23:52:00+00:00,True,simulated_player_community,365,v2.2-synthetic,official_or_licensed_only,A,23～26岁,三线及以下,25,60,90,True,960,5,青年玩家,缄默德克萨斯,焰狐龙梓兰,新约能天使,缄默德克萨斯,毛绒玩偶,3,103,淘宝,3,视觉设计或立绘表现|收藏完整度,价格偏高|品质或材质不确定|设计不符合预期,5,5,3,76,45,85,133,204,2,4,价格合理的情况下，希望同系列角色能够持续补全。,价格合理的情况下，希望同系列角色能够持续补全。,True,synthetic_persona,20260903,False,core_buyer
SYN-0197,SYN-U-0197,2026-09-03 23:59:00+00:00,True,simulated_player_community,294,v2.2-synthetic,official_or_licensed_only,A,18～22岁,新一线,26,20,60,True,130,3,大学生玩家,死芒,酒神,Mon3tr,死芒,亚克力制品,5,66,官方商城,5,收藏完整度|价格与性价比,售后不便|设计不符合预期,4,5,4,68,33,60,87,106,5,3,,,True,synthetic_persona,20260903,False,occasional_buyer
SYN-0198,SYN-U-0198,2026-09-04 00:09:00+00:00,True,simulated_player_community,276,v2.2-synthetic,official_or_licensed_only,B,31～35岁,三线及以下,25,79,90,True,490,6,青年玩家,凛御银灰,黍,望,凛御银灰,吧唧（徽章）,4,25,淘宝,3,支持IP或创作者|视觉设计或立绘表现,运费偏高|预售周期过长|设计不符合预期,4,4,3,31,14,22,30,41,3,3,价格合理的情况下，希望同系列角色能够持续补全。,价格合理的情况下，希望同系列角色能够持续补全。,True,synthetic_persona,20260903,False,core_buyer
SYN-0199,SYN-U-0199,2026-09-04 00:18:00+00:00,True,simulated_weibo,435,v2.2-synthetic,official_or_licensed_only,A,18～22岁,一线,25,32,50,True,300,6,大学生玩家,新约能天使,黍,焰狐龙梓兰,新约能天使,毛绒玩偶,5,70,B站会员购,5,视觉设计或立绘表现|喜爱角色|限定或联名属性,发货进度不透明|品质或材质不确定,4,4,3,114,26,55,79,122,5,3,希望角色立绘还原准确，材质和尺寸说明写清楚。,更愿意购买有实用性的联名商品，不希望只换图重复销售。,True,synthetic_persona,20260903,False,core_buyer
SYN-0200,SYN-U-0200,2026-09-04 00:24:00+00:00,True,simulated_player_community,355,v2.2-synthetic,official_or_licensed_only,A,18～22岁,二线,16,38,60,True,290,5,大学生玩家,望,缪尔赛思,塑心,望,吧唧（徽章）,3,21,淘宝,3,收藏完整度|喜爱角色,价格偏高|已有同类商品过多|品质或材质不确定,3,5,4,41,10,19,25,36,2,2,希望官方增加实物细节图，并说明售后和补款规则。,可以先做小批量预售，并及时同步生产和发货进度。,True,synthetic_persona,20260903,False,core_buyer
